<?xml version="1.0" encoding="utf-8"?><gpx creator="Garmin Desktop App" version="1.1" xsi:schemaLocation="http://www.topografix.com/GPX/1/1 http://www.topografix.com/GPX/1/1/gpx.xsd http://www.garmin.com/xmlschemas/WaypointExtension/v1 http://www8.garmin.com/xmlschemas/WaypointExtensionv1.xsd http://www.garmin.com/xmlschemas/TrackPointExtension/v1 http://www.garmin.com/xmlschemas/TrackPointExtensionv1.xsd http://www.garmin.com/xmlschemas/GpxExtensions/v3 http://www8.garmin.com/xmlschemas/GpxExtensionsv3.xsd http://www.garmin.com/xmlschemas/ActivityExtension/v1 http://www8.garmin.com/xmlschemas/ActivityExtensionv1.xsd http://www.garmin.com/xmlschemas/AdventuresExtensions/v1 http://www8.garmin.com/xmlschemas/AdventuresExtensionv1.xsd http://www.garmin.com/xmlschemas/PressureExtension/v1 http://www.garmin.com/xmlschemas/PressureExtensionv1.xsd http://www.garmin.com/xmlschemas/TripExtensions/v1 http://www.garmin.com/xmlschemas/TripExtensionsv1.xsd http://www.garmin.com/xmlschemas/TripMetaDataExtensions/v1 http://www.garmin.com/xmlschemas/TripMetaDataExtensionsv1.xsd http://www.garmin.com/xmlschemas/ViaPointTransportationModeExtensions/v1 http://www.garmin.com/xmlschemas/ViaPointTransportationModeExtensionsv1.xsd http://www.garmin.com/xmlschemas/CreationTimeExtension/v1 http://www.garmin.com/xmlschemas/CreationTimeExtensionsv1.xsd http://www.garmin.com/xmlschemas/AccelerationExtension/v1 http://www.garmin.com/xmlschemas/AccelerationExtensionv1.xsd http://www.garmin.com/xmlschemas/PowerExtension/v1 http://www.garmin.com/xmlschemas/PowerExtensionv1.xsd http://www.garmin.com/xmlschemas/VideoExtension/v1 http://www.garmin.com/xmlschemas/VideoExtensionv1.xsd" xmlns="http://www.topografix.com/GPX/1/1" xmlns:xsi="http://www.w3.org/2001/XMLSchema-instance" xmlns:wptx1="http://www.garmin.com/xmlschemas/WaypointExtension/v1" xmlns:gpxtrx="http://www.garmin.com/xmlschemas/GpxExtensions/v3" xmlns:gpxtpx="http://www.garmin.com/xmlschemas/TrackPointExtension/v1" xmlns:gpxx="http://www.garmin.com/xmlschemas/GpxExtensions/v3" xmlns:trp="http://www.garmin.com/xmlschemas/TripExtensions/v1" xmlns:adv="http://www.garmin.com/xmlschemas/AdventuresExtensions/v1" xmlns:prs="http://www.garmin.com/xmlschemas/PressureExtension/v1" xmlns:tmd="http://www.garmin.com/xmlschemas/TripMetaDataExtensions/v1" xmlns:vptm="http://www.garmin.com/xmlschemas/ViaPointTransportationModeExtensions/v1" xmlns:ctx="http://www.garmin.com/xmlschemas/CreationTimeExtension/v1" xmlns:gpxacc="http://www.garmin.com/xmlschemas/AccelerationExtension/v1" xmlns:gpxpx="http://www.garmin.com/xmlschemas/PowerExtension/v1" xmlns:vidx1="http://www.garmin.com/xmlschemas/VideoExtension/v1">

  <metadata>
    <link href="http://www.garmin.com">
      <text>Garmin International</text>
    </link>
    <time>2025-06-18T12:26:01Z</time>
    <bounds maxlat="28.569938996806741" maxlon="-16.217389991506934" minlat="28.471558000892401" minlon="-16.268887985497713" />
  </metadata>

  <trk>
    <name>Anaga25_2025</name>
    <extensions>
      <gpxx:TrackExtension>
        <gpxx:DisplayColor>Yellow</gpxx:DisplayColor>
      </gpxx:TrackExtension>
    </extensions>
    <trkseg>
      <trkpt lat="28.560345992445946" lon="-16.217389991506934">
        <ele>170.04599999999999</ele>
        <time>2022-05-22T08:50:08Z</time>
      </trkpt>
      <trkpt lat="28.56033300049603" lon="-16.217410024255514">
        <ele>170.08799999999999</ele>
        <time>2022-05-22T08:50:09Z</time>
      </trkpt>
      <trkpt lat="28.560316991060972" lon="-16.217431984841824">
        <ele>170.01599999999999</ele>
        <time>2022-05-22T08:50:10Z</time>
      </trkpt>
      <trkpt lat="28.560297964140773" lon="-16.2174660153687">
        <ele>170.00899999999999</ele>
        <time>2022-05-22T08:50:11Z</time>
      </trkpt>
      <trkpt lat="28.560278015211225" lon="-16.217498034238815">
        <ele>170.095</ele>
        <time>2022-05-22T08:50:12Z</time>
      </trkpt>
      <trkpt lat="28.560258988291025" lon="-16.217528041452169">
        <ele>170.084</ele>
        <time>2022-05-22T08:50:13Z</time>
      </trkpt>
      <trkpt lat="28.560245996341109" lon="-16.217554025352001">
        <ele>169.887</ele>
        <time>2022-05-22T08:50:14Z</time>
      </trkpt>
      <trkpt lat="28.560234010219574" lon="-16.217577997595072">
        <ele>169.619</ele>
        <time>2022-05-22T08:50:15Z</time>
      </trkpt>
      <trkpt lat="28.5602240357548" lon="-16.217597024515271">
        <ele>169.55000000000001</ele>
        <time>2022-05-22T08:50:16Z</time>
      </trkpt>
      <trkpt lat="28.560208026319742" lon="-16.217622002586722">
        <ele>169.31</ele>
        <time>2022-05-22T08:50:17Z</time>
      </trkpt>
      <trkpt lat="28.560195034369826" lon="-16.217651003971696">
        <ele>169.054</ele>
        <time>2022-05-22T08:50:18Z</time>
      </trkpt>
      <trkpt lat="28.560185981914401" lon="-16.217682017013431">
        <ele>168.67400000000001</ele>
        <time>2022-05-22T08:50:19Z</time>
      </trkpt>
      <trkpt lat="28.560176007449627" lon="-16.21770397759974">
        <ele>168.42099999999999</ele>
        <time>2022-05-22T08:50:20Z</time>
      </trkpt>
      <trkpt lat="28.560166032984853" lon="-16.217729961499572">
        <ele>168.06299999999999</ele>
        <time>2022-05-22T08:50:21Z</time>
      </trkpt>
      <trkpt lat="28.560153963044286" lon="-16.217758040875196">
        <ele>167.64400000000001</ele>
        <time>2022-05-22T08:50:22Z</time>
      </trkpt>
      <trkpt lat="28.560147006064653" lon="-16.217788970097899">
        <ele>167.41800000000001</ele>
        <time>2022-05-22T08:50:23Z</time>
      </trkpt>
      <trkpt lat="28.560143988579512" lon="-16.217818977311254">
        <ele>167.50899999999999</ele>
        <time>2022-05-22T08:50:24Z</time>
      </trkpt>
      <trkpt lat="28.560147006064653" lon="-16.217847978696227">
        <ele>167.59700000000001</ele>
        <time>2022-05-22T08:50:25Z</time>
      </trkpt>
      <trkpt lat="28.560163015499711" lon="-16.217872034758329">
        <ele>167.386</ele>
        <time>2022-05-22T08:50:26Z</time>
      </trkpt>
      <trkpt lat="28.560185981914401" lon="-16.2178960070014">
        <ele>166.929</ele>
        <time>2022-05-22T08:50:27Z</time>
      </trkpt>
      <trkpt lat="28.560201991349459" lon="-16.217910004779696">
        <ele>166.73099999999999</ele>
        <time>2022-05-22T08:50:28Z</time>
      </trkpt>
      <trkpt lat="28.5602240357548" lon="-16.217935988679528">
        <ele>166.452</ele>
        <time>2022-05-22T08:50:29Z</time>
      </trkpt>
      <trkpt lat="28.560245996341109" lon="-16.217949986457825">
        <ele>166.15199999999999</ele>
        <time>2022-05-22T08:50:30Z</time>
      </trkpt>
      <trkpt lat="28.560268962755799" lon="-16.217968007549644">
        <ele>165.85599999999999</ele>
        <time>2022-05-22T08:50:31Z</time>
      </trkpt>
      <trkpt lat="28.560294024646282" lon="-16.217977982014418">
        <ele>165.61600000000001</ele>
        <time>2022-05-22T08:50:32Z</time>
      </trkpt>
      <trkpt lat="28.560316991060972" lon="-16.217984016984701">
        <ele>165.49299999999999</ele>
        <time>2022-05-22T08:50:33Z</time>
      </trkpt>
      <trkpt lat="28.560336017981172" lon="-16.217989968135953">
        <ele>165.233</ele>
        <time>2022-05-22T08:50:34Z</time>
      </trkpt>
      <trkpt lat="28.560357978567481" lon="-16.217997008934617">
        <ele>165.023</ele>
        <time>2022-05-22T08:50:36Z</time>
      </trkpt>
      <trkpt lat="28.560386979952455" lon="-16.21800497174263">
        <ele>164.815</ele>
        <time>2022-05-22T08:50:38Z</time>
      </trkpt>
      <trkpt lat="28.560406006872654" lon="-16.218016035854816">
        <ele>164.709</ele>
        <time>2022-05-22T08:50:40Z</time>
      </trkpt>
      <trkpt lat="28.560431990772486" lon="-16.218026010319591">
        <ele>164.654</ele>
        <time>2022-05-22T08:50:42Z</time>
      </trkpt>
      <trkpt lat="28.560444982722402" lon="-16.218049982562661">
        <ele>164.75299999999999</ele>
        <time>2022-05-22T08:50:45Z</time>
      </trkpt>
      <trkpt lat="28.560457974672318" lon="-16.218077978119254">
        <ele>165.54599999999999</ele>
        <time>2022-05-22T08:50:48Z</time>
      </trkpt>
      <trkpt lat="28.560477001592517" lon="-16.218086024746299">
        <ele>165.68799999999999</ele>
        <time>2022-05-22T08:50:51Z</time>
      </trkpt>
      <trkpt lat="28.560493011027575" lon="-16.218099016696215">
        <ele>165.94900000000001</ele>
        <time>2022-05-22T08:50:54Z</time>
      </trkpt>
      <trkpt lat="28.560512037947774" lon="-16.218122988939285">
        <ele>166.53899999999999</ele>
        <time>2022-05-22T08:50:58Z</time>
      </trkpt>
      <trkpt lat="28.56052502989769" lon="-16.218137992545962">
        <ele>166.953</ele>
        <time>2022-05-22T08:51:00Z</time>
      </trkpt>
      <trkpt lat="28.560543972998857" lon="-16.21815400198102">
        <ele>167.34299999999999</ele>
        <time>2022-05-22T08:51:02Z</time>
      </trkpt>
      <trkpt lat="28.560566017404199" lon="-16.218160036951303">
        <ele>167.53999999999999</ele>
        <time>2022-05-22T08:51:04Z</time>
      </trkpt>
      <trkpt lat="28.560585966333747" lon="-16.218164982274175">
        <ele>167.85499999999999</ele>
        <time>2022-05-22T08:51:06Z</time>
      </trkpt>
      <trkpt lat="28.560604993253946" lon="-16.218160036951303">
        <ele>167.80699999999999</ele>
        <time>2022-05-22T08:51:08Z</time>
      </trkpt>
      <trkpt lat="28.560627037659287" lon="-16.218155007809401">
        <ele>167.81700000000001</ele>
        <time>2022-05-22T08:51:10Z</time>
      </trkpt>
      <trkpt lat="28.560645980760455" lon="-16.218155007809401">
        <ele>168.00899999999999</ele>
        <time>2022-05-22T08:51:13Z</time>
      </trkpt>
      <trkpt lat="28.560671964660287" lon="-16.218155007809401">
        <ele>168.29599999999999</ele>
        <time>2022-05-22T08:51:16Z</time>
      </trkpt>
      <trkpt lat="28.560694009065628" lon="-16.218149978667498">
        <ele>168.245</ele>
        <time>2022-05-22T08:51:18Z</time>
      </trkpt>
      <trkpt lat="28.560723010450602" lon="-16.218148972839117">
        <ele>168.43799999999999</ele>
        <time>2022-05-22T08:51:20Z</time>
      </trkpt>
      <trkpt lat="28.560748994350433" lon="-16.218144027516246">
        <ele>168.53999999999999</ele>
        <time>2022-05-22T08:51:23Z</time>
      </trkpt>
      <trkpt lat="28.560771038755774" lon="-16.21813396923244">
        <ele>168.49100000000001</ele>
        <time>2022-05-22T08:51:26Z</time>
      </trkpt>
      <trkpt lat="28.5607869643718" lon="-16.218144027516246">
        <ele>168.84100000000001</ele>
        <time>2022-05-22T08:51:28Z</time>
      </trkpt>
      <trkpt lat="28.560810014605522" lon="-16.218149978667498">
        <ele>169.215</ele>
        <time>2022-05-22T08:51:30Z</time>
      </trkpt>
      <trkpt lat="28.560831975191832" lon="-16.218141010031104">
        <ele>169.17500000000001</ele>
        <time>2022-05-22T08:51:32Z</time>
      </trkpt>
      <trkpt lat="28.560851002112031" lon="-16.218141010031104">
        <ele>169.22200000000001</ele>
        <time>2022-05-22T08:51:36Z</time>
      </trkpt>
      <trkpt lat="28.56087002903223" lon="-16.218137992545962">
        <ele>169.255</ele>
        <time>2022-05-22T08:51:38Z</time>
      </trkpt>
      <trkpt lat="28.560896012932062" lon="-16.218141010031104">
        <ele>169.40700000000001</ele>
        <time>2022-05-22T08:51:40Z</time>
      </trkpt>
      <trkpt lat="28.56091202236712" lon="-16.218155007809401">
        <ele>169.917</ele>
        <time>2022-05-22T08:51:42Z</time>
      </trkpt>
      <trkpt lat="28.560933982953429" lon="-16.218162970617414">
        <ele>170.209</ele>
        <time>2022-05-22T08:51:44Z</time>
      </trkpt>
      <trkpt lat="28.560954015702009" lon="-16.218173028901219">
        <ele>170.64599999999999</ele>
        <time>2022-05-22T08:51:46Z</time>
      </trkpt>
      <trkpt lat="28.560970025137067" lon="-16.218193983659148">
        <ele>171.215</ele>
        <time>2022-05-22T08:51:49Z</time>
      </trkpt>
      <trkpt lat="28.560966001823545" lon="-16.218214016407728">
        <ele>171.71799999999999</ele>
        <time>2022-05-22T08:51:51Z</time>
      </trkpt>
      <trkpt lat="28.560988968238235" lon="-16.218227008357644">
        <ele>172.28</ele>
        <time>2022-05-22T08:51:53Z</time>
      </trkpt>
      <trkpt lat="28.560982011258602" lon="-16.218249974772334">
        <ele>172.84100000000001</ele>
        <time>2022-05-22T08:51:55Z</time>
      </trkpt>
      <trkpt lat="28.56097899377346" lon="-16.218277970328927">
        <ele>173.661</ele>
        <time>2022-05-22T08:51:57Z</time>
      </trkpt>
      <trkpt lat="28.560954015702009" lon="-16.218298003077507">
        <ele>173.98500000000001</ele>
        <time>2022-05-22T08:51:59Z</time>
      </trkpt>
      <trkpt lat="28.560933982953429" lon="-16.218302026391029">
        <ele>173.935</ele>
        <time>2022-05-22T08:52:01Z</time>
      </trkpt>
      <trkpt lat="28.560921996831894" lon="-16.218317029997706">
        <ele>174.292</ele>
        <time>2022-05-22T08:52:06Z</time>
      </trkpt>
      <trkpt lat="28.560917973518372" lon="-16.21834603138268">
        <ele>174.989</ele>
        <time>2022-05-22T08:52:09Z</time>
      </trkpt>
      <trkpt lat="28.560925014317036" lon="-16.218376038596034">
        <ele>175.60599999999999</ele>
        <time>2022-05-22T08:52:12Z</time>
      </trkpt>
      <trkpt lat="28.560915039852262" lon="-16.218402022495866">
        <ele>176.226</ele>
        <time>2022-05-22T08:52:14Z</time>
      </trkpt>
      <trkpt lat="28.560905987396836" lon="-16.218423983082175">
        <ele>176.60900000000001</ele>
        <time>2022-05-22T08:52:16Z</time>
      </trkpt>
      <trkpt lat="28.560896012932062" lon="-16.218450972810388">
        <ele>177.29900000000001</ele>
        <time>2022-05-22T08:52:19Z</time>
      </trkpt>
      <trkpt lat="28.560896012932062" lon="-16.21847502887249">
        <ele>177.858</ele>
        <time>2022-05-22T08:52:21Z</time>
      </trkpt>
      <trkpt lat="28.56089299544692" lon="-16.218505958095193">
        <ele>178.541</ele>
        <time>2022-05-22T08:52:24Z</time>
      </trkpt>
      <trkpt lat="28.560883020982146" lon="-16.218537976965308">
        <ele>179.32300000000001</ele>
        <time>2022-05-22T08:52:27Z</time>
      </trkpt>
      <trkpt lat="28.56087002903223" lon="-16.218554992228746">
        <ele>179.67400000000001</ele>
        <time>2022-05-22T08:52:29Z</time>
      </trkpt>
      <trkpt lat="28.560854019597173" lon="-16.218571001663804">
        <ele>180.01400000000001</ele>
        <time>2022-05-22T08:52:31Z</time>
      </trkpt>
      <trkpt lat="28.560844967141747" lon="-16.218590028584003">
        <ele>180.518</ele>
        <time>2022-05-22T08:52:33Z</time>
      </trkpt>
      <trkpt lat="28.560829041525722" lon="-16.218609977513552">
        <ele>181.078</ele>
        <time>2022-05-22T08:52:36Z</time>
      </trkpt>
      <trkpt lat="28.560813032090664" lon="-16.21862699277699">
        <ele>181.535</ele>
        <time>2022-05-22T08:52:39Z</time>
      </trkpt>
      <trkpt lat="28.560800040140748" lon="-16.218646019697189">
        <ele>182.21600000000001</ele>
        <time>2022-05-22T08:52:41Z</time>
      </trkpt>
      <trkpt lat="28.560773972421885" lon="-16.218650965020061">
        <ele>182.376</ele>
        <time>2022-05-22T08:52:44Z</time>
      </trkpt>
      <trkpt lat="28.560765003785491" lon="-16.218672003597021">
        <ele>183.01300000000001</ele>
        <time>2022-05-22T08:52:46Z</time>
      </trkpt>
      <trkpt lat="28.560757962986827" lon="-16.21869103051722">
        <ele>183.709</ele>
        <time>2022-05-22T08:52:48Z</time>
      </trkpt>
      <trkpt lat="28.560739019885659" lon="-16.218706034123898">
        <ele>184.28200000000001</ele>
        <time>2022-05-22T08:52:51Z</time>
      </trkpt>
      <trkpt lat="28.560729967430234" lon="-16.21873402968049">
        <ele>185.261</ele>
        <time>2022-05-22T08:52:55Z</time>
      </trkpt>
      <trkpt lat="28.56071999296546" lon="-16.218753978610039">
        <ele>185.97399999999999</ele>
        <time>2022-05-22T08:52:57Z</time>
      </trkpt>
      <trkpt lat="28.560703983530402" lon="-16.218769988045096">
        <ele>186.536</ele>
        <time>2022-05-22T08:53:00Z</time>
      </trkpt>
      <trkpt lat="28.560687974095345" lon="-16.218789014965296">
        <ele>187.24700000000001</ele>
        <time>2022-05-22T08:53:03Z</time>
      </trkpt>
      <trkpt lat="28.560674982145429" lon="-16.218808041885495">
        <ele>187.947</ele>
        <time>2022-05-22T08:53:07Z</time>
      </trkpt>
      <trkpt lat="28.560669030994177" lon="-16.218830002471805">
        <ele>188.851</ele>
        <time>2022-05-22T08:53:10Z</time>
      </trkpt>
      <trkpt lat="28.560653021559119" lon="-16.218850035220385">
        <ele>189.541</ele>
        <time>2022-05-22T08:53:13Z</time>
      </trkpt>
      <trkpt lat="28.560645980760455" lon="-16.218868978321552">
        <ele>190.28800000000001</ele>
        <time>2022-05-22T08:53:16Z</time>
      </trkpt>
      <trkpt lat="28.560653021559119" lon="-16.218890016898513">
        <ele>191.191</ele>
        <time>2022-05-22T08:53:18Z</time>
      </trkpt>
      <trkpt lat="28.560656039044261" lon="-16.218914994969964">
        <ele>192.381</ele>
        <time>2022-05-22T08:53:21Z</time>
      </trkpt>
      <trkpt lat="28.560656039044261" lon="-16.218937961384654">
        <ele>193.51900000000001</ele>
        <time>2022-05-22T08:53:23Z</time>
      </trkpt>
      <trkpt lat="28.560653021559119" lon="-16.218965034931898">
        <ele>194.90899999999999</ele>
        <time>2022-05-22T08:53:26Z</time>
      </trkpt>
      <trkpt lat="28.560656039044261" lon="-16.218994036316872">
        <ele>196.46000000000001</ele>
        <time>2022-05-22T08:53:29Z</time>
      </trkpt>
      <trkpt lat="28.560674982145429" lon="-16.219003004953265">
        <ele>196.999</ele>
        <time>2022-05-22T08:53:31Z</time>
      </trkpt>
      <trkpt lat="28.56069803237915" lon="-16.219009961932898">
        <ele>197.322</ele>
        <time>2022-05-22T08:53:34Z</time>
      </trkpt>
      <trkpt lat="28.560723010450602" lon="-16.219008034095168">
        <ele>197.374</ele>
        <time>2022-05-22T08:53:37Z</time>
      </trkpt>
      <trkpt lat="28.560748994350433" lon="-16.219010967761278">
        <ele>197.58500000000001</ele>
        <time>2022-05-22T08:53:41Z</time>
      </trkpt>
      <trkpt lat="28.560768021270633" lon="-16.21901398524642">
        <ele>197.77500000000001</ele>
        <time>2022-05-22T08:53:43Z</time>
      </trkpt>
      <trkpt lat="28.560794005170465" lon="-16.219028988853097">
        <ele>198.54900000000001</ele>
        <time>2022-05-22T08:53:46Z</time>
      </trkpt>
      <trkpt lat="28.560813032090664" lon="-16.219021026045084">
        <ele>198.149</ele>
        <time>2022-05-22T08:53:49Z</time>
      </trkpt>
      <trkpt lat="28.560834992676973" lon="-16.219026977196336">
        <ele>198.446</ele>
        <time>2022-05-22T08:53:51Z</time>
      </trkpt>
      <trkpt lat="28.560854019597173" lon="-16.219042986631393">
        <ele>199.11799999999999</ele>
        <time>2022-05-22T08:53:54Z</time>
      </trkpt>
      <trkpt lat="28.560873968526721" lon="-16.219046004116535">
        <ele>199.19800000000001</ele>
        <time>2022-05-22T08:53:56Z</time>
      </trkpt>
      <trkpt lat="28.56089299544692" lon="-16.219052961096168">
        <ele>199.31700000000001</ele>
        <time>2022-05-22T08:53:59Z</time>
      </trkpt>
      <trkpt lat="28.560921996831894" lon="-16.219052961096168">
        <ele>199.10900000000001</ele>
        <time>2022-05-22T08:54:02Z</time>
      </trkpt>
      <trkpt lat="28.560944041237235" lon="-16.219058996066451">
        <ele>199.16200000000001</ele>
        <time>2022-05-22T08:54:05Z</time>
      </trkpt>
      <trkpt lat="28.560962984338403" lon="-16.219062013551593">
        <ele>199.11099999999999</ele>
        <time>2022-05-22T08:54:07Z</time>
      </trkpt>
      <trkpt lat="28.56097899377346" lon="-16.21907701715827">
        <ele>199.684</ele>
        <time>2022-05-22T08:54:10Z</time>
      </trkpt>
      <trkpt lat="28.560982011258602" lon="-16.21910098940134">
        <ele>200.58600000000001</ele>
        <time>2022-05-22T08:54:14Z</time>
      </trkpt>
      <trkpt lat="28.560966001823545" lon="-16.219110041856766">
        <ele>201.14699999999999</ele>
        <time>2022-05-22T08:54:17Z</time>
      </trkpt>
      <trkpt lat="28.560946974903345" lon="-16.219107024371624">
        <ele>201.327</ele>
        <time>2022-05-22T08:54:20Z</time>
      </trkpt>
      <trkpt lat="28.560925014317036" lon="-16.219097971916199">
        <ele>201.191</ele>
        <time>2022-05-22T08:54:23Z</time>
      </trkpt>
      <trkpt lat="28.560905987396836" lon="-16.21910098940134">
        <ele>201.511</ele>
        <time>2022-05-22T08:54:26Z</time>
      </trkpt>
      <trkpt lat="28.560905987396836" lon="-16.219133008271456">
        <ele>203.148</ele>
        <time>2022-05-22T08:54:30Z</time>
      </trkpt>
      <trkpt lat="28.560917973518372" lon="-16.219157986342907">
        <ele>204.136</ele>
        <time>2022-05-22T08:54:33Z</time>
      </trkpt>
      <trkpt lat="28.560928031802177" lon="-16.219181036576629">
        <ele>204.917</ele>
        <time>2022-05-22T08:54:35Z</time>
      </trkpt>
      <trkpt lat="28.560944041237235" lon="-16.219201991334558">
        <ele>205.61799999999999</ele>
        <time>2022-05-22T08:54:38Z</time>
      </trkpt>
      <trkpt lat="28.560954015702009" lon="-16.219219006597996">
        <ele>206.10900000000001</ele>
        <time>2022-05-22T08:54:42Z</time>
      </trkpt>
      <trkpt lat="28.560933982953429" lon="-16.21922898106277">
        <ele>207.084</ele>
        <time>2022-05-22T08:54:48Z</time>
      </trkpt>
      <trkpt lat="28.560921996831894" lon="-16.219245996326208">
        <ele>208.03299999999999</ele>
        <time>2022-05-22T08:54:51Z</time>
      </trkpt>
      <trkpt lat="28.560901964083314" lon="-16.219251025468111">
        <ele>208.71600000000001</ele>
        <time>2022-05-22T08:54:55Z</time>
      </trkpt>
      <trkpt lat="28.560883020982146" lon="-16.219266029074788">
        <ele>209.93799999999999</ele>
        <time>2022-05-22T08:54:58Z</time>
      </trkpt>
      <trkpt lat="28.560860976576805" lon="-16.21927198022604">
        <ele>210.72900000000001</ele>
        <time>2022-05-22T08:55:05Z</time>
      </trkpt>
      <trkpt lat="28.560842033475637" lon="-16.219284972175956">
        <ele>211.85900000000001</ele>
        <time>2022-05-22T08:55:08Z</time>
      </trkpt>
      <trkpt lat="28.560822000727057" lon="-16.219300981611013">
        <ele>212.85300000000001</ele>
        <time>2022-05-22T08:55:12Z</time>
      </trkpt>
      <trkpt lat="28.560802973806858" lon="-16.219310034066439">
        <ele>213.22300000000001</ele>
        <time>2022-05-22T08:55:16Z</time>
      </trkpt>
      <trkpt lat="28.5607869643718" lon="-16.219325037673116">
        <ele>214.02000000000001</ele>
        <time>2022-05-22T08:55:20Z</time>
      </trkpt>
      <trkpt lat="28.560773972421885" lon="-16.219345992431045">
        <ele>215.11600000000001</ele>
        <time>2022-05-22T08:55:23Z</time>
      </trkpt>
      <trkpt lat="28.560755029320717" lon="-16.219362001866102">
        <ele>216.07599999999999</ele>
        <time>2022-05-22T08:55:26Z</time>
      </trkpt>
      <trkpt lat="28.560736002400517" lon="-16.219375999644399">
        <ele>216.71299999999999</ele>
        <time>2022-05-22T08:55:29Z</time>
      </trkpt>
      <trkpt lat="28.560723010450602" lon="-16.219397038221359">
        <ele>217.90899999999999</ele>
        <time>2022-05-22T08:55:33Z</time>
      </trkpt>
      <trkpt lat="28.560739019885659" lon="-16.219415981322527">
        <ele>218.83199999999999</ele>
        <time>2022-05-22T08:55:36Z</time>
      </trkpt>
      <trkpt lat="28.560755029320717" lon="-16.219437019899487">
        <ele>219.92099999999999</ele>
        <time>2022-05-22T08:55:40Z</time>
      </trkpt>
      <trkpt lat="28.560771038755774" lon="-16.219454035162926">
        <ele>220.59399999999999</ele>
        <time>2022-05-22T08:55:42Z</time>
      </trkpt>
      <trkpt lat="28.560781013220549" lon="-16.219474989920855">
        <ele>221.15600000000001</ele>
        <time>2022-05-22T08:55:45Z</time>
      </trkpt>
      <trkpt lat="28.560797022655606" lon="-16.219489993527532">
        <ele>221.53700000000001</ele>
        <time>2022-05-22T08:55:48Z</time>
      </trkpt>
      <trkpt lat="28.560810014605522" lon="-16.219509020447731">
        <ele>222.047</ele>
        <time>2022-05-22T08:55:51Z</time>
      </trkpt>
      <trkpt lat="28.560800040140748" lon="-16.219536010175943">
        <ele>222.84100000000001</ele>
        <time>2022-05-22T08:55:57Z</time>
      </trkpt>
      <trkpt lat="28.560781013220549" lon="-16.219545984640718">
        <ele>223.37100000000001</ele>
        <time>2022-05-22T08:55:59Z</time>
      </trkpt>
      <trkpt lat="28.560757962986827" lon="-16.219562999904156">
        <ele>223.93799999999999</ele>
        <time>2022-05-22T08:56:01Z</time>
      </trkpt>
      <trkpt lat="28.560739019885659" lon="-16.21957004070282">
        <ele>224.346</ele>
        <time>2022-05-22T08:56:05Z</time>
      </trkpt>
      <trkpt lat="28.560716975480318" lon="-16.219568029046059">
        <ele>224.38800000000001</ele>
        <time>2022-05-22T08:56:08Z</time>
      </trkpt>
      <trkpt lat="28.560694009065628" lon="-16.219579009339213">
        <ele>224.916</ele>
        <time>2022-05-22T08:56:13Z</time>
      </trkpt>
      <trkpt lat="28.560674982145429" lon="-16.219589989632368">
        <ele>225.40899999999999</ele>
        <time>2022-05-22T08:56:16Z</time>
      </trkpt>
      <trkpt lat="28.560656039044261" lon="-16.21959401294589">
        <ele>225.67500000000001</ele>
        <time>2022-05-22T08:56:19Z</time>
      </trkpt>
      <trkpt lat="28.560637012124062" lon="-16.219599964097142">
        <ele>226.01400000000001</ele>
        <time>2022-05-22T08:56:21Z</time>
      </trkpt>
      <trkpt lat="28.560642963275313" lon="-16.219626031816006">
        <ele>226.827</ele>
        <time>2022-05-22T08:56:25Z</time>
      </trkpt>
      <trkpt lat="28.560666013509035" lon="-16.219633994624019">
        <ele>226.93899999999999</ele>
        <time>2022-05-22T08:56:27Z</time>
      </trkpt>
      <trkpt lat="28.560685040429235" lon="-16.219642963260412">
        <ele>227.09</ele>
        <time>2022-05-22T08:56:29Z</time>
      </trkpt>
      <trkpt lat="28.56070096604526" lon="-16.21965603902936">
        <ele>227.38999999999999</ele>
        <time>2022-05-22T08:56:31Z</time>
      </trkpt>
      <trkpt lat="28.560714041814208" lon="-16.21968001127243">
        <ele>227.934</ele>
        <time>2022-05-22T08:56:34Z</time>
      </trkpt>
      <trkpt lat="28.560694009065628" lon="-16.219683028757572">
        <ele>228.244</ele>
        <time>2022-05-22T08:56:37Z</time>
      </trkpt>
      <trkpt lat="28.560674982145429" lon="-16.219677999615669">
        <ele>228.37100000000001</ele>
        <time>2022-05-22T08:56:39Z</time>
      </trkpt>
      <trkpt lat="28.560656039044261" lon="-16.219671964645386">
        <ele>228.28399999999999</ele>
        <time>2022-05-22T08:56:41Z</time>
      </trkpt>
      <trkpt lat="28.560642963275313" lon="-16.219687974080443">
        <ele>228.90700000000001</ele>
        <time>2022-05-22T08:56:43Z</time>
      </trkpt>
      <trkpt lat="28.560621002689004" lon="-16.219677999615669">
        <ele>228.81700000000001</ele>
        <time>2022-05-22T08:56:46Z</time>
      </trkpt>
      <trkpt lat="28.560598036274314" lon="-16.219676993787289">
        <ele>229.00899999999999</ele>
        <time>2022-05-22T08:56:49Z</time>
      </trkpt>
      <trkpt lat="28.560575991868973" lon="-16.21968001127243">
        <ele>229.369</ele>
        <time>2022-05-22T08:56:52Z</time>
      </trkpt>
      <trkpt lat="28.560550007969141" lon="-16.219685962423682">
        <ele>229.72800000000001</ele>
        <time>2022-05-22T08:56:56Z</time>
      </trkpt>
      <trkpt lat="28.560530981048942" lon="-16.219694009050727">
        <ele>230.03100000000001</ele>
        <time>2022-05-22T08:56:59Z</time>
      </trkpt>
      <trkpt lat="28.560512037947774" lon="-16.219712030142546">
        <ele>230.62299999999999</ele>
        <time>2022-05-22T08:57:03Z</time>
      </trkpt>
      <trkpt lat="28.560501979663968" lon="-16.219733990728855">
        <ele>231.464</ele>
        <time>2022-05-22T08:57:06Z</time>
      </trkpt>
      <trkpt lat="28.560496028512716" lon="-16.219754023477435">
        <ele>232.19399999999999</ele>
        <time>2022-05-22T08:57:08Z</time>
      </trkpt>
      <trkpt lat="28.560477001592517" lon="-16.21976500377059">
        <ele>232.49799999999999</ele>
        <time>2022-05-22T08:57:11Z</time>
      </trkpt>
      <trkpt lat="28.560467027127743" lon="-16.219784030690789">
        <ele>233.178</ele>
        <time>2022-05-22T08:57:14Z</time>
      </trkpt>
      <trkpt lat="28.560454035177827" lon="-16.219798028469086">
        <ele>233.63499999999999</ele>
        <time>2022-05-22T08:57:18Z</time>
      </trkpt>
      <trkpt lat="28.560438025742769" lon="-16.219811020419002">
        <ele>234.029</ele>
        <time>2022-05-22T08:57:22Z</time>
      </trkpt>
      <trkpt lat="28.560431990772486" lon="-16.219833986833692">
        <ele>234.80000000000001</ele>
        <time>2022-05-22T08:57:25Z</time>
      </trkpt>
      <trkpt lat="28.560444982722402" lon="-16.21985100209713">
        <ele>235.41999999999999</ele>
        <time>2022-05-22T08:57:29Z</time>
      </trkpt>
      <trkpt lat="28.560464009642601" lon="-16.219844967126846">
        <ele>235.10900000000001</ele>
        <time>2022-05-22T08:57:31Z</time>
      </trkpt>
      <trkpt lat="28.5604830365628" lon="-16.219843039289117">
        <ele>235.03299999999999</ele>
        <time>2022-05-22T08:57:33Z</time>
      </trkpt>
      <trkpt lat="28.560498962178826" lon="-16.219853013753891">
        <ele>235.37200000000001</ele>
        <time>2022-05-22T08:57:37Z</time>
      </trkpt>
      <trkpt lat="28.560512037947774" lon="-16.219876985996962">
        <ele>236.14500000000001</ele>
        <time>2022-05-22T08:57:41Z</time>
      </trkpt>
      <trkpt lat="28.560498962178826" lon="-16.219892995432019">
        <ele>236.77699999999999</ele>
        <time>2022-05-22T08:57:44Z</time>
      </trkpt>
      <trkpt lat="28.560498962178826" lon="-16.21991503983736">
        <ele>237.44800000000001</ele>
        <time>2022-05-22T08:57:46Z</time>
      </trkpt>
      <trkpt lat="28.560509020462632" lon="-16.219935994595289">
        <ele>238.13800000000001</ele>
        <time>2022-05-22T08:57:49Z</time>
      </trkpt>
      <trkpt lat="28.56052502989769" lon="-16.219952004030347">
        <ele>238.52199999999999</ele>
        <time>2022-05-22T08:57:52Z</time>
      </trkpt>
      <trkpt lat="28.560530981048942" lon="-16.219972958788276">
        <ele>239.22200000000001</ele>
        <time>2022-05-22T08:57:55Z</time>
      </trkpt>
      <trkpt lat="28.560541039332747" lon="-16.219991985708475">
        <ele>239.81899999999999</ele>
        <time>2022-05-22T08:57:58Z</time>
      </trkpt>
      <trkpt lat="28.5605279635638" lon="-16.220011012628675">
        <ele>240.68100000000001</ele>
        <time>2022-05-22T08:58:04Z</time>
      </trkpt>
      <trkpt lat="28.560501979663968" lon="-16.220010006800294">
        <ele>240.661</ele>
        <time>2022-05-22T08:58:07Z</time>
      </trkpt>
      <trkpt lat="28.5604830365628" lon="-16.220011012628675">
        <ele>240.71700000000001</ele>
        <time>2022-05-22T08:58:10Z</time>
      </trkpt>
      <trkpt lat="28.56048597022891" lon="-16.220031967386603">
        <ele>241.60900000000001</ele>
        <time>2022-05-22T08:58:13Z</time>
      </trkpt>
      <trkpt lat="28.560498962178826" lon="-16.220049988478422">
        <ele>242.38900000000001</ele>
        <time>2022-05-22T08:58:15Z</time>
      </trkpt>
      <trkpt lat="28.560512037947774" lon="-16.220063986256719">
        <ele>242.84800000000001</ele>
        <time>2022-05-22T08:58:18Z</time>
      </trkpt>
      <trkpt lat="28.560514971613884" lon="-16.220085024833679">
        <ele>243.74100000000001</ele>
        <time>2022-05-22T08:58:21Z</time>
      </trkpt>
      <trkpt lat="28.560512037947774" lon="-16.220112014561892">
        <ele>244.85300000000001</ele>
        <time>2022-05-22T08:58:24Z</time>
      </trkpt>
      <trkpt lat="28.560512037947774" lon="-16.220139004290104">
        <ele>246.054</ele>
        <time>2022-05-22T08:58:27Z</time>
      </trkpt>
      <trkpt lat="28.560509020462632" lon="-16.220162976533175">
        <ele>247.024</ele>
        <time>2022-05-22T08:58:31Z</time>
      </trkpt>
      <trkpt lat="28.56050600297749" lon="-16.220188960433006">
        <ele>248.13800000000001</ele>
        <time>2022-05-22T08:58:34Z</time>
      </trkpt>
      <trkpt lat="28.560512037947774" lon="-16.220209999009967">
        <ele>248.958</ele>
        <time>2022-05-22T08:58:37Z</time>
      </trkpt>
      <trkpt lat="28.560522012412548" lon="-16.220229025930166">
        <ele>249.625</ele>
        <time>2022-05-22T08:58:41Z</time>
      </trkpt>
      <trkpt lat="28.56052502989769" lon="-16.220249980688095">
        <ele>250.46600000000001</ele>
        <time>2022-05-22T08:58:44Z</time>
      </trkpt>
      <trkpt lat="28.560530981048942" lon="-16.220274036750197">
        <ele>251.32900000000001</ele>
        <time>2022-05-22T08:58:47Z</time>
      </trkpt>
      <trkpt lat="28.560541039332747" lon="-16.220290968194604">
        <ele>251.821</ele>
        <time>2022-05-22T08:58:50Z</time>
      </trkpt>
      <trkpt lat="28.560546990483999" lon="-16.220312006771564">
        <ele>252.60900000000001</ele>
        <time>2022-05-22T08:58:53Z</time>
      </trkpt>
      <trkpt lat="28.560559982433915" lon="-16.220330027863383">
        <ele>253.18700000000001</ele>
        <time>2022-05-22T08:58:56Z</time>
      </trkpt>
      <trkpt lat="28.560566017404199" lon="-16.220351988449693">
        <ele>253.93600000000001</ele>
        <time>2022-05-22T08:58:59Z</time>
      </trkpt>
      <trkpt lat="28.560575991868973" lon="-16.220371015369892">
        <ele>254.399</ele>
        <time>2022-05-22T08:59:03Z</time>
      </trkpt>
      <trkpt lat="28.560588983818889" lon="-16.220389036461711">
        <ele>254.64099999999999</ele>
        <time>2022-05-22T08:59:06Z</time>
      </trkpt>
      <trkpt lat="28.560601975768805" lon="-16.220403034240007">
        <ele>254.81200000000001</ele>
        <time>2022-05-22T08:59:09Z</time>
      </trkpt>
      <trkpt lat="28.56061396189034" lon="-16.220423988997936">
        <ele>255.24199999999999</ele>
        <time>2022-05-22T08:59:13Z</time>
      </trkpt>
      <trkpt lat="28.560621002689004" lon="-16.220450978726149">
        <ele>256.02600000000001</ele>
        <time>2022-05-22T08:59:16Z</time>
      </trkpt>
      <trkpt lat="28.560629971325397" lon="-16.22047696262598">
        <ele>256.73599999999999</ele>
        <time>2022-05-22T08:59:19Z</time>
      </trkpt>
      <trkpt lat="28.560629971325397" lon="-16.220501018688083">
        <ele>257.69299999999998</ele>
        <time>2022-05-22T08:59:22Z</time>
      </trkpt>
      <trkpt lat="28.56061396189034" lon="-16.220518033951521">
        <ele>259.06900000000002</ele>
        <time>2022-05-22T08:59:25Z</time>
      </trkpt>
      <trkpt lat="28.560595018789172" lon="-16.220509987324476">
        <ele>259.404</ele>
        <time>2022-05-22T08:59:29Z</time>
      </trkpt>
      <trkpt lat="28.560575991868973" lon="-16.220506969839334">
        <ele>260.12400000000002</ele>
        <time>2022-05-22T08:59:33Z</time>
      </trkpt>
      <trkpt lat="28.560556964948773" lon="-16.220506969839334">
        <ele>260.80900000000003</ele>
        <time>2022-05-22T08:59:35Z</time>
      </trkpt>
      <trkpt lat="28.560538021847606" lon="-16.220511998981237">
        <ele>261.66699999999997</ele>
        <time>2022-05-22T08:59:38Z</time>
      </trkpt>
      <trkpt lat="28.560541039332747" lon="-16.22053898870945">
        <ele>262.74599999999998</ele>
        <time>2022-05-22T08:59:42Z</time>
      </trkpt>
      <trkpt lat="28.560541039332747" lon="-16.220565978437662">
        <ele>264.089</ele>
        <time>2022-05-22T08:59:45Z</time>
      </trkpt>
      <trkpt lat="28.560550007969141" lon="-16.220587017014623">
        <ele>264.77100000000002</ele>
        <time>2022-05-22T08:59:48Z</time>
      </trkpt>
      <trkpt lat="28.560566017404199" lon="-16.220609983429313">
        <ele>265.17200000000003</ele>
        <time>2022-05-22T08:59:51Z</time>
      </trkpt>
      <trkpt lat="28.560575991868973" lon="-16.220626998692751">
        <ele>265.43200000000002</ele>
        <time>2022-05-22T08:59:53Z</time>
      </trkpt>
      <trkpt lat="28.560582026839256" lon="-16.22064602561295">
        <ele>266.08600000000001</ele>
        <time>2022-05-22T08:59:55Z</time>
      </trkpt>
      <trkpt lat="28.560582026839256" lon="-16.220672009512782">
        <ele>267.166</ele>
        <time>2022-05-22T08:59:58Z</time>
      </trkpt>
      <trkpt lat="28.560588983818889" lon="-16.220697993412614">
        <ele>268.09300000000002</ele>
        <time>2022-05-22T09:00:01Z</time>
      </trkpt>
      <trkpt lat="28.56059200130403" lon="-16.220720037817955">
        <ele>268.89600000000002</ele>
        <time>2022-05-22T09:00:04Z</time>
      </trkpt>
      <trkpt lat="28.56059200130403" lon="-16.220741998404264">
        <ele>269.83100000000002</ele>
        <time>2022-05-22T09:00:07Z</time>
      </trkpt>
      <trkpt lat="28.560601975768805" lon="-16.220765970647335">
        <ele>270.32400000000001</ele>
        <time>2022-05-22T09:00:10Z</time>
      </trkpt>
      <trkpt lat="28.56061102822423" lon="-16.220783991739154">
        <ele>270.60899999999998</ele>
        <time>2022-05-22T09:00:12Z</time>
      </trkpt>
      <trkpt lat="28.560629971325397" lon="-16.220805030316114">
        <ele>270.54000000000002</ele>
        <time>2022-05-22T09:00:15Z</time>
      </trkpt>
      <trkpt lat="28.560642963275313" lon="-16.220821039751172">
        <ele>270.47899999999998</ele>
        <time>2022-05-22T09:00:18Z</time>
      </trkpt>
      <trkpt lat="28.560656039044261" lon="-16.220835037529469">
        <ele>270.38200000000001</ele>
        <time>2022-05-22T09:00:21Z</time>
      </trkpt>
      <trkpt lat="28.560666013509035" lon="-16.220855992287397">
        <ele>270.51400000000001</ele>
        <time>2022-05-22T09:00:25Z</time>
      </trkpt>
      <trkpt lat="28.560682022944093" lon="-16.220869990065694">
        <ele>270.16500000000002</ele>
        <time>2022-05-22T09:00:29Z</time>
      </trkpt>
      <trkpt lat="28.56069803237915" lon="-16.220879964530468">
        <ele>269.685</ele>
        <time>2022-05-22T09:00:32Z</time>
      </trkpt>
      <trkpt lat="28.560714041814208" lon="-16.220893962308764">
        <ele>269.25900000000001</ele>
        <time>2022-05-22T09:00:35Z</time>
      </trkpt>
      <trkpt lat="28.560729967430234" lon="-16.220913995057344">
        <ele>269.089</ele>
        <time>2022-05-22T09:00:38Z</time>
      </trkpt>
      <trkpt lat="28.560723010450602" lon="-16.220933021977544">
        <ele>270.25599999999997</ele>
        <time>2022-05-22T09:00:41Z</time>
      </trkpt>
      <trkpt lat="28.560703983530402" lon="-16.22094601392746">
        <ele>271.76900000000001</ele>
        <time>2022-05-22T09:00:45Z</time>
      </trkpt>
      <trkpt lat="28.56070096604526" lon="-16.22096998617053">
        <ele>272.80399999999997</ele>
        <time>2022-05-22T09:00:50Z</time>
      </trkpt>
      <trkpt lat="28.560703983530402" lon="-16.220994964241982">
        <ele>273.62400000000002</ele>
        <time>2022-05-22T09:00:53Z</time>
      </trkpt>
      <trkpt lat="28.560714041814208" lon="-16.2210129853338">
        <ele>273.709</ele>
        <time>2022-05-22T09:00:56Z</time>
      </trkpt>
      <trkpt lat="28.560729967430234" lon="-16.221026983112097">
        <ele>273.447</ele>
        <time>2022-05-22T09:01:00Z</time>
      </trkpt>
      <trkpt lat="28.560745976865292" lon="-16.221039975062013">
        <ele>273.036</ele>
        <time>2022-05-22T09:01:03Z</time>
      </trkpt>
      <trkpt lat="28.560745976865292" lon="-16.221064031124115">
        <ele>273.96899999999999</ele>
        <time>2022-05-22T09:01:06Z</time>
      </trkpt>
      <trkpt lat="28.560732984915376" lon="-16.221085991710424">
        <ele>275.59100000000001</ele>
        <time>2022-05-22T09:01:11Z</time>
      </trkpt>
      <trkpt lat="28.56071999296546" lon="-16.221106024459004">
        <ele>276.97199999999998</ele>
        <time>2022-05-22T09:01:14Z</time>
      </trkpt>
      <trkpt lat="28.560710018500686" lon="-16.221124967560172">
        <ele>277.86200000000002</ele>
        <time>2022-05-22T09:01:18Z</time>
      </trkpt>
      <trkpt lat="28.56071999296546" lon="-16.221147011965513">
        <ele>277.64600000000002</ele>
        <time>2022-05-22T09:01:22Z</time>
      </trkpt>
      <trkpt lat="28.560739019885659" lon="-16.22116201557219">
        <ele>276.98599999999999</ele>
        <time>2022-05-22T09:01:25Z</time>
      </trkpt>
      <trkpt lat="28.560752011835575" lon="-16.221176013350487">
        <ele>276.57299999999998</ele>
        <time>2022-05-22T09:01:28Z</time>
      </trkpt>
      <trkpt lat="28.560761986300349" lon="-16.221196968108416">
        <ele>276.32400000000001</ele>
        <time>2022-05-22T09:01:31Z</time>
      </trkpt>
      <trkpt lat="28.560755029320717" lon="-16.221221024170518">
        <ele>277.00400000000002</ele>
        <time>2022-05-22T09:01:35Z</time>
      </trkpt>
      <trkpt lat="28.560736002400517" lon="-16.221221024170518">
        <ele>277.91399999999999</ele>
        <time>2022-05-22T09:01:39Z</time>
      </trkpt>
      <trkpt lat="28.560732984915376" lon="-16.221246002241969">
        <ele>278.50900000000001</ele>
        <time>2022-05-22T09:01:43Z</time>
      </trkpt>
      <trkpt lat="28.560739019885659" lon="-16.221266034990549">
        <ele>278.56299999999999</ele>
        <time>2022-05-22T09:01:46Z</time>
      </trkpt>
      <trkpt lat="28.560729967430234" lon="-16.221282966434956">
        <ele>279.142</ele>
        <time>2022-05-22T09:01:51Z</time>
      </trkpt>
      <trkpt lat="28.560716975480318" lon="-16.221306016668677">
        <ele>280.09500000000003</ele>
        <time>2022-05-22T09:01:56Z</time>
      </trkpt>
      <trkpt lat="28.56070096604526" lon="-16.22133300639689">
        <ele>281.08699999999999</ele>
        <time>2022-05-22T09:01:58Z</time>
      </trkpt>
      <trkpt lat="28.560685040429235" lon="-16.22135697863996">
        <ele>282.06799999999998</ele>
        <time>2022-05-22T09:01:59Z</time>
      </trkpt>
      <trkpt lat="28.560666013509035" lon="-16.221382040530443">
        <ele>282.988</ele>
        <time>2022-05-22T09:02:00Z</time>
      </trkpt>
      <trkpt lat="28.560653021559119" lon="-16.221402995288372">
        <ele>283.35199999999998</ele>
        <time>2022-05-22T09:02:01Z</time>
      </trkpt>
      <trkpt lat="28.560642963275313" lon="-16.221434008330107">
        <ele>283.322</ele>
        <time>2022-05-22T09:02:02Z</time>
      </trkpt>
      <trkpt lat="28.56063399463892" lon="-16.221464015543461">
        <ele>283.399</ele>
        <time>2022-05-22T09:02:03Z</time>
      </trkpt>
      <trkpt lat="28.560624020174146" lon="-16.221491005271673">
        <ele>283.334</ele>
        <time>2022-05-22T09:02:04Z</time>
      </trkpt>
      <trkpt lat="28.56061102822423" lon="-16.221516989171505">
        <ele>283.65499999999997</ele>
        <time>2022-05-22T09:02:05Z</time>
      </trkpt>
      <trkpt lat="28.560604993253946" lon="-16.221543978899717">
        <ele>283.61000000000001</ele>
        <time>2022-05-22T09:02:06Z</time>
      </trkpt>
      <trkpt lat="28.560601975768805" lon="-16.221572980284691">
        <ele>283.40899999999999</ele>
        <time>2022-05-22T09:02:07Z</time>
      </trkpt>
      <trkpt lat="28.56059200130403" lon="-16.221601981669664">
        <ele>283.66399999999999</ele>
        <time>2022-05-22T09:02:08Z</time>
      </trkpt>
      <trkpt lat="28.560585966333747" lon="-16.221626037731767">
        <ele>283.78300000000002</ele>
        <time>2022-05-22T09:02:09Z</time>
      </trkpt>
      <trkpt lat="28.560582026839256" lon="-16.221651015803218">
        <ele>283.79599999999999</ele>
        <time>2022-05-22T09:02:10Z</time>
      </trkpt>
      <trkpt lat="28.560575991868973" lon="-16.22167800553143">
        <ele>284.02800000000002</ele>
        <time>2022-05-22T09:02:11Z</time>
      </trkpt>
      <trkpt lat="28.560575991868973" lon="-16.221703989431262">
        <ele>284.35899999999998</ele>
        <time>2022-05-22T09:02:12Z</time>
      </trkpt>
      <trkpt lat="28.560572974383831" lon="-16.221738019958138">
        <ele>284.88900000000001</ele>
        <time>2022-05-22T09:02:13Z</time>
      </trkpt>
      <trkpt lat="28.560572974383831" lon="-16.22178697027266">
        <ele>285.363</ele>
        <time>2022-05-22T09:02:15Z</time>
      </trkpt>
      <trkpt lat="28.560572974383831" lon="-16.221813037991524">
        <ele>285.63299999999998</ele>
        <time>2022-05-22T09:02:16Z</time>
      </trkpt>
      <trkpt lat="28.560575991868973" lon="-16.221845978870988">
        <ele>285.74000000000001</ele>
        <time>2022-05-22T09:02:17Z</time>
      </trkpt>
      <trkpt lat="28.560579009354115" lon="-16.221867017447948">
        <ele>285.834</ele>
        <time>2022-05-22T09:02:18Z</time>
      </trkpt>
      <trkpt lat="28.560582026839256" lon="-16.221889983862638">
        <ele>285.85500000000002</ele>
        <time>2022-05-22T09:02:19Z</time>
      </trkpt>
      <trkpt lat="28.560582026839256" lon="-16.22191202826798">
        <ele>286.11000000000001</ele>
        <time>2022-05-22T09:02:26Z</time>
      </trkpt>
      <trkpt lat="28.56059200130403" lon="-16.221949998289347">
        <ele>285.80900000000003</ele>
        <time>2022-05-22T09:02:28Z</time>
      </trkpt>
      <trkpt lat="28.560595018789172" lon="-16.221971036866307">
        <ele>285.91399999999999</ele>
        <time>2022-05-22T09:02:29Z</time>
      </trkpt>
      <trkpt lat="28.560604993253946" lon="-16.221995009109378">
        <ele>285.66300000000001</ele>
        <time>2022-05-22T09:02:30Z</time>
      </trkpt>
      <trkpt lat="28.56061396189034" lon="-16.22202099300921">
        <ele>285.49599999999998</ele>
        <time>2022-05-22T09:02:31Z</time>
      </trkpt>
      <trkpt lat="28.560629971325397" lon="-16.222058963030577">
        <ele>284.82799999999997</ele>
        <time>2022-05-22T09:02:33Z</time>
      </trkpt>
      <trkpt lat="28.560629971325397" lon="-16.222082013264298">
        <ele>285.06900000000002</ele>
        <time>2022-05-22T09:02:34Z</time>
      </trkpt>
      <trkpt lat="28.560640029609203" lon="-16.222110008820891">
        <ele>284.72899999999998</ele>
        <time>2022-05-22T09:02:35Z</time>
      </trkpt>
      <trkpt lat="28.560656039044261" lon="-16.22214999049902">
        <ele>284.07299999999998</ele>
        <time>2022-05-22T09:02:37Z</time>
      </trkpt>
      <trkpt lat="28.560671964660287" lon="-16.22217102907598">
        <ele>283.16300000000001</ele>
        <time>2022-05-22T09:02:38Z</time>
      </trkpt>
      <trkpt lat="28.560685040429235" lon="-16.222189972177148">
        <ele>282.49000000000001</ele>
        <time>2022-05-22T09:02:39Z</time>
      </trkpt>
      <trkpt lat="28.56069803237915" lon="-16.22221402823925">
        <ele>281.78500000000003</ele>
        <time>2022-05-22T09:02:40Z</time>
      </trkpt>
      <trkpt lat="28.560707001015544" lon="-16.22223699465394">
        <ele>281.48899999999998</ele>
        <time>2022-05-22T09:02:41Z</time>
      </trkpt>
      <trkpt lat="28.56071999296546" lon="-16.22225602157414">
        <ele>281.017</ele>
        <time>2022-05-22T09:02:42Z</time>
      </trkpt>
      <trkpt lat="28.560729967430234" lon="-16.222277982160449">
        <ele>280.80900000000003</ele>
        <time>2022-05-22T09:02:43Z</time>
      </trkpt>
      <trkpt lat="28.560739019885659" lon="-16.22229902073741">
        <ele>280.68900000000002</ele>
        <time>2022-05-22T09:02:44Z</time>
      </trkpt>
      <trkpt lat="28.560752011835575" lon="-16.222319975495338">
        <ele>280.25799999999998</ele>
        <time>2022-05-22T09:02:45Z</time>
      </trkpt>
      <trkpt lat="28.560761986300349" lon="-16.222339002415538">
        <ele>280.09100000000001</ele>
        <time>2022-05-22T09:02:46Z</time>
      </trkpt>
      <trkpt lat="28.560765003785491" lon="-16.222360040992498">
        <ele>280.39299999999997</ele>
        <time>2022-05-22T09:02:47Z</time>
      </trkpt>
      <trkpt lat="28.560771038755774" lon="-16.222380995750427">
        <ele>280.45400000000001</ele>
        <time>2022-05-22T09:02:48Z</time>
      </trkpt>
      <trkpt lat="28.560773972421885" lon="-16.222403040155768">
        <ele>280.73399999999998</ele>
        <time>2022-05-22T09:02:49Z</time>
      </trkpt>
      <trkpt lat="28.560777995735407" lon="-16.222427012398839">
        <ele>281.03800000000001</ele>
        <time>2022-05-22T09:02:50Z</time>
      </trkpt>
      <trkpt lat="28.560781013220549" lon="-16.222447967156768">
        <ele>281.38799999999998</ele>
        <time>2022-05-22T09:02:51Z</time>
      </trkpt>
      <trkpt lat="28.56078403070569" lon="-16.22247202321887">
        <ele>281.76499999999999</ele>
        <time>2022-05-22T09:02:52Z</time>
      </trkpt>
      <trkpt lat="28.560794005170465" lon="-16.22249398380518">
        <ele>281.517</ele>
        <time>2022-05-22T09:02:53Z</time>
      </trkpt>
      <trkpt lat="28.560802973806858" lon="-16.222512004896998">
        <ele>281.28699999999998</ele>
        <time>2022-05-22T09:02:54Z</time>
      </trkpt>
      <trkpt lat="28.560815965756774" lon="-16.222530025988817">
        <ele>280.61500000000001</ele>
        <time>2022-05-22T09:02:55Z</time>
      </trkpt>
      <trkpt lat="28.560829041525722" lon="-16.222547041252255">
        <ele>279.80900000000003</ele>
        <time>2022-05-22T09:02:56Z</time>
      </trkpt>
      <trkpt lat="28.560838010162115" lon="-16.222567996010184">
        <ele>279.46199999999999</ele>
        <time>2022-05-22T09:02:57Z</time>
      </trkpt>
      <trkpt lat="28.560854019597173" lon="-16.222587022930384">
        <ele>278.62099999999998</ele>
        <time>2022-05-22T09:02:58Z</time>
      </trkpt>
      <trkpt lat="28.56087002903223" lon="-16.222602026537061">
        <ele>277.68400000000003</ele>
        <time>2022-05-22T09:02:59Z</time>
      </trkpt>
      <trkpt lat="28.560889977961779" lon="-16.222614012658596">
        <ele>276.42599999999999</ele>
        <time>2022-05-22T09:03:00Z</time>
      </trkpt>
      <trkpt lat="28.560901964083314" lon="-16.222629016265273">
        <ele>275.71699999999998</ele>
        <time>2022-05-22T09:03:01Z</time>
      </trkpt>
      <trkpt lat="28.560921996831894" lon="-16.22264301404357">
        <ele>274.56700000000001</ele>
        <time>2022-05-22T09:03:02Z</time>
      </trkpt>
      <trkpt lat="28.560933982953429" lon="-16.222658017650247">
        <ele>273.88099999999997</ele>
        <time>2022-05-22T09:03:03Z</time>
      </trkpt>
      <trkpt lat="28.560949992388487" lon="-16.222670003771782">
        <ele>272.87099999999998</ele>
        <time>2022-05-22T09:03:04Z</time>
      </trkpt>
      <trkpt lat="28.560970025137067" lon="-16.222688024863601">
        <ele>271.55799999999999</ele>
        <time>2022-05-22T09:03:05Z</time>
      </trkpt>
      <trkpt lat="28.560995003208518" lon="-16.222714008763433">
        <ele>269.95299999999997</ele>
        <time>2022-05-22T09:03:07Z</time>
      </trkpt>
      <trkpt lat="28.561011012643576" lon="-16.222733035683632">
        <ele>268.904</ele>
        <time>2022-05-22T09:03:08Z</time>
      </trkpt>
      <trkpt lat="28.561033979058266" lon="-16.222764970734715">
        <ele>267.51400000000001</ele>
        <time>2022-05-22T09:03:10Z</time>
      </trkpt>
      <trkpt lat="28.561056023463607" lon="-16.222796989604831">
        <ele>266.30900000000003</ele>
        <time>2022-05-22T09:03:12Z</time>
      </trkpt>
      <trkpt lat="28.561072032898664" lon="-16.222821967676282">
        <ele>265.56599999999997</ele>
        <time>2022-05-22T09:03:13Z</time>
      </trkpt>
      <trkpt lat="28.561082007363439" lon="-16.222839988768101">
        <ele>265.19499999999999</ele>
        <time>2022-05-22T09:03:14Z</time>
      </trkpt>
      <trkpt lat="28.56110698543489" lon="-16.222879970446229">
        <ele>264.18799999999999</ele>
        <time>2022-05-22T09:03:16Z</time>
      </trkpt>
      <trkpt lat="28.561116959899664" lon="-16.222906038165092">
        <ele>264.06</ele>
        <time>2022-05-22T09:03:17Z</time>
      </trkpt>
      <trkpt lat="28.561126012355089" lon="-16.222931016236544">
        <ele>264.09100000000001</ele>
        <time>2022-05-22T09:03:18Z</time>
      </trkpt>
      <trkpt lat="28.561132969334722" lon="-16.222954988479614">
        <ele>264.08100000000002</ele>
        <time>2022-05-22T09:03:19Z</time>
      </trkpt>
      <trkpt lat="28.561139004305005" lon="-16.222976027056575">
        <ele>264.17500000000001</ele>
        <time>2022-05-22T09:03:20Z</time>
      </trkpt>
      <trkpt lat="28.561145961284637" lon="-16.222999999299645">
        <ele>264.26499999999999</ele>
        <time>2022-05-22T09:03:21Z</time>
      </trkpt>
      <trkpt lat="28.561151996254921" lon="-16.223021037876606">
        <ele>264.392</ele>
        <time>2022-05-22T09:03:22Z</time>
      </trkpt>
      <trkpt lat="28.561164988204837" lon="-16.223035035654902">
        <ele>263.93099999999998</ele>
        <time>2022-05-22T09:03:23Z</time>
      </trkpt>
      <trkpt lat="28.561174040660262" lon="-16.22305297292769">
        <ele>263.86099999999999</ele>
        <time>2022-05-22T09:03:24Z</time>
      </trkpt>
      <trkpt lat="28.561187032610178" lon="-16.223071999847889">
        <ele>263.30700000000002</ele>
        <time>2022-05-22T09:03:25Z</time>
      </trkpt>
      <trkpt lat="28.561197007074952" lon="-16.223093960434198">
        <ele>262.90899999999999</ele>
        <time>2022-05-22T09:03:26Z</time>
      </trkpt>
      <trkpt lat="28.561200024560094" lon="-16.223114999011159">
        <ele>262.94400000000002</ele>
        <time>2022-05-22T09:03:27Z</time>
      </trkpt>
      <trkpt lat="28.561205975711346" lon="-16.22313897125423">
        <ele>262.89299999999997</ele>
        <time>2022-05-22T09:03:28Z</time>
      </trkpt>
      <trkpt lat="28.561205975711346" lon="-16.223165038973093">
        <ele>263.05599999999998</ele>
        <time>2022-05-22T09:03:29Z</time>
      </trkpt>
      <trkpt lat="28.561205975711346" lon="-16.223186999559402">
        <ele>263.26799999999997</ele>
        <time>2022-05-22T09:03:30Z</time>
      </trkpt>
      <trkpt lat="28.561197007074952" lon="-16.223209965974092">
        <ele>263.839</ele>
        <time>2022-05-22T09:03:32Z</time>
      </trkpt>
      <trkpt lat="28.56117102317512" lon="-16.223229998722672">
        <ele>265.279</ele>
        <time>2022-05-22T09:03:34Z</time>
      </trkpt>
      <trkpt lat="28.561158031225204" lon="-16.223248019814491">
        <ele>266.06299999999999</ele>
        <time>2022-05-22T09:03:35Z</time>
      </trkpt>
      <trkpt lat="28.561139004305005" lon="-16.223271992057562">
        <ele>267.24299999999999</ele>
        <time>2022-05-22T09:03:36Z</time>
      </trkpt>
      <trkpt lat="28.561126012355089" lon="-16.223293030634522">
        <ele>268.04000000000002</ele>
        <time>2022-05-22T09:03:37Z</time>
      </trkpt>
      <trkpt lat="28.561116959899664" lon="-16.22331197373569">
        <ele>268.66399999999999</ele>
        <time>2022-05-22T09:03:38Z</time>
      </trkpt>
      <trkpt lat="28.56110698543489" lon="-16.223338963463902">
        <ele>269.20600000000002</ele>
        <time>2022-05-22T09:03:39Z</time>
      </trkpt>
      <trkpt lat="28.56108795851469" lon="-16.223376011475921">
        <ele>270.11599999999999</ele>
        <time>2022-05-22T09:03:41Z</time>
      </trkpt>
      <trkpt lat="28.561077984049916" lon="-16.22339696623385">
        <ele>270.60899999999998</ele>
        <time>2022-05-22T09:03:42Z</time>
      </trkpt>
      <trkpt lat="28.561069015413523" lon="-16.223419010639191">
        <ele>271.03699999999998</ele>
        <time>2022-05-22T09:03:43Z</time>
      </trkpt>
      <trkpt lat="28.561059040948749" lon="-16.223446000367403">
        <ele>271.57600000000002</ele>
        <time>2022-05-22T09:03:44Z</time>
      </trkpt>
      <trkpt lat="28.561053005978465" lon="-16.223475001752377">
        <ele>271.839</ele>
        <time>2022-05-22T09:03:45Z</time>
      </trkpt>
      <trkpt lat="28.561053005978465" lon="-16.223500985652208">
        <ele>271.84100000000001</ele>
        <time>2022-05-22T09:03:46Z</time>
      </trkpt>
      <trkpt lat="28.561053005978465" lon="-16.223527975380421">
        <ele>271.91199999999998</ele>
        <time>2022-05-22T09:03:47Z</time>
      </trkpt>
      <trkpt lat="28.561053005978465" lon="-16.223562005907297">
        <ele>271.99200000000002</ele>
        <time>2022-05-22T09:03:48Z</time>
      </trkpt>
      <trkpt lat="28.561053005978465" lon="-16.223586983978748">
        <ele>271.92599999999999</ele>
        <time>2022-05-22T09:03:49Z</time>
      </trkpt>
      <trkpt lat="28.561045965179801" lon="-16.223613973706961">
        <ele>272.23599999999999</ele>
        <time>2022-05-22T09:03:50Z</time>
      </trkpt>
      <trkpt lat="28.561040014028549" lon="-16.223644986748695">
        <ele>271.97300000000001</ele>
        <time>2022-05-22T09:03:51Z</time>
      </trkpt>
      <trkpt lat="28.561030039563775" lon="-16.223680023103952">
        <ele>271.827</ele>
        <time>2022-05-22T09:03:52Z</time>
      </trkpt>
      <trkpt lat="28.561027022078633" lon="-16.223709024488926">
        <ele>271.46800000000002</ele>
        <time>2022-05-22T09:03:53Z</time>
      </trkpt>
      <trkpt lat="28.561027022078633" lon="-16.223736014217138">
        <ele>270.91399999999999</ele>
        <time>2022-05-22T09:03:54Z</time>
      </trkpt>
      <trkpt lat="28.561027022078633" lon="-16.223765015602112">
        <ele>270.40899999999999</ele>
        <time>2022-05-22T09:03:55Z</time>
      </trkpt>
      <trkpt lat="28.561027022078633" lon="-16.223797034472227">
        <ele>269.82299999999998</ele>
        <time>2022-05-22T09:03:56Z</time>
      </trkpt>
      <trkpt lat="28.561027022078633" lon="-16.223827041685581">
        <ele>269.36200000000002</ele>
        <time>2022-05-22T09:03:57Z</time>
      </trkpt>
      <trkpt lat="28.561027022078633" lon="-16.223855959251523">
        <ele>268.85500000000002</ele>
        <time>2022-05-22T09:03:58Z</time>
      </trkpt>
      <trkpt lat="28.561027022078633" lon="-16.223884960636497">
        <ele>268.21699999999998</ele>
        <time>2022-05-22T09:03:59Z</time>
      </trkpt>
      <trkpt lat="28.561027022078633" lon="-16.223914967849851">
        <ele>267.59800000000001</ele>
        <time>2022-05-22T09:04:00Z</time>
      </trkpt>
      <trkpt lat="28.56102098710835" lon="-16.223943969234824">
        <ele>267.178</ele>
        <time>2022-05-22T09:04:01Z</time>
      </trkpt>
      <trkpt lat="28.561014030128717" lon="-16.223973976448178">
        <ele>266.85199999999998</ele>
        <time>2022-05-22T09:04:02Z</time>
      </trkpt>
      <trkpt lat="28.561004977673292" lon="-16.224001972004771">
        <ele>266.67200000000003</ele>
        <time>2022-05-22T09:04:03Z</time>
      </trkpt>
      <trkpt lat="28.560995003208518" lon="-16.224027033895254">
        <ele>266.67899999999997</ele>
        <time>2022-05-22T09:04:04Z</time>
      </trkpt>
      <trkpt lat="28.560986034572124" lon="-16.224051006138325">
        <ele>266.66199999999998</ele>
        <time>2022-05-22T09:04:05Z</time>
      </trkpt>
      <trkpt lat="28.560972958803177" lon="-16.224071960896254">
        <ele>266.88299999999998</ele>
        <time>2022-05-22T09:04:06Z</time>
      </trkpt>
      <trkpt lat="28.560957033187151" lon="-16.224094005301595">
        <ele>267.31099999999998</ele>
        <time>2022-05-22T09:04:07Z</time>
      </trkpt>
      <trkpt lat="28.560941023752093" lon="-16.224114960059524">
        <ele>267.709</ele>
        <time>2022-05-22T09:04:08Z</time>
      </trkpt>
      <trkpt lat="28.560928031802177" lon="-16.224132981151342">
        <ele>268.15699999999998</ele>
        <time>2022-05-22T09:04:09Z</time>
      </trkpt>
      <trkpt lat="28.560909004881978" lon="-16.224152008071542">
        <ele>268.726</ele>
        <time>2022-05-22T09:04:10Z</time>
      </trkpt>
      <trkpt lat="28.560896012932062" lon="-16.224171034991741">
        <ele>269.11900000000003</ele>
        <time>2022-05-22T09:04:11Z</time>
      </trkpt>
      <trkpt lat="28.560880003497005" lon="-16.224186960607767">
        <ele>269.78100000000001</ele>
        <time>2022-05-22T09:04:12Z</time>
      </trkpt>
      <trkpt lat="28.560863994061947" lon="-16.224205987527966">
        <ele>270.34199999999998</ele>
        <time>2022-05-22T09:04:13Z</time>
      </trkpt>
      <trkpt lat="28.560851002112031" lon="-16.224224008619785">
        <ele>270.79199999999997</ele>
        <time>2022-05-22T09:04:14Z</time>
      </trkpt>
      <trkpt lat="28.560834992676973" lon="-16.224242029711604">
        <ele>271.31599999999997</ele>
        <time>2022-05-22T09:04:15Z</time>
      </trkpt>
      <trkpt lat="28.560822000727057" lon="-16.224258961156011">
        <ele>272.14600000000002</ele>
        <time>2022-05-22T09:04:16Z</time>
      </trkpt>
      <trkpt lat="28.560805991292" lon="-16.224290980026126">
        <ele>272.88299999999998</ele>
        <time>2022-05-22T09:04:18Z</time>
      </trkpt>
      <trkpt lat="28.560800040140748" lon="-16.224319981411099">
        <ele>272.74099999999999</ele>
        <time>2022-05-22T09:04:20Z</time>
      </trkpt>
      <trkpt lat="28.5607869643718" lon="-16.224345965310931">
        <ele>273.28100000000001</ele>
        <time>2022-05-22T09:04:22Z</time>
      </trkpt>
      <trkpt lat="28.56078403070569" lon="-16.224370021373034">
        <ele>272.90899999999999</ele>
        <time>2022-05-22T09:04:24Z</time>
      </trkpt>
      <trkpt lat="28.560789981856942" lon="-16.224391981959343">
        <ele>271.80900000000003</ele>
        <time>2022-05-22T09:04:26Z</time>
      </trkpt>
      <trkpt lat="28.56078403070569" lon="-16.224424000829458">
        <ele>271.66500000000002</ele>
        <time>2022-05-22T09:04:29Z</time>
      </trkpt>
      <trkpt lat="28.560773972421885" lon="-16.224447973072529">
        <ele>271.87400000000002</ele>
        <time>2022-05-22T09:04:31Z</time>
      </trkpt>
      <trkpt lat="28.560765003785491" lon="-16.224479991942644">
        <ele>271.99700000000001</ele>
        <time>2022-05-22T09:04:33Z</time>
      </trkpt>
      <trkpt lat="28.560755029320717" lon="-16.224502036347985">
        <ele>272.31900000000002</ele>
        <time>2022-05-22T09:04:35Z</time>
      </trkpt>
      <trkpt lat="28.560745976865292" lon="-16.224525002762675">
        <ele>272.50999999999999</ele>
        <time>2022-05-22T09:04:37Z</time>
      </trkpt>
      <trkpt lat="28.560732984915376" lon="-16.224548975005746">
        <ele>273.08999999999997</ele>
        <time>2022-05-22T09:04:39Z</time>
      </trkpt>
      <trkpt lat="28.560723010450602" lon="-16.224573031067848">
        <ele>273.32400000000001</ele>
        <time>2022-05-22T09:04:41Z</time>
      </trkpt>
      <trkpt lat="28.560732984915376" lon="-16.224600020796061">
        <ele>271.99400000000003</ele>
        <time>2022-05-22T09:04:44Z</time>
      </trkpt>
      <trkpt lat="28.560748994350433" lon="-16.224620975553989">
        <ele>270.27100000000002</ele>
        <time>2022-05-22T09:04:46Z</time>
      </trkpt>
      <trkpt lat="28.560752011835575" lon="-16.224646037444472">
        <ele>269.52699999999999</ele>
        <time>2022-05-22T09:04:48Z</time>
      </trkpt>
      <trkpt lat="28.560742037370801" lon="-16.224663974717259">
        <ele>269.86799999999999</ele>
        <time>2022-05-22T09:04:50Z</time>
      </trkpt>
      <trkpt lat="28.560729967430234" lon="-16.224688030779362">
        <ele>270.214</ele>
        <time>2022-05-22T09:04:52Z</time>
      </trkpt>
      <trkpt lat="28.560726027935743" lon="-16.224714014679193">
        <ele>269.90899999999999</ele>
        <time>2022-05-22T09:04:54Z</time>
      </trkpt>
      <trkpt lat="28.560716975480318" lon="-16.224744021892548">
        <ele>269.923</ele>
        <time>2022-05-22T09:04:57Z</time>
      </trkpt>
      <trkpt lat="28.560710018500686" lon="-16.224765982478857">
        <ele>270.05200000000002</ele>
        <time>2022-05-22T09:04:59Z</time>
      </trkpt>
      <trkpt lat="28.560674982145429" lon="-16.224778974428773">
        <ele>272.16500000000002</ele>
        <time>2022-05-22T09:05:01Z</time>
      </trkpt>
      <trkpt lat="28.560671964660287" lon="-16.224800013005733">
        <ele>271.93700000000001</ele>
        <time>2022-05-22T09:05:04Z</time>
      </trkpt>
      <trkpt lat="28.560650004073977" lon="-16.224816022440791">
        <ele>273.19799999999998</ele>
        <time>2022-05-22T09:05:06Z</time>
      </trkpt>
      <trkpt lat="28.560624020174146" lon="-16.224830020219088">
        <ele>274.52800000000002</ele>
        <time>2022-05-22T09:05:08Z</time>
      </trkpt>
      <trkpt lat="28.560601975768805" lon="-16.224846029654145">
        <ele>275.73200000000003</ele>
        <time>2022-05-22T09:05:11Z</time>
      </trkpt>
      <trkpt lat="28.560585966333747" lon="-16.224856004118919">
        <ele>276.572</ele>
        <time>2022-05-22T09:05:13Z</time>
      </trkpt>
      <trkpt lat="28.560566017404199" lon="-16.224872013553977">
        <ele>277.53899999999999</ele>
        <time>2022-05-22T09:05:16Z</time>
      </trkpt>
      <trkpt lat="28.560543972998857" lon="-16.224895985797048">
        <ele>278.38200000000001</ele>
        <time>2022-05-22T09:05:18Z</time>
      </trkpt>
      <trkpt lat="28.56052502989769" lon="-16.224905960261822">
        <ele>279.14299999999997</ele>
        <time>2022-05-22T09:05:20Z</time>
      </trkpt>
      <trkpt lat="28.56050600297749" lon="-16.22492004185915">
        <ele>279.71699999999998</ele>
        <time>2022-05-22T09:05:23Z</time>
      </trkpt>
      <trkpt lat="28.560493011027575" lon="-16.224940996617079">
        <ele>279.709</ele>
        <time>2022-05-22T09:05:25Z</time>
      </trkpt>
      <trkpt lat="28.560477001592517" lon="-16.224964968860149">
        <ele>279.82900000000001</ele>
        <time>2022-05-22T09:05:27Z</time>
      </trkpt>
      <trkpt lat="28.560467027127743" lon="-16.224990030750632">
        <ele>279.548</ele>
        <time>2022-05-22T09:05:30Z</time>
      </trkpt>
      <trkpt lat="28.560448000207543" lon="-16.225010985508561">
        <ele>279.58100000000002</ele>
        <time>2022-05-22T09:05:32Z</time>
      </trkpt>
      <trkpt lat="28.560435008257627" lon="-16.22502900660038">
        <ele>279.39299999999997</ele>
        <time>2022-05-22T09:05:35Z</time>
      </trkpt>
      <trkpt lat="28.56041899882257" lon="-16.225046021863818">
        <ele>279.26400000000001</ele>
        <time>2022-05-22T09:05:37Z</time>
      </trkpt>
      <trkpt lat="28.56039997190237" lon="-16.225066976621747">
        <ele>279.25400000000002</ele>
        <time>2022-05-22T09:05:40Z</time>
      </trkpt>
      <trkpt lat="28.560378011316061" lon="-16.225077034905553">
        <ele>279.86799999999999</ele>
        <time>2022-05-22T09:05:42Z</time>
      </trkpt>
      <trkpt lat="28.560365019366145" lon="-16.225098995491862">
        <ele>279.49799999999999</ele>
        <time>2022-05-22T09:05:44Z</time>
      </trkpt>
      <trkpt lat="28.560345992445946" lon="-16.225122967734933">
        <ele>279.39499999999998</ele>
        <time>2022-05-22T09:05:46Z</time>
      </trkpt>
      <trkpt lat="28.560325959697366" lon="-16.225131014361978">
        <ele>279.916</ele>
        <time>2022-05-22T09:05:48Z</time>
      </trkpt>
      <trkpt lat="28.560307016596198" lon="-16.225149035453796">
        <ele>280.17599999999999</ele>
        <time>2022-05-22T09:05:51Z</time>
      </trkpt>
      <trkpt lat="28.560284972190857" lon="-16.225153980776668">
        <ele>281.01299999999998</ele>
        <time>2022-05-22T09:05:53Z</time>
      </trkpt>
      <trkpt lat="28.560266029089689" lon="-16.225176025182009">
        <ele>281.10899999999998</ele>
        <time>2022-05-22T09:05:55Z</time>
      </trkpt>
      <trkpt lat="28.560239961370826" lon="-16.225196979939938">
        <ele>281.68200000000002</ele>
        <time>2022-05-22T09:05:57Z</time>
      </trkpt>
      <trkpt lat="28.5602240357548" lon="-16.225209971889853">
        <ele>281.92099999999999</ele>
        <time>2022-05-22T09:05:58Z</time>
      </trkpt>
      <trkpt lat="28.560192016884685" lon="-16.225235033780336">
        <ele>282.49400000000003</ele>
        <time>2022-05-22T09:06:00Z</time>
      </trkpt>
      <trkpt lat="28.560172989964485" lon="-16.225245008245111">
        <ele>282.94600000000003</ele>
        <time>2022-05-22T09:06:01Z</time>
      </trkpt>
      <trkpt lat="28.560153963044286" lon="-16.225253976881504">
        <ele>283.59699999999998</ele>
        <time>2022-05-22T09:06:02Z</time>
      </trkpt>
      <trkpt lat="28.56013803742826" lon="-16.22526696883142">
        <ele>283.68700000000001</ele>
        <time>2022-05-22T09:06:03Z</time>
      </trkpt>
      <trkpt lat="28.560122027993202" lon="-16.225278032943606">
        <ele>283.82100000000003</ele>
        <time>2022-05-22T09:06:04Z</time>
      </trkpt>
      <trkpt lat="28.560095960274339" lon="-16.225284989923239">
        <ele>284.93099999999998</ele>
        <time>2022-05-22T09:06:06Z</time>
      </trkpt>
      <trkpt lat="28.560064025223255" lon="-16.225306028500199">
        <ele>285.87799999999999</ele>
        <time>2022-05-22T09:06:08Z</time>
      </trkpt>
      <trkpt lat="28.560041980817914" lon="-16.225325977429748">
        <ele>286.11599999999999</ele>
        <time>2022-05-22T09:06:09Z</time>
      </trkpt>
      <trkpt lat="28.560025971382856" lon="-16.225343998521566">
        <ele>286.37599999999998</ele>
        <time>2022-05-22T09:06:10Z</time>
      </trkpt>
      <trkpt lat="28.560009961947799" lon="-16.225362019613385">
        <ele>286.51299999999998</ele>
        <time>2022-05-22T09:06:11Z</time>
      </trkpt>
      <trkpt lat="28.559986995533109" lon="-16.225379034876823">
        <ele>287.10899999999998</ele>
        <time>2022-05-22T09:06:12Z</time>
      </trkpt>
      <trkpt lat="28.559970986098051" lon="-16.225396972149611">
        <ele>287.35199999999998</ele>
        <time>2022-05-22T09:06:13Z</time>
      </trkpt>
      <trkpt lat="28.559957994148135" lon="-16.225413987413049">
        <ele>287.38099999999997</ele>
        <time>2022-05-22T09:06:14Z</time>
      </trkpt>
      <trkpt lat="28.559938967227936" lon="-16.225428991019726">
        <ele>287.74400000000003</ele>
        <time>2022-05-22T09:06:15Z</time>
      </trkpt>
      <trkpt lat="28.55992304161191" lon="-16.225445000454783">
        <ele>287.846</ele>
        <time>2022-05-22T09:06:16Z</time>
      </trkpt>
      <trkpt lat="28.559907032176852" lon="-16.225455980747938">
        <ele>288.11700000000002</ele>
        <time>2022-05-22T09:06:17Z</time>
      </trkpt>
      <trkpt lat="28.559894040226936" lon="-16.225475007668138">
        <ele>287.93700000000001</ele>
        <time>2022-05-22T09:06:18Z</time>
      </trkpt>
      <trkpt lat="28.559881970286369" lon="-16.225493028759956">
        <ele>287.63099999999997</ele>
        <time>2022-05-22T09:06:19Z</time>
      </trkpt>
      <trkpt lat="28.559868978336453" lon="-16.225509960204363">
        <ele>287.44099999999997</ele>
        <time>2022-05-22T09:06:20Z</time>
      </trkpt>
      <trkpt lat="28.559852968901396" lon="-16.225527981296182">
        <ele>287.238</ele>
        <time>2022-05-22T09:06:21Z</time>
      </trkpt>
      <trkpt lat="28.55983997695148" lon="-16.225547008216381">
        <ele>286.827</ele>
        <time>2022-05-22T09:06:22Z</time>
      </trkpt>
      <trkpt lat="28.559826985001564" lon="-16.22556796297431">
        <ele>286.46800000000002</ele>
        <time>2022-05-22T09:06:23Z</time>
      </trkpt>
      <trkpt lat="28.559808041900396" lon="-16.225590007379651">
        <ele>286.41399999999999</ele>
        <time>2022-05-22T09:06:24Z</time>
      </trkpt>
      <trkpt lat="28.559792032465339" lon="-16.225606016814709">
        <ele>286.60899999999998</ele>
        <time>2022-05-22T09:06:25Z</time>
      </trkpt>
      <trkpt lat="28.559773005545139" lon="-16.225621020421386">
        <ele>286.87299999999999</ele>
        <time>2022-05-22T09:06:26Z</time>
      </trkpt>
      <trkpt lat="28.55975397862494" lon="-16.225629989057779">
        <ele>287.31200000000001</ele>
        <time>2022-05-22T09:06:27Z</time>
      </trkpt>
      <trkpt lat="28.559737969189882" lon="-16.225641975179315">
        <ele>287.67500000000001</ele>
        <time>2022-05-22T09:06:28Z</time>
      </trkpt>
      <trkpt lat="28.559718020260334" lon="-16.22565396130085">
        <ele>288.08699999999999</ele>
        <time>2022-05-22T09:06:29Z</time>
      </trkpt>
      <trkpt lat="28.559702010825276" lon="-16.225666031241417">
        <ele>288.47800000000001</ele>
        <time>2022-05-22T09:06:30Z</time>
      </trkpt>
      <trkpt lat="28.559682983905077" lon="-16.225682962685823">
        <ele>288.84800000000001</ele>
        <time>2022-05-22T09:06:31Z</time>
      </trkpt>
      <trkpt lat="28.559669991955161" lon="-16.225698972120881">
        <ele>288.91199999999998</ele>
        <time>2022-05-22T09:06:32Z</time>
      </trkpt>
      <trkpt lat="28.559658005833626" lon="-16.225713975727558">
        <ele>289.08199999999999</ele>
        <time>2022-05-22T09:06:33Z</time>
      </trkpt>
      <trkpt lat="28.559641996398568" lon="-16.225734008476138">
        <ele>289.23899999999998</ele>
        <time>2022-05-22T09:06:35Z</time>
      </trkpt>
      <trkpt lat="28.559629004448652" lon="-16.225756974890828">
        <ele>289.149</ele>
        <time>2022-05-22T09:06:37Z</time>
      </trkpt>
      <trkpt lat="28.559612995013595" lon="-16.225776001811028">
        <ele>289.30200000000002</ele>
        <time>2022-05-22T09:06:40Z</time>
      </trkpt>
      <trkpt lat="28.559600003063679" lon="-16.225797962397337">
        <ele>289.22199999999998</ele>
        <time>2022-05-22T09:06:41Z</time>
      </trkpt>
      <trkpt lat="28.559590028598905" lon="-16.2258240301162">
        <ele>288.90899999999999</ele>
        <time>2022-05-22T09:06:42Z</time>
      </trkpt>
      <trkpt lat="28.559580976143479" lon="-16.225850014016032">
        <ele>289.01499999999999</ele>
        <time>2022-05-22T09:06:44Z</time>
      </trkpt>
      <trkpt lat="28.559562033042312" lon="-16.22588999569416">
        <ele>289.64400000000001</ele>
        <time>2022-05-22T09:06:46Z</time>
      </trkpt>
      <trkpt lat="28.559542000293732" lon="-16.22590902261436">
        <ele>290.53699999999998</ele>
        <time>2022-05-22T09:06:47Z</time>
      </trkpt>
      <trkpt lat="28.559525990858674" lon="-16.225920002907515">
        <ele>291.38900000000001</ele>
        <time>2022-05-22T09:06:48Z</time>
      </trkpt>
      <trkpt lat="28.559509981423616" lon="-16.225939029827714">
        <ele>292.04000000000002</ele>
        <time>2022-05-22T09:06:49Z</time>
      </trkpt>
      <trkpt lat="28.559491038322449" lon="-16.225961996242404">
        <ele>293.05000000000001</ele>
        <time>2022-05-22T09:06:50Z</time>
      </trkpt>
      <trkpt lat="28.559477962553501" lon="-16.225988985970616">
        <ele>293.53399999999999</ele>
        <time>2022-05-22T09:06:51Z</time>
      </trkpt>
      <trkpt lat="28.559472011402249" lon="-16.226013964042068">
        <ele>293.84399999999999</ele>
        <time>2022-05-22T09:06:52Z</time>
      </trkpt>
      <trkpt lat="28.559468993917108" lon="-16.226042965427041">
        <ele>293.87099999999998</ele>
        <time>2022-05-22T09:06:53Z</time>
      </trkpt>
      <trkpt lat="28.559472011402249" lon="-16.226073978468776">
        <ele>293.536</ele>
        <time>2022-05-22T09:06:54Z</time>
      </trkpt>
      <trkpt lat="28.559477962553501" lon="-16.226100968196988">
        <ele>293.017</ele>
        <time>2022-05-22T09:06:55Z</time>
      </trkpt>
      <trkpt lat="28.559491038322449" lon="-16.226128041744232">
        <ele>292.21800000000002</ele>
        <time>2022-05-22T09:06:56Z</time>
      </trkpt>
      <trkpt lat="28.559504030272365" lon="-16.226152013987303">
        <ele>291.40899999999999</ele>
        <time>2022-05-22T09:06:57Z</time>
      </trkpt>
      <trkpt lat="28.559514004737139" lon="-16.226179003715515">
        <ele>290.86399999999998</ele>
        <time>2022-05-22T09:06:58Z</time>
      </trkpt>
      <trkpt lat="28.559520039707422" lon="-16.226202975958586">
        <ele>290.51299999999998</ele>
        <time>2022-05-22T09:06:59Z</time>
      </trkpt>
      <trkpt lat="28.559520039707422" lon="-16.226226026192307">
        <ele>290.55599999999998</ele>
        <time>2022-05-22T09:07:00Z</time>
      </trkpt>
      <trkpt lat="28.559509981423616" lon="-16.226247986778617">
        <ele>291.15800000000002</ele>
        <time>2022-05-22T09:07:01Z</time>
      </trkpt>
      <trkpt lat="28.559504030272365" lon="-16.226271959021688">
        <ele>291.53899999999999</ele>
        <time>2022-05-22T09:07:02Z</time>
      </trkpt>
      <trkpt lat="28.559497995302081" lon="-16.226299032568932">
        <ele>291.93900000000002</ele>
        <time>2022-05-22T09:07:03Z</time>
      </trkpt>
      <trkpt lat="28.559497995302081" lon="-16.226326022297144">
        <ele>291.91300000000001</ele>
        <time>2022-05-22T09:07:04Z</time>
      </trkpt>
      <trkpt lat="28.559504030272365" lon="-16.226346977055073">
        <ele>291.56299999999999</ele>
        <time>2022-05-22T09:07:05Z</time>
      </trkpt>
      <trkpt lat="28.559514004737139" lon="-16.226370027288795">
        <ele>291.06999999999999</ele>
        <time>2022-05-22T09:07:06Z</time>
      </trkpt>
      <trkpt lat="28.559520039707422" lon="-16.226391987875104">
        <ele>290.72300000000001</ele>
        <time>2022-05-22T09:07:07Z</time>
      </trkpt>
      <trkpt lat="28.559525990858674" lon="-16.226417971774936">
        <ele>290.78300000000002</ele>
        <time>2022-05-22T09:07:08Z</time>
      </trkpt>
      <trkpt lat="28.55953898280859" lon="-16.226438004523516">
        <ele>290.31099999999998</ele>
        <time>2022-05-22T09:07:09Z</time>
      </trkpt>
      <trkpt lat="28.559549041092396" lon="-16.226456025615335">
        <ele>289.90899999999999</ele>
        <time>2022-05-22T09:07:10Z</time>
      </trkpt>
      <trkpt lat="28.559562033042312" lon="-16.226474968716502">
        <ele>289.53300000000002</ele>
        <time>2022-05-22T09:07:11Z</time>
      </trkpt>
      <trkpt lat="28.559574019163847" lon="-16.226496007293463">
        <ele>289.15199999999999</ele>
        <time>2022-05-22T09:07:12Z</time>
      </trkpt>
      <trkpt lat="28.559587011113763" lon="-16.226516962051392">
        <ele>288.67500000000001</ele>
        <time>2022-05-22T09:07:13Z</time>
      </trkpt>
      <trkpt lat="28.559600003063679" lon="-16.22653397731483">
        <ele>288.16699999999997</ele>
        <time>2022-05-22T09:07:14Z</time>
      </trkpt>
      <trkpt lat="28.559612995013595" lon="-16.226549986749887">
        <ele>287.63799999999998</ele>
        <time>2022-05-22T09:07:15Z</time>
      </trkpt>
      <trkpt lat="28.559629004448652" lon="-16.226568007841706">
        <ele>286.988</ele>
        <time>2022-05-22T09:07:16Z</time>
      </trkpt>
      <trkpt lat="28.559637973085046" lon="-16.226587034761906">
        <ele>286.74200000000002</ele>
        <time>2022-05-22T09:07:17Z</time>
      </trkpt>
      <trkpt lat="28.559641996398568" lon="-16.226610001176596">
        <ele>286.85199999999998</ele>
        <time>2022-05-22T09:07:18Z</time>
      </trkpt>
      <trkpt lat="28.559648031368852" lon="-16.226634979248047">
        <ele>286.81900000000002</ele>
        <time>2022-05-22T09:07:19Z</time>
      </trkpt>
      <trkpt lat="28.559650965034962" lon="-16.226659035310149">
        <ele>287.04899999999998</ele>
        <time>2022-05-22T09:07:20Z</time>
      </trkpt>
      <trkpt lat="28.559650965034962" lon="-16.226688036695123">
        <ele>287.60199999999998</ele>
        <time>2022-05-22T09:07:21Z</time>
      </trkpt>
      <trkpt lat="28.559648031368852" lon="-16.226715026423335">
        <ele>288.52199999999999</ele>
        <time>2022-05-22T09:07:22Z</time>
      </trkpt>
      <trkpt lat="28.559650965034962" lon="-16.226742016151547">
        <ele>289.00900000000001</ele>
        <time>2022-05-22T09:07:23Z</time>
      </trkpt>
      <trkpt lat="28.559658005833626" lon="-16.226761965081096">
        <ele>289.16500000000002</ele>
        <time>2022-05-22T09:07:24Z</time>
      </trkpt>
      <trkpt lat="28.559666974470019" lon="-16.226784009486437">
        <ele>289.16399999999999</ele>
        <time>2022-05-22T09:07:25Z</time>
      </trkpt>
      <trkpt lat="28.559677032753825" lon="-16.226803036406636">
        <ele>289.09699999999998</ele>
        <time>2022-05-22T09:07:26Z</time>
      </trkpt>
      <trkpt lat="28.559682983905077" lon="-16.226823991164565">
        <ele>289.25900000000001</ele>
        <time>2022-05-22T09:07:27Z</time>
      </trkpt>
      <trkpt lat="28.559692958369851" lon="-16.226847963407636">
        <ele>289.36000000000001</ele>
        <time>2022-05-22T09:07:28Z</time>
      </trkpt>
      <trkpt lat="28.559698993340135" lon="-16.226874031126499">
        <ele>289.62</ele>
        <time>2022-05-22T09:07:29Z</time>
      </trkpt>
      <trkpt lat="28.559708967804909" lon="-16.226902026683092">
        <ele>289.72399999999999</ele>
        <time>2022-05-22T09:07:30Z</time>
      </trkpt>
      <trkpt lat="28.559718020260334" lon="-16.226924993097782">
        <ele>289.82400000000001</ele>
        <time>2022-05-22T09:07:31Z</time>
      </trkpt>
      <trkpt lat="28.559718020260334" lon="-16.226951982825994">
        <ele>290.48099999999999</ele>
        <time>2022-05-22T09:07:32Z</time>
      </trkpt>
      <trkpt lat="28.559721959754825" lon="-16.226976038888097">
        <ele>290.72800000000001</ele>
        <time>2022-05-22T09:07:33Z</time>
      </trkpt>
      <trkpt lat="28.559721959754825" lon="-16.227000011131167">
        <ele>291.28899999999999</ele>
        <time>2022-05-22T09:07:34Z</time>
      </trkpt>
      <trkpt lat="28.559721959754825" lon="-16.227023983374238">
        <ele>291.71699999999998</ele>
        <time>2022-05-22T09:07:35Z</time>
      </trkpt>
      <trkpt lat="28.559721959754825" lon="-16.227046027779579">
        <ele>292.209</ele>
        <time>2022-05-22T09:07:36Z</time>
      </trkpt>
      <trkpt lat="28.559721959754825" lon="-16.227066982537508">
        <ele>292.79300000000001</ele>
        <time>2022-05-22T09:07:37Z</time>
      </trkpt>
      <trkpt lat="28.559715002775192" lon="-16.22709397226572">
        <ele>293.62200000000001</ele>
        <time>2022-05-22T09:07:38Z</time>
      </trkpt>
      <trkpt lat="28.559706034138799" lon="-16.227117022499442">
        <ele>294.61500000000001</ele>
        <time>2022-05-22T09:07:39Z</time>
      </trkpt>
      <trkpt lat="28.559702010825276" lon="-16.227140994742513">
        <ele>295.41699999999997</ele>
        <time>2022-05-22T09:07:40Z</time>
      </trkpt>
      <trkpt lat="28.559698993340135" lon="-16.227162033319473">
        <ele>296.048</ele>
        <time>2022-05-22T09:07:41Z</time>
      </trkpt>
      <trkpt lat="28.559692958369851" lon="-16.227180976420641">
        <ele>296.738</ele>
        <time>2022-05-22T09:07:42Z</time>
      </trkpt>
      <trkpt lat="28.559695975854993" lon="-16.22722196392715">
        <ele>297.452</ele>
        <time>2022-05-22T09:07:44Z</time>
      </trkpt>
      <trkpt lat="28.559702010825276" lon="-16.227248031646013">
        <ele>297.822</ele>
        <time>2022-05-22T09:07:45Z</time>
      </trkpt>
      <trkpt lat="28.559711985290051" lon="-16.227269992232323">
        <ele>297.98899999999998</ele>
        <time>2022-05-22T09:07:46Z</time>
      </trkpt>
      <trkpt lat="28.559727994725108" lon="-16.227288013324142">
        <ele>297.77699999999999</ele>
        <time>2022-05-22T09:07:47Z</time>
      </trkpt>
      <trkpt lat="28.559747021645308" lon="-16.227302011102438">
        <ele>297.36099999999999</ele>
        <time>2022-05-22T09:07:48Z</time>
      </trkpt>
      <trkpt lat="28.559763031080365" lon="-16.227320032194257">
        <ele>297.12700000000001</ele>
        <time>2022-05-22T09:07:49Z</time>
      </trkpt>
      <trkpt lat="28.559779040515423" lon="-16.227337969467044">
        <ele>297.00900000000001</ele>
        <time>2022-05-22T09:07:50Z</time>
      </trkpt>
      <trkpt lat="28.55979798361659" lon="-16.227353978902102">
        <ele>296.75799999999998</ele>
        <time>2022-05-22T09:07:51Z</time>
      </trkpt>
      <trkpt lat="28.559813993051648" lon="-16.227367976680398">
        <ele>296.49700000000001</ele>
        <time>2022-05-22T09:07:52Z</time>
      </trkpt>
      <trkpt lat="28.559830002486706" lon="-16.227381974458694">
        <ele>296.13999999999999</ele>
        <time>2022-05-22T09:07:53Z</time>
      </trkpt>
      <trkpt lat="28.559846011921763" lon="-16.22739396058023">
        <ele>295.822</ele>
        <time>2022-05-22T09:07:54Z</time>
      </trkpt>
      <trkpt lat="28.559865960851312" lon="-16.227407958358526">
        <ele>295.31299999999999</ele>
        <time>2022-05-22T09:07:55Z</time>
      </trkpt>
      <trkpt lat="28.559897979721427" lon="-16.227426985278726">
        <ele>294.57299999999998</ele>
        <time>2022-05-22T09:07:57Z</time>
      </trkpt>
      <trkpt lat="28.55992597527802" lon="-16.227453975006938">
        <ele>294.03699999999998</ele>
        <time>2022-05-22T09:07:59Z</time>
      </trkpt>
      <trkpt lat="28.559938967227936" lon="-16.227469984441996">
        <ele>293.92700000000002</ele>
        <time>2022-05-22T09:08:00Z</time>
      </trkpt>
      <trkpt lat="28.559957994148135" lon="-16.227485993877053">
        <ele>293.524</ele>
        <time>2022-05-22T09:08:01Z</time>
      </trkpt>
      <trkpt lat="28.55999001301825" lon="-16.227511977776885">
        <ele>292.65199999999999</ele>
        <time>2022-05-22T09:08:03Z</time>
      </trkpt>
      <trkpt lat="28.560009961947799" lon="-16.227525975555182">
        <ele>292.053</ele>
        <time>2022-05-22T09:08:04Z</time>
      </trkpt>
      <trkpt lat="28.560025971382856" lon="-16.227538967505097">
        <ele>291.40800000000002</ele>
        <time>2022-05-22T09:08:05Z</time>
      </trkpt>
      <trkpt lat="28.560044998303056" lon="-16.227551959455013">
        <ele>290.709</ele>
        <time>2022-05-22T09:08:06Z</time>
      </trkpt>
      <trkpt lat="28.560061007738113" lon="-16.2275630235672">
        <ele>290.13600000000002</ele>
        <time>2022-05-22T09:08:07Z</time>
      </trkpt>
      <trkpt lat="28.560080034658313" lon="-16.227570986375213">
        <ele>289.22500000000002</ele>
        <time>2022-05-22T09:08:08Z</time>
      </trkpt>
      <trkpt lat="28.56009897775948" lon="-16.227581966668367">
        <ele>288.58800000000002</ele>
        <time>2022-05-22T09:08:09Z</time>
      </trkpt>
      <trkpt lat="28.560114987194538" lon="-16.227592024952173">
        <ele>287.91000000000003</ele>
        <time>2022-05-22T09:08:10Z</time>
      </trkpt>
      <trkpt lat="28.560134014114738" lon="-16.227599987760186">
        <ele>287.01100000000002</ele>
        <time>2022-05-22T09:08:11Z</time>
      </trkpt>
      <trkpt lat="28.560159998014569" lon="-16.227610968053341">
        <ele>285.911</ele>
        <time>2022-05-22T09:08:13Z</time>
      </trkpt>
      <trkpt lat="28.560179024934769" lon="-16.227619014680386">
        <ele>285.19499999999999</ele>
        <time>2022-05-22T09:08:16Z</time>
      </trkpt>
      <trkpt lat="28.560185981914401" lon="-16.227646004408598">
        <ele>285.315</ele>
        <time>2022-05-22T09:10:28Z</time>
      </trkpt>
      <trkpt lat="28.560197968035936" lon="-16.227632006630301">
        <ele>284.42200000000003</ele>
        <time>2022-05-22T09:10:35Z</time>
      </trkpt>
      <trkpt lat="28.560234010219574" lon="-16.227639969438314">
        <ele>282.79599999999999</ele>
        <time>2022-05-22T09:10:37Z</time>
      </trkpt>
      <trkpt lat="28.560268962755799" lon="-16.227648016065359">
        <ele>281.13099999999997</ele>
        <time>2022-05-22T09:10:39Z</time>
      </trkpt>
      <trkpt lat="28.560287989675999" lon="-16.22765296138823">
        <ele>280.32400000000001</ele>
        <time>2022-05-22T09:10:40Z</time>
      </trkpt>
      <trkpt lat="28.560307016596198" lon="-16.227661008015275">
        <ele>279.50900000000001</ele>
        <time>2022-05-22T09:10:41Z</time>
      </trkpt>
      <trkpt lat="28.560323026031256" lon="-16.227677017450333">
        <ele>279.08999999999997</ele>
        <time>2022-05-22T09:10:42Z</time>
      </trkpt>
      <trkpt lat="28.560341969132423" lon="-16.227687997743487">
        <ele>278.26900000000001</ele>
        <time>2022-05-22T09:10:43Z</time>
      </trkpt>
      <trkpt lat="28.560378011316061" lon="-16.227698978036642">
        <ele>276.69200000000001</ele>
        <time>2022-05-22T09:10:45Z</time>
      </trkpt>
      <trkpt lat="28.56039703823626" lon="-16.227706018835306">
        <ele>275.81400000000002</ele>
        <time>2022-05-22T09:10:46Z</time>
      </trkpt>
      <trkpt lat="28.560415981337428" lon="-16.227709958329797">
        <ele>274.94499999999999</ele>
        <time>2022-05-22T09:10:47Z</time>
      </trkpt>
      <trkpt lat="28.560435008257627" lon="-16.227716999128461">
        <ele>274.19499999999999</ele>
        <time>2022-05-22T09:10:48Z</time>
      </trkpt>
      <trkpt lat="28.560473984107375" lon="-16.227722028270364">
        <ele>272.279</ele>
        <time>2022-05-22T09:10:50Z</time>
      </trkpt>
      <trkpt lat="28.560496028512716" lon="-16.227725967764854">
        <ele>271.21899999999999</ele>
        <time>2022-05-22T09:10:51Z</time>
      </trkpt>
      <trkpt lat="28.560514971613884" lon="-16.227729991078377">
        <ele>270.39600000000002</ele>
        <time>2022-05-22T09:10:52Z</time>
      </trkpt>
      <trkpt lat="28.560533998534083" lon="-16.22773602604866">
        <ele>269.57400000000001</ele>
        <time>2022-05-22T09:10:53Z</time>
      </trkpt>
      <trkpt lat="28.560572974383831" lon="-16.227738037705421">
        <ele>268.05599999999998</ele>
        <time>2022-05-22T09:10:55Z</time>
      </trkpt>
      <trkpt lat="28.560595018789172" lon="-16.227738037705421">
        <ele>267.42099999999999</ele>
        <time>2022-05-22T09:10:56Z</time>
      </trkpt>
      <trkpt lat="28.56061396189034" lon="-16.227746000513434">
        <ele>267.00900000000001</ele>
        <time>2022-05-22T09:10:57Z</time>
      </trkpt>
      <trkpt lat="28.560642963275313" lon="-16.227767961099744">
        <ele>266.65800000000002</ele>
        <time>2022-05-22T09:10:59Z</time>
      </trkpt>
      <trkpt lat="28.560661990195513" lon="-16.22777902521193">
        <ele>266.33699999999999</ele>
        <time>2022-05-22T09:11:00Z</time>
      </trkpt>
      <trkpt lat="28.560682022944093" lon="-16.227790005505085">
        <ele>265.91000000000003</ele>
        <time>2022-05-22T09:11:01Z</time>
      </trkpt>
      <trkpt lat="28.560694009065628" lon="-16.227805009111762">
        <ele>265.84199999999998</ele>
        <time>2022-05-22T09:11:02Z</time>
      </trkpt>
      <trkpt lat="28.560707001015544" lon="-16.227824036031961">
        <ele>265.68299999999999</ele>
        <time>2022-05-22T09:11:03Z</time>
      </trkpt>
      <trkpt lat="28.560723010450602" lon="-16.227845996618271">
        <ele>265.41300000000001</ele>
        <time>2022-05-22T09:11:04Z</time>
      </trkpt>
      <trkpt lat="28.560742037370801" lon="-16.227882038801908">
        <ele>265.24700000000001</ele>
        <time>2022-05-22T09:11:06Z</time>
      </trkpt>
      <trkpt lat="28.560755029320717" lon="-16.227906011044979">
        <ele>265.02699999999999</ele>
        <time>2022-05-22T09:11:07Z</time>
      </trkpt>
      <trkpt lat="28.560768021270633" lon="-16.227923026308417">
        <ele>264.85399999999998</ele>
        <time>2022-05-22T09:11:08Z</time>
      </trkpt>
      <trkpt lat="28.560781013220549" lon="-16.227943981066346">
        <ele>264.67200000000003</ele>
        <time>2022-05-22T09:11:09Z</time>
      </trkpt>
      <trkpt lat="28.560794005170465" lon="-16.227965019643307">
        <ele>264.41300000000001</ele>
        <time>2022-05-22T09:11:10Z</time>
      </trkpt>
      <trkpt lat="28.560802973806858" lon="-16.227986980229616">
        <ele>264.41399999999999</ele>
        <time>2022-05-22T09:11:11Z</time>
      </trkpt>
      <trkpt lat="28.560810014605522" lon="-16.228013969957829">
        <ele>264.40899999999999</ele>
        <time>2022-05-22T09:11:12Z</time>
      </trkpt>
      <trkpt lat="28.560818983241916" lon="-16.228042971342802">
        <ele>264.37799999999999</ele>
        <time>2022-05-22T09:11:13Z</time>
      </trkpt>
      <trkpt lat="28.560829041525722" lon="-16.228067027404904">
        <ele>264.09699999999998</ele>
        <time>2022-05-22T09:11:14Z</time>
      </trkpt>
      <trkpt lat="28.560831975191832" lon="-16.228087982162833">
        <ele>263.66000000000003</ele>
        <time>2022-05-22T09:11:15Z</time>
      </trkpt>
      <trkpt lat="28.560844967141747" lon="-16.228114971891046">
        <ele>262.69200000000001</ele>
        <time>2022-05-22T09:11:16Z</time>
      </trkpt>
      <trkpt lat="28.560854019597173" lon="-16.228138022124767">
        <ele>261.93299999999999</ele>
        <time>2022-05-22T09:11:17Z</time>
      </trkpt>
      <trkpt lat="28.560860976576805" lon="-16.228163000196218">
        <ele>261.39299999999997</ele>
        <time>2022-05-22T09:11:18Z</time>
      </trkpt>
      <trkpt lat="28.56087002903223" lon="-16.228185966610909">
        <ele>260.65699999999998</ele>
        <time>2022-05-22T09:11:19Z</time>
      </trkpt>
      <trkpt lat="28.560880003497005" lon="-16.22820801101625">
        <ele>259.93700000000001</ele>
        <time>2022-05-22T09:11:20Z</time>
      </trkpt>
      <trkpt lat="28.560899030417204" lon="-16.228253021836281">
        <ele>258.59399999999999</ele>
        <time>2022-05-22T09:11:22Z</time>
      </trkpt>
      <trkpt lat="28.560909004881978" lon="-16.228271964937449">
        <ele>257.827</ele>
        <time>2022-05-22T09:11:23Z</time>
      </trkpt>
      <trkpt lat="28.560917973518372" lon="-16.228298032656312">
        <ele>257.16800000000001</ele>
        <time>2022-05-22T09:11:24Z</time>
      </trkpt>
      <trkpt lat="28.560928031802177" lon="-16.22831798158586">
        <ele>256.51400000000001</ele>
        <time>2022-05-22T09:11:25Z</time>
      </trkpt>
      <trkpt lat="28.560941023752093" lon="-16.22833801433444">
        <ele>255.709</ele>
        <time>2022-05-22T09:11:26Z</time>
      </trkpt>
      <trkpt lat="28.560966001823545" lon="-16.228365004062653">
        <ele>254.71299999999999</ele>
        <time>2022-05-22T09:11:28Z</time>
      </trkpt>
      <trkpt lat="28.56097899377346" lon="-16.228385958820581">
        <ele>254.15199999999999</ele>
        <time>2022-05-22T09:11:29Z</time>
      </trkpt>
      <trkpt lat="28.560982011258602" lon="-16.228410014882684">
        <ele>254.035</ele>
        <time>2022-05-22T09:11:30Z</time>
      </trkpt>
      <trkpt lat="28.560982011258602" lon="-16.228431975468993">
        <ele>253.95699999999999</ele>
        <time>2022-05-22T09:11:31Z</time>
      </trkpt>
      <trkpt lat="28.560982011258602" lon="-16.228470029309392">
        <ele>253.83799999999999</ele>
        <time>2022-05-22T09:11:33Z</time>
      </trkpt>
      <trkpt lat="28.560982011258602" lon="-16.228490984067321">
        <ele>253.81800000000001</ele>
        <time>2022-05-22T09:11:34Z</time>
      </trkpt>
      <trkpt lat="28.560988968238235" lon="-16.228516967967153">
        <ele>253.58199999999999</ele>
        <time>2022-05-22T09:11:35Z</time>
      </trkpt>
      <trkpt lat="28.560988968238235" lon="-16.228541024029255">
        <ele>253.41200000000001</ele>
        <time>2022-05-22T09:11:36Z</time>
      </trkpt>
      <trkpt lat="28.560991985723376" lon="-16.228562984615564">
        <ele>253.22900000000001</ele>
        <time>2022-05-22T09:11:37Z</time>
      </trkpt>
      <trkpt lat="28.56099802069366" lon="-16.228584023192525">
        <ele>252.922</ele>
        <time>2022-05-22T09:11:38Z</time>
      </trkpt>
      <trkpt lat="28.56100196018815" lon="-16.228604977950454">
        <ele>252.762</ele>
        <time>2022-05-22T09:11:39Z</time>
      </trkpt>
      <trkpt lat="28.561007995158434" lon="-16.228629034012556">
        <ele>252.40799999999999</ele>
        <time>2022-05-22T09:11:40Z</time>
      </trkpt>
      <trkpt lat="28.561011012643576" lon="-16.228649988770485">
        <ele>252.10900000000001</ele>
        <time>2022-05-22T09:11:41Z</time>
      </trkpt>
      <trkpt lat="28.561017969623208" lon="-16.228669015690684">
        <ele>251.773</ele>
        <time>2022-05-22T09:11:42Z</time>
      </trkpt>
      <trkpt lat="28.56102098710835" lon="-16.228692987933755">
        <ele>251.53200000000001</ele>
        <time>2022-05-22T09:11:43Z</time>
      </trkpt>
      <trkpt lat="28.561027022078633" lon="-16.228715032339096">
        <ele>251.14500000000001</ele>
        <time>2022-05-22T09:11:44Z</time>
      </trkpt>
      <trkpt lat="28.561030039563775" lon="-16.228761970996857">
        <ele>250.86699999999999</ele>
        <time>2022-05-22T09:11:46Z</time>
      </trkpt>
      <trkpt lat="28.561040014028549" lon="-16.228782003745437">
        <ele>250.33799999999999</ele>
        <time>2022-05-22T09:11:47Z</time>
      </trkpt>
      <trkpt lat="28.561043031513691" lon="-16.228804970160127">
        <ele>250.19800000000001</ele>
        <time>2022-05-22T09:11:48Z</time>
      </trkpt>
      <trkpt lat="28.561049988493323" lon="-16.228847969323397">
        <ele>249.66200000000001</ele>
        <time>2022-05-22T09:11:50Z</time>
      </trkpt>
      <trkpt lat="28.561053005978465" lon="-16.228869007900357">
        <ele>249.422</ele>
        <time>2022-05-22T09:11:51Z</time>
      </trkpt>
      <trkpt lat="28.561053005978465" lon="-16.228893985971808">
        <ele>249.399</ele>
        <time>2022-05-22T09:11:52Z</time>
      </trkpt>
      <trkpt lat="28.561056023463607" lon="-16.22891703620553">
        <ele>249.149</ele>
        <time>2022-05-22T09:11:53Z</time>
      </trkpt>
      <trkpt lat="28.561069015413523" lon="-16.22896196320653">
        <ele>248.40199999999999</ele>
        <time>2022-05-22T09:11:55Z</time>
      </trkpt>
      <trkpt lat="28.561069015413523" lon="-16.22900303453207">
        <ele>248.322</ele>
        <time>2022-05-22T09:11:57Z</time>
      </trkpt>
      <trkpt lat="28.561061974614859" lon="-16.22904603369534">
        <ele>248.40899999999999</ele>
        <time>2022-05-22T09:11:59Z</time>
      </trkpt>
      <trkpt lat="28.561053005978465" lon="-16.229066988453269">
        <ele>248.755</ele>
        <time>2022-05-22T09:12:00Z</time>
      </trkpt>
      <trkpt lat="28.561043031513691" lon="-16.22909096069634">
        <ele>249.01400000000001</ele>
        <time>2022-05-22T09:12:01Z</time>
      </trkpt>
      <trkpt lat="28.561030039563775" lon="-16.229137983173132">
        <ele>249.33699999999999</ele>
        <time>2022-05-22T09:12:03Z</time>
      </trkpt>
      <trkpt lat="28.561027022078633" lon="-16.22917402535677">
        <ele>249.31899999999999</ele>
        <time>2022-05-22T09:12:04Z</time>
      </trkpt>
      <trkpt lat="28.561027022078633" lon="-16.229202020913363">
        <ele>249.25999999999999</ele>
        <time>2022-05-22T09:12:05Z</time>
      </trkpt>
      <trkpt lat="28.561033979058266" lon="-16.229230016469955">
        <ele>248.81999999999999</ele>
        <time>2022-05-22T09:12:06Z</time>
      </trkpt>
      <trkpt lat="28.561040014028549" lon="-16.229258012026548">
        <ele>248.56399999999999</ele>
        <time>2022-05-22T09:12:07Z</time>
      </trkpt>
      <trkpt lat="28.561049988493323" lon="-16.229279972612858">
        <ele>248.04400000000001</ele>
        <time>2022-05-22T09:12:08Z</time>
      </trkpt>
      <trkpt lat="28.561053005978465" lon="-16.229317020624876">
        <ele>247.84100000000001</ele>
        <time>2022-05-22T09:12:09Z</time>
      </trkpt>
      <trkpt lat="28.561061974614859" lon="-16.229338981211185">
        <ele>247.34800000000001</ele>
        <time>2022-05-22T09:12:10Z</time>
      </trkpt>
      <trkpt lat="28.561082007363439" lon="-16.229363037273288">
        <ele>246.46100000000001</ele>
        <time>2022-05-22T09:12:11Z</time>
      </trkpt>
      <trkpt lat="28.56108502484858" lon="-16.229383992031217">
        <ele>246.31700000000001</ele>
        <time>2022-05-22T09:12:12Z</time>
      </trkpt>
      <trkpt lat="28.561090975999832" lon="-16.229416010901332">
        <ele>245.90899999999999</ele>
        <time>2022-05-22T09:12:13Z</time>
      </trkpt>
      <trkpt lat="28.561103967949748" lon="-16.229437971487641">
        <ele>245.32499999999999</ele>
        <time>2022-05-22T09:12:14Z</time>
      </trkpt>
      <trkpt lat="28.561116959899664" lon="-16.229490023106337">
        <ele>245.17400000000001</ele>
        <time>2022-05-22T09:12:16Z</time>
      </trkpt>
      <trkpt lat="28.561119977384806" lon="-16.229513995349407">
        <ele>245.15700000000001</ele>
        <time>2022-05-22T09:12:17Z</time>
      </trkpt>
      <trkpt lat="28.561122994869947" lon="-16.229534028097987">
        <ele>245.18899999999999</ele>
        <time>2022-05-22T09:12:18Z</time>
      </trkpt>
      <trkpt lat="28.561119977384806" lon="-16.229558000341058">
        <ele>245.44999999999999</ele>
        <time>2022-05-22T09:12:19Z</time>
      </trkpt>
      <trkpt lat="28.561110002920032" lon="-16.229593958705664">
        <ele>246.18000000000001</ele>
        <time>2022-05-22T09:12:21Z</time>
      </trkpt>
      <trkpt lat="28.561098016798496" lon="-16.229628995060921">
        <ele>246.834</ele>
        <time>2022-05-22T09:12:23Z</time>
      </trkpt>
      <trkpt lat="28.561082007363439" lon="-16.229646010324359">
        <ele>247.59399999999999</ele>
        <time>2022-05-22T09:12:24Z</time>
      </trkpt>
      <trkpt lat="28.561069015413523" lon="-16.229671994224191">
        <ele>248.261</ele>
        <time>2022-05-22T09:12:25Z</time>
      </trkpt>
      <trkpt lat="28.561053005978465" lon="-16.229694038629532">
        <ele>248.947</ele>
        <time>2022-05-22T09:12:26Z</time>
      </trkpt>
      <trkpt lat="28.561040014028549" lon="-16.229717005044222">
        <ele>249.529</ele>
        <time>2022-05-22T09:12:27Z</time>
      </trkpt>
      <trkpt lat="28.561027022078633" lon="-16.229737959802151">
        <ele>250.221</ele>
        <time>2022-05-22T09:12:28Z</time>
      </trkpt>
      <trkpt lat="28.561017969623208" lon="-16.229754975065589">
        <ele>250.709</ele>
        <time>2022-05-22T09:12:29Z</time>
      </trkpt>
      <trkpt lat="28.561007995158434" lon="-16.229774001985788">
        <ele>251.23500000000001</ele>
        <time>2022-05-22T09:12:30Z</time>
      </trkpt>
      <trkpt lat="28.560988968238235" lon="-16.229796968400478">
        <ele>252.17400000000001</ele>
        <time>2022-05-22T09:12:32Z</time>
      </trkpt>
      <trkpt lat="28.560982011258602" lon="-16.229823958128691">
        <ele>252.64699999999999</ele>
        <time>2022-05-22T09:12:34Z</time>
      </trkpt>
      <trkpt lat="28.560988968238235" lon="-16.229850025847554">
        <ele>252.679</ele>
        <time>2022-05-22T09:12:36Z</time>
      </trkpt>
      <trkpt lat="28.56099802069366" lon="-16.229869974777102">
        <ele>252.50999999999999</ele>
        <time>2022-05-22T09:12:38Z</time>
      </trkpt>
      <trkpt lat="28.561017969623208" lon="-16.229893025010824">
        <ele>252.06</ele>
        <time>2022-05-22T09:12:40Z</time>
      </trkpt>
      <trkpt lat="28.561033979058266" lon="-16.22990601696074">
        <ele>251.64400000000001</ele>
        <time>2022-05-22T09:12:42Z</time>
      </trkpt>
      <trkpt lat="28.561053005978465" lon="-16.229924960061908">
        <ele>251.154</ele>
        <time>2022-05-22T09:12:44Z</time>
      </trkpt>
      <trkpt lat="28.561082007363439" lon="-16.229939041659236">
        <ele>250.31100000000001</ele>
        <time>2022-05-22T09:12:47Z</time>
      </trkpt>
      <trkpt lat="28.561101034283638" lon="-16.229956978932023">
        <ele>249.959</ele>
        <time>2022-05-22T09:12:49Z</time>
      </trkpt>
      <trkpt lat="28.561119977384806" lon="-16.229981034994125">
        <ele>249.50299999999999</ele>
        <time>2022-05-22T09:12:51Z</time>
      </trkpt>
      <trkpt lat="28.561132969334722" lon="-16.230001989752054">
        <ele>249.423</ele>
        <time>2022-05-22T09:12:53Z</time>
      </trkpt>
      <trkpt lat="28.561145961284637" lon="-16.230022022500634">
        <ele>249.40899999999999</ele>
        <time>2022-05-22T09:12:55Z</time>
      </trkpt>
      <trkpt lat="28.561161970719695" lon="-16.230050018057227">
        <ele>249.416</ele>
        <time>2022-05-22T09:12:57Z</time>
      </trkpt>
      <trkpt lat="28.561184015125036" lon="-16.230069966986775">
        <ele>249.285</ele>
        <time>2022-05-22T09:12:59Z</time>
      </trkpt>
      <trkpt lat="28.561200024560094" lon="-16.230084970593452">
        <ele>249.02799999999999</ele>
        <time>2022-05-22T09:13:00Z</time>
      </trkpt>
      <trkpt lat="28.561218967661262" lon="-16.230098968371749">
        <ele>248.75</ele>
        <time>2022-05-22T09:13:01Z</time>
      </trkpt>
      <trkpt lat="28.561242017894983" lon="-16.230111960321665">
        <ele>248.251</ele>
        <time>2022-05-22T09:13:02Z</time>
      </trkpt>
      <trkpt lat="28.561263978481293" lon="-16.230125036090612">
        <ele>247.87100000000001</ele>
        <time>2022-05-22T09:13:03Z</time>
      </trkpt>
      <trkpt lat="28.56127998791635" lon="-16.230139033868909">
        <ele>247.66499999999999</ele>
        <time>2022-05-22T09:13:04Z</time>
      </trkpt>
      <trkpt lat="28.561295997351408" lon="-16.230149008333683">
        <ele>247.42500000000001</ele>
        <time>2022-05-22T09:13:05Z</time>
      </trkpt>
      <trkpt lat="28.561315024271607" lon="-16.230159988626838">
        <ele>247.03200000000001</ele>
        <time>2022-05-22T09:13:06Z</time>
      </trkpt>
      <trkpt lat="28.561337990686297" lon="-16.230172980576754">
        <ele>246.61799999999999</ele>
        <time>2022-05-22T09:13:07Z</time>
      </trkpt>
      <trkpt lat="28.561373027041554" lon="-16.230197958648205">
        <ele>246.09800000000001</ele>
        <time>2022-05-22T09:13:09Z</time>
      </trkpt>
      <trkpt lat="28.561389036476612" lon="-16.230208016932011">
        <ele>245.71700000000001</ele>
        <time>2022-05-22T09:13:10Z</time>
      </trkpt>
      <trkpt lat="28.561410997062922" lon="-16.230222014710307">
        <ele>245.40899999999999</ele>
        <time>2022-05-22T09:13:11Z</time>
      </trkpt>
      <trkpt lat="28.561430023983121" lon="-16.230237018316984">
        <ele>245.21199999999999</ele>
        <time>2022-05-22T09:13:12Z</time>
      </trkpt>
      <trkpt lat="28.561446033418179" lon="-16.2302500102669">
        <ele>245.011</ele>
        <time>2022-05-22T09:13:13Z</time>
      </trkpt>
      <trkpt lat="28.561461959034204" lon="-16.230260990560055">
        <ele>244.88399999999999</ele>
        <time>2022-05-22T09:13:14Z</time>
      </trkpt>
      <trkpt lat="28.561475034803152" lon="-16.230276999995112">
        <ele>244.86600000000001</ele>
        <time>2022-05-22T09:13:15Z</time>
      </trkpt>
      <trkpt lat="28.561498001217842" lon="-16.230313964188099">
        <ele>244.917</ele>
        <time>2022-05-22T09:13:17Z</time>
      </trkpt>
      <trkpt lat="28.561519961804152" lon="-16.230343971401453">
        <ele>244.93700000000001</ele>
        <time>2022-05-22T09:13:19Z</time>
      </trkpt>
      <trkpt lat="28.561533037573099" lon="-16.230361992493272">
        <ele>244.911</ele>
        <time>2022-05-22T09:13:20Z</time>
      </trkpt>
      <trkpt lat="28.56155801564455" lon="-16.230388982221484">
        <ele>244.78100000000001</ele>
        <time>2022-05-22T09:13:22Z</time>
      </trkpt>
      <trkpt lat="28.561574025079608" lon="-16.230410020798445">
        <ele>244.738</ele>
        <time>2022-05-22T09:13:23Z</time>
      </trkpt>
      <trkpt lat="28.561587017029524" lon="-16.230427036061883">
        <ele>244.79499999999999</ele>
        <time>2022-05-22T09:13:24Z</time>
      </trkpt>
      <trkpt lat="28.561613000929356" lon="-16.230457965284586">
        <ele>244.649</ele>
        <time>2022-05-22T09:13:26Z</time>
      </trkpt>
      <trkpt lat="28.561629010364413" lon="-16.230471963062882">
        <ele>244.423</ele>
        <time>2022-05-22T09:13:27Z</time>
      </trkpt>
      <trkpt lat="28.561648037284613" lon="-16.230496019124985">
        <ele>244.40899999999999</ele>
        <time>2022-05-22T09:13:28Z</time>
      </trkpt>
      <trkpt lat="28.561674021184444" lon="-16.2305280379951">
        <ele>244.36000000000001</ele>
        <time>2022-05-22T09:13:30Z</time>
      </trkpt>
      <trkpt lat="28.561692964285612" lon="-16.230549998581409">
        <ele>244.15899999999999</ele>
        <time>2022-05-22T09:13:31Z</time>
      </trkpt>
      <trkpt lat="28.56170604005456" lon="-16.230570031329989">
        <ele>243.94200000000001</ele>
        <time>2022-05-22T09:13:32Z</time>
      </trkpt>
      <trkpt lat="28.561734035611153" lon="-16.230600038543344">
        <ele>243.32400000000001</ele>
        <time>2022-05-22T09:13:34Z</time>
      </trkpt>
      <trkpt lat="28.561749961227179" lon="-16.230615964159369">
        <ele>242.95500000000001</ele>
        <time>2022-05-22T09:13:35Z</time>
      </trkpt>
      <trkpt lat="28.5617730114609" lon="-16.230629961937666">
        <ele>242.45500000000001</ele>
        <time>2022-05-22T09:13:36Z</time>
      </trkpt>
      <trkpt lat="28.561789020895958" lon="-16.230644965544343">
        <ele>242.119</ele>
        <time>2022-05-22T09:13:37Z</time>
      </trkpt>
      <trkpt lat="28.561805030331016" lon="-16.230656029656529">
        <ele>241.81899999999999</ele>
        <time>2022-05-22T09:13:38Z</time>
      </trkpt>
      <trkpt lat="28.561821039766073" lon="-16.230669021606445">
        <ele>241.54599999999999</ele>
        <time>2022-05-22T09:13:39Z</time>
      </trkpt>
      <trkpt lat="28.561846017837524" lon="-16.230682013556361">
        <ele>241.06299999999999</ele>
        <time>2022-05-22T09:13:40Z</time>
      </trkpt>
      <trkpt lat="28.561862027272582" lon="-16.230690982192755">
        <ele>240.744</ele>
        <time>2022-05-22T09:13:41Z</time>
      </trkpt>
      <trkpt lat="28.561893962323666" lon="-16.230709003284574">
        <ele>240.11799999999999</ele>
        <time>2022-05-22T09:13:43Z</time>
      </trkpt>
      <trkpt lat="28.561909971758723" lon="-16.230717971920967">
        <ele>239.809</ele>
        <time>2022-05-22T09:13:44Z</time>
      </trkpt>
      <trkpt lat="28.561933021992445" lon="-16.230730041861534">
        <ele>239.48699999999999</ele>
        <time>2022-05-22T09:13:45Z</time>
      </trkpt>
      <trkpt lat="28.56196504086256" lon="-16.23074596747756">
        <ele>239.15600000000001</ele>
        <time>2022-05-22T09:13:47Z</time>
      </trkpt>
      <trkpt lat="28.561980966478586" lon="-16.230755019932985">
        <ele>239.01900000000001</ele>
        <time>2022-05-22T09:13:48Z</time>
      </trkpt>
      <trkpt lat="28.562003010883927" lon="-16.230762982740998">
        <ele>238.78100000000001</ele>
        <time>2022-05-22T09:13:49Z</time>
      </trkpt>
      <trkpt lat="28.562045004218817" lon="-16.230775974690914">
        <ele>238.24199999999999</ele>
        <time>2022-05-22T09:13:51Z</time>
      </trkpt>
      <trkpt lat="28.562080040574074" lon="-16.230777986347675">
        <ele>237.762</ele>
        <time>2022-05-22T09:13:53Z</time>
      </trkpt>
      <trkpt lat="28.562102001160383" lon="-16.230775974690914">
        <ele>237.24600000000001</ele>
        <time>2022-05-22T09:13:54Z</time>
      </trkpt>
      <trkpt lat="28.562137959524989" lon="-16.230777986347675">
        <ele>236.74600000000001</ele>
        <time>2022-05-22T09:13:56Z</time>
      </trkpt>
      <trkpt lat="28.56216000393033" lon="-16.230784021317959">
        <ele>236.44300000000001</ele>
        <time>2022-05-22T09:13:57Z</time>
      </trkpt>
      <trkpt lat="28.562192022800446" lon="-16.230795001611114">
        <ele>236.089</ele>
        <time>2022-05-22T09:13:59Z</time>
      </trkpt>
      <trkpt lat="28.562229992821813" lon="-16.230804976075888">
        <ele>235.40600000000001</ele>
        <time>2022-05-22T09:14:01Z</time>
      </trkpt>
      <trkpt lat="28.562250025570393" lon="-16.230813022702932">
        <ele>235.02600000000001</ele>
        <time>2022-05-22T09:14:02Z</time>
      </trkpt>
      <trkpt lat="28.56226896867156" lon="-16.230817968025804">
        <ele>234.60900000000001</ele>
        <time>2022-05-22T09:14:03Z</time>
      </trkpt>
      <trkpt lat="28.562300987541676" lon="-16.23082903213799">
        <ele>233.96899999999999</ele>
        <time>2022-05-22T09:14:05Z</time>
      </trkpt>
      <trkpt lat="28.562320014461875" lon="-16.230840012431145">
        <ele>233.62799999999999</ele>
        <time>2022-05-22T09:14:06Z</time>
      </trkpt>
      <trkpt lat="28.562349015846848" lon="-16.230856021866202">
        <ele>233.12100000000001</ele>
        <time>2022-05-22T09:14:07Z</time>
      </trkpt>
      <trkpt lat="28.562370976433158" lon="-16.230869013816118">
        <ele>232.71299999999999</ele>
        <time>2022-05-22T09:14:08Z</time>
      </trkpt>
      <trkpt lat="28.562390003353357" lon="-16.230879994109273">
        <ele>232.334</ele>
        <time>2022-05-22T09:14:09Z</time>
      </trkpt>
      <trkpt lat="28.562419004738331" lon="-16.230893991887569">
        <ele>231.834</ele>
        <time>2022-05-22T09:14:10Z</time>
      </trkpt>
      <trkpt lat="28.56243803165853" lon="-16.230905978009105">
        <ele>231.44800000000001</ele>
        <time>2022-05-22T09:14:11Z</time>
      </trkpt>
      <trkpt lat="28.562454041093588" lon="-16.230916958302259">
        <ele>231.12799999999999</ele>
        <time>2022-05-22T09:14:12Z</time>
      </trkpt>
      <trkpt lat="28.562477007508278" lon="-16.230933973565698">
        <ele>230.755</ele>
        <time>2022-05-22T09:14:13Z</time>
      </trkpt>
      <trkpt lat="28.562493016943336" lon="-16.230946965515614">
        <ele>230.453</ele>
        <time>2022-05-22T09:14:14Z</time>
      </trkpt>
      <trkpt lat="28.562509026378393" lon="-16.230961969122291">
        <ele>230.10400000000001</ele>
        <time>2022-05-22T09:14:15Z</time>
      </trkpt>
      <trkpt lat="28.562530986964703" lon="-16.230974039062858">
        <ele>229.51400000000001</ele>
        <time>2022-05-22T09:14:16Z</time>
      </trkpt>
      <trkpt lat="28.56254699639976" lon="-16.230986025184393">
        <ele>229.10900000000001</ele>
        <time>2022-05-22T09:14:17Z</time>
      </trkpt>
      <trkpt lat="28.562563005834818" lon="-16.230998011305928">
        <ele>228.67599999999999</ele>
        <time>2022-05-22T09:14:18Z</time>
      </trkpt>
      <trkpt lat="28.562579015269876" lon="-16.231011003255844">
        <ele>228.36500000000001</ele>
        <time>2022-05-22T09:14:19Z</time>
      </trkpt>
      <trkpt lat="28.562597958371043" lon="-16.231026006862521">
        <ele>227.828</ele>
        <time>2022-05-22T09:14:20Z</time>
      </trkpt>
      <trkpt lat="28.562617991119623" lon="-16.231034975498915">
        <ele>227.28</ele>
        <time>2022-05-22T09:14:21Z</time>
      </trkpt>
      <trkpt lat="28.562637018039823" lon="-16.231045033782721">
        <ele>226.751</ele>
        <time>2022-05-22T09:14:22Z</time>
      </trkpt>
      <trkpt lat="28.562666019424796" lon="-16.231056014075875">
        <ele>225.99100000000001</ele>
        <time>2022-05-22T09:14:23Z</time>
      </trkpt>
      <trkpt lat="28.562682028859854" lon="-16.231065988540649">
        <ele>225.51499999999999</ele>
        <time>2022-05-22T09:14:24Z</time>
      </trkpt>
      <trkpt lat="28.562707006931305" lon="-16.231076968833804">
        <ele>224.89500000000001</ele>
        <time>2022-05-22T09:14:25Z</time>
      </trkpt>
      <trkpt lat="28.562729973345995" lon="-16.231081997975707">
        <ele>224.18199999999999</ele>
        <time>2022-05-22T09:14:26Z</time>
      </trkpt>
      <trkpt lat="28.562755035236478" lon="-16.231086021289229">
        <ele>223.46600000000001</ele>
        <time>2022-05-22T09:14:27Z</time>
      </trkpt>
      <trkpt lat="28.562778001651168" lon="-16.231090966612101">
        <ele>222.72900000000001</ele>
        <time>2022-05-22T09:14:28Z</time>
      </trkpt>
      <trkpt lat="28.562797028571367" lon="-16.231093984097242">
        <ele>221.821</ele>
        <time>2022-05-22T09:14:29Z</time>
      </trkpt>
      <trkpt lat="28.562828963622451" lon="-16.231114016845822">
        <ele>220.60900000000001</ele>
        <time>2022-05-22T09:14:31Z</time>
      </trkpt>
      <trkpt lat="28.562860982492566" lon="-16.231133965775371">
        <ele>219.46700000000001</ele>
        <time>2022-05-22T09:14:33Z</time>
      </trkpt>
      <trkpt lat="28.562876991927624" lon="-16.231146035715938">
        <ele>218.876</ele>
        <time>2022-05-22T09:14:34Z</time>
      </trkpt>
      <trkpt lat="28.562909010797739" lon="-16.231164978817105">
        <ele>217.529</ele>
        <time>2022-05-22T09:14:36Z</time>
      </trkpt>
      <trkpt lat="28.562928037717938" lon="-16.23117595911026">
        <ele>216.851</ele>
        <time>2022-05-22T09:14:37Z</time>
      </trkpt>
      <trkpt lat="28.562943963333964" lon="-16.231190040707588">
        <ele>216.232</ele>
        <time>2022-05-22T09:14:38Z</time>
      </trkpt>
      <trkpt lat="28.562959972769022" lon="-16.231204960495234">
        <ele>215.732</ele>
        <time>2022-05-22T09:14:39Z</time>
      </trkpt>
      <trkpt lat="28.56297598220408" lon="-16.231220969930291">
        <ele>215.256</ele>
        <time>2022-05-22T09:14:40Z</time>
      </trkpt>
      <trkpt lat="28.562998026609421" lon="-16.231258017942309">
        <ele>214.756</ele>
        <time>2022-05-22T09:14:42Z</time>
      </trkpt>
      <trkpt lat="28.563008001074195" lon="-16.231301017105579">
        <ele>214.82300000000001</ele>
        <time>2022-05-22T09:14:44Z</time>
      </trkpt>
      <trkpt lat="28.563011018559337" lon="-16.231322977691889">
        <ele>215.01900000000001</ele>
        <time>2022-05-22T09:14:45Z</time>
      </trkpt>
      <trkpt lat="28.563020993024111" lon="-16.231353990733624">
        <ele>215.00899999999999</ele>
        <time>2022-05-22T09:14:46Z</time>
      </trkpt>
      <trkpt lat="28.563029961660504" lon="-16.231394978240132">
        <ele>215.119</ele>
        <time>2022-05-22T09:14:48Z</time>
      </trkpt>
      <trkpt lat="28.563033984974027" lon="-16.231420962139964">
        <ele>214.90899999999999</ele>
        <time>2022-05-22T09:14:49Z</time>
      </trkpt>
      <trkpt lat="28.563037002459168" lon="-16.231449963524938">
        <ele>214.822</ele>
        <time>2022-05-22T09:14:50Z</time>
      </trkpt>
      <trkpt lat="28.563045971095562" lon="-16.231490029022098">
        <ele>214.49100000000001</ele>
        <time>2022-05-22T09:14:52Z</time>
      </trkpt>
      <trkpt lat="28.563049994409084" lon="-16.231518024578691">
        <ele>214.29400000000001</ele>
        <time>2022-05-22T09:14:53Z</time>
      </trkpt>
      <trkpt lat="28.563056029379368" lon="-16.231538979336619">
        <ele>214.096</ele>
        <time>2022-05-22T09:14:54Z</time>
      </trkpt>
      <trkpt lat="28.563058963045478" lon="-16.231562029570341">
        <ele>213.977</ele>
        <time>2022-05-22T09:14:55Z</time>
      </trkpt>
      <trkpt lat="28.563066003844142" lon="-16.231580972671509">
        <ele>213.64699999999999</ele>
        <time>2022-05-22T09:14:56Z</time>
      </trkpt>
      <trkpt lat="28.563069021329284" lon="-16.23160301707685">
        <ele>213.541</ele>
        <time>2022-05-22T09:14:57Z</time>
      </trkpt>
      <trkpt lat="28.563074972480536" lon="-16.231634030118585">
        <ele>213.321</ele>
        <time>2022-05-22T09:14:58Z</time>
      </trkpt>
      <trkpt lat="28.563077989965677" lon="-16.231659008190036">
        <ele>213.268</ele>
        <time>2022-05-22T09:14:59Z</time>
      </trkpt>
      <trkpt lat="28.563087964430451" lon="-16.231681974604726">
        <ele>212.63300000000001</ele>
        <time>2022-05-22T09:15:00Z</time>
      </trkpt>
      <trkpt lat="28.563101040199399" lon="-16.231702007353306">
        <ele>211.72300000000001</ele>
        <time>2022-05-22T09:15:01Z</time>
      </trkpt>
      <trkpt lat="28.563116965815425" lon="-16.231720028445125">
        <ele>210.815</ele>
        <time>2022-05-22T09:15:02Z</time>
      </trkpt>
      <trkpt lat="28.563135992735624" lon="-16.231733020395041">
        <ele>209.809</ele>
        <time>2022-05-22T09:15:03Z</time>
      </trkpt>
      <trkpt lat="28.563158037140965" lon="-16.231738971546292">
        <ele>208.92400000000001</ele>
        <time>2022-05-22T09:15:04Z</time>
      </trkpt>
      <trkpt lat="28.563181003555655" lon="-16.231737965717912">
        <ele>208.143</ele>
        <time>2022-05-22T09:15:05Z</time>
      </trkpt>
      <trkpt lat="28.563202964141965" lon="-16.231727991253138">
        <ele>207.58600000000001</ele>
        <time>2022-05-22T09:15:06Z</time>
      </trkpt>
      <trkpt lat="28.563218973577023" lon="-16.231713993474841">
        <ele>207.298</ele>
        <time>2022-05-22T09:15:07Z</time>
      </trkpt>
      <trkpt lat="28.563242023810744" lon="-16.231679962947965">
        <ele>207.04900000000001</ele>
        <time>2022-05-22T09:15:09Z</time>
      </trkpt>
      <trkpt lat="28.56325400993228" lon="-16.231658002361655">
        <ele>206.97900000000001</ele>
        <time>2022-05-22T09:15:10Z</time>
      </trkpt>
      <trkpt lat="28.563267001882195" lon="-16.231636963784695">
        <ele>206.47300000000001</ele>
        <time>2022-05-22T09:15:11Z</time>
      </trkpt>
      <trkpt lat="28.56327697634697" lon="-16.231619026511908">
        <ele>206.04300000000001</ele>
        <time>2022-05-22T09:15:12Z</time>
      </trkpt>
      <trkpt lat="28.563292985782027" lon="-16.231607962399721">
        <ele>205.53</ele>
        <time>2022-05-22T09:15:13Z</time>
      </trkpt>
      <trkpt lat="28.563312012702227" lon="-16.23160301707685">
        <ele>204.846</ele>
        <time>2022-05-22T09:15:14Z</time>
      </trkpt>
      <trkpt lat="28.563331039622426" lon="-16.231609974056482">
        <ele>204.18799999999999</ele>
        <time>2022-05-22T09:15:15Z</time>
      </trkpt>
      <trkpt lat="28.563357023522258" lon="-16.231639981269836">
        <ele>202.916</ele>
        <time>2022-05-22T09:15:17Z</time>
      </trkpt>
      <trkpt lat="28.563370015472174" lon="-16.231659008190036">
        <ele>202.309</ele>
        <time>2022-05-22T09:15:18Z</time>
      </trkpt>
      <trkpt lat="28.563375966623425" lon="-16.231678035110235">
        <ele>201.88499999999999</ele>
        <time>2022-05-22T09:15:19Z</time>
      </trkpt>
      <trkpt lat="28.563386024907231" lon="-16.231701001524925">
        <ele>200.84399999999999</ele>
        <time>2022-05-22T09:15:20Z</time>
      </trkpt>
      <trkpt lat="28.563391976058483" lon="-16.231727991253138">
        <ele>199.96700000000001</ele>
        <time>2022-05-22T09:15:21Z</time>
      </trkpt>
      <trkpt lat="28.563391976058483" lon="-16.231749029830098">
        <ele>199.46899999999999</ele>
        <time>2022-05-22T09:15:22Z</time>
      </trkpt>
      <trkpt lat="28.563394993543625" lon="-16.231789011508226">
        <ele>198.41</ele>
        <time>2022-05-22T09:15:24Z</time>
      </trkpt>
      <trkpt lat="28.563391976058483" lon="-16.231832010671496">
        <ele>197.66</ele>
        <time>2022-05-22T09:15:26Z</time>
      </trkpt>
      <trkpt lat="28.563375966623425" lon="-16.231871992349625">
        <ele>197.56399999999999</ele>
        <time>2022-05-22T09:15:28Z</time>
      </trkpt>
      <trkpt lat="28.563365992158651" lon="-16.231891019269824">
        <ele>197.524</ele>
        <time>2022-05-22T09:15:29Z</time>
      </trkpt>
      <trkpt lat="28.563357023522258" lon="-16.231909040361643">
        <ele>197.62100000000001</ele>
        <time>2022-05-22T09:15:30Z</time>
      </trkpt>
      <trkpt lat="28.5633410140872" lon="-16.231929995119572">
        <ele>197.99299999999999</ele>
        <time>2022-05-22T09:15:31Z</time>
      </trkpt>
      <trkpt lat="28.563328022137284" lon="-16.231950027868152">
        <ele>198.16499999999999</ele>
        <time>2022-05-22T09:15:32Z</time>
      </trkpt>
      <trkpt lat="28.563312012702227" lon="-16.231974000111222">
        <ele>198.321</ele>
        <time>2022-05-22T09:15:33Z</time>
      </trkpt>
      <trkpt lat="28.563296003267169" lon="-16.231992021203041">
        <ele>198.60900000000001</ele>
        <time>2022-05-22T09:15:34Z</time>
      </trkpt>
      <trkpt lat="28.563286028802395" lon="-16.232010964304209">
        <ele>198.66999999999999</ele>
        <time>2022-05-22T09:15:35Z</time>
      </trkpt>
      <trkpt lat="28.563273958861828" lon="-16.232029991224408">
        <ele>198.79900000000001</ele>
        <time>2022-05-22T09:15:36Z</time>
      </trkpt>
      <trkpt lat="28.563260966911912" lon="-16.232053963467479">
        <ele>198.84200000000001</ele>
        <time>2022-05-22T09:15:37Z</time>
      </trkpt>
      <trkpt lat="28.563245041295886" lon="-16.232069972902536">
        <ele>199.14400000000001</ele>
        <time>2022-05-22T09:15:38Z</time>
      </trkpt>
      <trkpt lat="28.563231965526938" lon="-16.232090005651116">
        <ele>199.285</ele>
        <time>2022-05-22T09:15:39Z</time>
      </trkpt>
      <trkpt lat="28.563216039910913" lon="-16.232113977894187">
        <ele>199.315</ele>
        <time>2022-05-22T09:15:40Z</time>
      </trkpt>
      <trkpt lat="28.563202964141965" lon="-16.232127975672483">
        <ele>199.51900000000001</ele>
        <time>2022-05-22T09:15:41Z</time>
      </trkpt>
      <trkpt lat="28.563187038525939" lon="-16.232149014249444">
        <ele>199.739</ele>
        <time>2022-05-22T09:15:42Z</time>
      </trkpt>
      <trkpt lat="28.56316801160574" lon="-16.232176003977656">
        <ele>199.93600000000001</ele>
        <time>2022-05-22T09:15:44Z</time>
      </trkpt>
      <trkpt lat="28.563155019655824" lon="-16.232195030897856">
        <ele>200.08799999999999</ele>
        <time>2022-05-22T09:15:45Z</time>
      </trkpt>
      <trkpt lat="28.563142027705908" lon="-16.232210034504533">
        <ele>200.124</ele>
        <time>2022-05-22T09:15:46Z</time>
      </trkpt>
      <trkpt lat="28.563116965815425" lon="-16.232238030061126">
        <ele>200.626</ele>
        <time>2022-05-22T09:15:48Z</time>
      </trkpt>
      <trkpt lat="28.563101040199399" lon="-16.232267031446099">
        <ele>200.90899999999999</ele>
        <time>2022-05-22T09:15:49Z</time>
      </trkpt>
      <trkpt lat="28.563087964430451" lon="-16.232294021174312">
        <ele>201.12899999999999</ele>
        <time>2022-05-22T09:15:50Z</time>
      </trkpt>
      <trkpt lat="28.563085030764341" lon="-16.232323022559285">
        <ele>200.96799999999999</ele>
        <time>2022-05-22T09:15:51Z</time>
      </trkpt>
      <trkpt lat="28.563085030764341" lon="-16.232352023944259">
        <ele>200.56100000000001</ele>
        <time>2022-05-22T09:15:52Z</time>
      </trkpt>
      <trkpt lat="28.563087964430451" lon="-16.232373984530568">
        <ele>200.24299999999999</ele>
        <time>2022-05-22T09:15:53Z</time>
      </trkpt>
      <trkpt lat="28.563101040199399" lon="-16.232404997572303">
        <ele>199.494</ele>
        <time>2022-05-22T09:15:54Z</time>
      </trkpt>
      <trkpt lat="28.563114032149315" lon="-16.232426958158612">
        <ele>198.76400000000001</ele>
        <time>2022-05-22T09:15:55Z</time>
      </trkpt>
      <trkpt lat="28.563123000785708" lon="-16.232447996735573">
        <ele>198.178</ele>
        <time>2022-05-22T09:15:56Z</time>
      </trkpt>
      <trkpt lat="28.563132975250483" lon="-16.232467023655772">
        <ele>197.678</ele>
        <time>2022-05-22T09:15:57Z</time>
      </trkpt>
      <trkpt lat="28.563145967200398" lon="-16.232503987848759">
        <ele>196.745</ele>
        <time>2022-05-22T09:15:59Z</time>
      </trkpt>
      <trkpt lat="28.56316801160574" lon="-16.232530977576971">
        <ele>195.76400000000001</ele>
        <time>2022-05-22T09:16:01Z</time>
      </trkpt>
      <trkpt lat="28.563184021040797" lon="-16.232561990618706">
        <ele>194.90600000000001</ele>
        <time>2022-05-22T09:16:03Z</time>
      </trkpt>
      <trkpt lat="28.563187038525939" lon="-16.232582023367286">
        <ele>194.71600000000001</ele>
        <time>2022-05-22T09:16:04Z</time>
      </trkpt>
      <trkpt lat="28.563193995505571" lon="-16.232601972296834">
        <ele>194.309</ele>
        <time>2022-05-22T09:16:05Z</time>
      </trkpt>
      <trkpt lat="28.563187038525939" lon="-16.232626028358936">
        <ele>194.42699999999999</ele>
        <time>2022-05-22T09:16:07Z</time>
      </trkpt>
      <trkpt lat="28.563164994120598" lon="-16.232653018087149">
        <ele>195.096</ele>
        <time>2022-05-22T09:16:09Z</time>
      </trkpt>
      <trkpt lat="28.563132975250483" lon="-16.232682019472122">
        <ele>195.96899999999999</ele>
        <time>2022-05-22T09:16:11Z</time>
      </trkpt>
      <trkpt lat="28.563116965815425" lon="-16.23270096257329">
        <ele>196.37100000000001</ele>
        <time>2022-05-22T09:16:12Z</time>
      </trkpt>
      <trkpt lat="28.563101040199399" lon="-16.232716972008348">
        <ele>196.822</ele>
        <time>2022-05-22T09:16:13Z</time>
      </trkpt>
      <trkpt lat="28.563069021329284" lon="-16.23274203389883">
        <ele>197.83199999999999</ele>
        <time>2022-05-22T09:16:15Z</time>
      </trkpt>
      <trkpt lat="28.563053011894226" lon="-16.232762988656759">
        <ele>198.26599999999999</ele>
        <time>2022-05-22T09:16:16Z</time>
      </trkpt>
      <trkpt lat="28.563033984974027" lon="-16.23278402723372">
        <ele>198.946</ele>
        <time>2022-05-22T09:16:17Z</time>
      </trkpt>
      <trkpt lat="28.563017975538969" lon="-16.232801964506507">
        <ele>199.643</ele>
        <time>2022-05-22T09:16:18Z</time>
      </trkpt>
      <trkpt lat="28.562998026609421" lon="-16.232818979769945">
        <ele>200.51499999999999</ele>
        <time>2022-05-22T09:16:19Z</time>
      </trkpt>
      <trkpt lat="28.562986040487885" lon="-16.232833983376622">
        <ele>201.065</ele>
        <time>2022-05-22T09:16:20Z</time>
      </trkpt>
      <trkpt lat="28.56297598220408" lon="-16.23287002556026">
        <ele>201.31100000000001</ele>
        <time>2022-05-22T09:16:22Z</time>
      </trkpt>
      <trkpt lat="28.56297598220408" lon="-16.23289399780333">
        <ele>201.309</ele>
        <time>2022-05-22T09:16:23Z</time>
      </trkpt>
      <trkpt lat="28.56297598220408" lon="-16.232919981703162">
        <ele>201.31200000000001</ele>
        <time>2022-05-22T09:16:24Z</time>
      </trkpt>
      <trkpt lat="28.562978999689221" lon="-16.232941020280123">
        <ele>201.15100000000001</ele>
        <time>2022-05-22T09:16:25Z</time>
      </trkpt>
      <trkpt lat="28.562995009124279" lon="-16.232968010008335">
        <ele>200.524</ele>
        <time>2022-05-22T09:16:26Z</time>
      </trkpt>
      <trkpt lat="28.563008001074195" lon="-16.232988964766264">
        <ele>199.93600000000001</ele>
        <time>2022-05-22T09:16:27Z</time>
      </trkpt>
      <trkpt lat="28.563027027994394" lon="-16.233010003343225">
        <ele>199.15700000000001</ele>
        <time>2022-05-22T09:16:28Z</time>
      </trkpt>
      <trkpt lat="28.563045971095562" lon="-16.233027018606663">
        <ele>198.46700000000001</ele>
        <time>2022-05-22T09:16:29Z</time>
      </trkpt>
      <trkpt lat="28.563077989965677" lon="-16.233058031648397">
        <ele>196.86099999999999</ele>
        <time>2022-05-22T09:16:31Z</time>
      </trkpt>
      <trkpt lat="28.563098022714257" lon="-16.233072029426694">
        <ele>195.73099999999999</ele>
        <time>2022-05-22T09:16:32Z</time>
      </trkpt>
      <trkpt lat="28.563114032149315" lon="-16.233088038861752">
        <ele>194.86799999999999</ele>
        <time>2022-05-22T09:16:33Z</time>
      </trkpt>
      <trkpt lat="28.563130041584373" lon="-16.233101030811667">
        <ele>194.03399999999999</ele>
        <time>2022-05-22T09:16:34Z</time>
      </trkpt>
      <trkpt lat="28.56314898468554" lon="-16.233114022761583">
        <ele>193.05500000000001</ele>
        <time>2022-05-22T09:16:35Z</time>
      </trkpt>
      <trkpt lat="28.56316801160574" lon="-16.233132965862751">
        <ele>192.11000000000001</ele>
        <time>2022-05-22T09:16:36Z</time>
      </trkpt>
      <trkpt lat="28.563187038525939" lon="-16.233148975297809">
        <ele>191.209</ele>
        <time>2022-05-22T09:16:37Z</time>
      </trkpt>
      <trkpt lat="28.563205981627107" lon="-16.233168002218008">
        <ele>190.374</ele>
        <time>2022-05-22T09:16:38Z</time>
      </trkpt>
      <trkpt lat="28.563221991062164" lon="-16.233180994167924">
        <ele>189.613</ele>
        <time>2022-05-22T09:16:39Z</time>
      </trkpt>
      <trkpt lat="28.563242023810744" lon="-16.233198009431362">
        <ele>188.876</ele>
        <time>2022-05-22T09:16:40Z</time>
      </trkpt>
      <trkpt lat="28.563250992447138" lon="-16.23321795836091">
        <ele>188.578</ele>
        <time>2022-05-22T09:16:41Z</time>
      </trkpt>
      <trkpt lat="28.563273958861828" lon="-16.233256012201309">
        <ele>187.82900000000001</ele>
        <time>2022-05-22T09:16:43Z</time>
      </trkpt>
      <trkpt lat="28.563267001882195" lon="-16.233290964737535">
        <ele>188.32900000000001</ele>
        <time>2022-05-22T09:16:45Z</time>
      </trkpt>
      <trkpt lat="28.563258033245802" lon="-16.233312003314495">
        <ele>188.84299999999999</ele>
        <time>2022-05-22T09:16:46Z</time>
      </trkpt>
      <trkpt lat="28.563247974961996" lon="-16.233331030234694">
        <ele>189.453</ele>
        <time>2022-05-22T09:16:47Z</time>
      </trkpt>
      <trkpt lat="28.563216039910913" lon="-16.233364976942539">
        <ele>191.47</ele>
        <time>2022-05-22T09:16:49Z</time>
      </trkpt>
      <trkpt lat="28.563202964141965" lon="-16.233380986377597">
        <ele>192.321</ele>
        <time>2022-05-22T09:16:50Z</time>
      </trkpt>
      <trkpt lat="28.563184021040797" lon="-16.233400013297796">
        <ele>193.541</ele>
        <time>2022-05-22T09:16:51Z</time>
      </trkpt>
      <trkpt lat="28.563171029090881" lon="-16.233418034389615">
        <ele>194.405</ele>
        <time>2022-05-22T09:16:52Z</time>
      </trkpt>
      <trkpt lat="28.56314898468554" lon="-16.233450975269079">
        <ele>196.00899999999999</ele>
        <time>2022-05-22T09:16:54Z</time>
      </trkpt>
      <trkpt lat="28.563135992735624" lon="-16.233470002189279">
        <ele>196.983</ele>
        <time>2022-05-22T09:16:55Z</time>
      </trkpt>
      <trkpt lat="28.56312601827085" lon="-16.233493974432349">
        <ele>197.86199999999999</ele>
        <time>2022-05-22T09:16:56Z</time>
      </trkpt>
      <trkpt lat="28.56312601827085" lon="-16.233518030494452">
        <ele>198.495</ele>
        <time>2022-05-22T09:16:57Z</time>
      </trkpt>
      <trkpt lat="28.563135992735624" lon="-16.233567986637354">
        <ele>199.167</ele>
        <time>2022-05-22T09:16:59Z</time>
      </trkpt>
      <trkpt lat="28.56314898468554" lon="-16.233587013557553">
        <ele>199.12799999999999</ele>
        <time>2022-05-22T09:17:00Z</time>
      </trkpt>
      <trkpt lat="28.563164994120598" lon="-16.233603022992611">
        <ele>198.96799999999999</ele>
        <time>2022-05-22T09:17:01Z</time>
      </trkpt>
      <trkpt lat="28.563181003555655" lon="-16.233616014942527">
        <ele>198.74199999999999</ele>
        <time>2022-05-22T09:17:02Z</time>
      </trkpt>
      <trkpt lat="28.563202964141965" lon="-16.233630012720823">
        <ele>198.422</ele>
        <time>2022-05-22T09:17:03Z</time>
      </trkpt>
      <trkpt lat="28.563221991062164" lon="-16.233646022155881">
        <ele>198.369</ele>
        <time>2022-05-22T09:17:04Z</time>
      </trkpt>
      <trkpt lat="28.563238000497222" lon="-16.233658008277416">
        <ele>198.262</ele>
        <time>2022-05-22T09:17:05Z</time>
      </trkpt>
      <trkpt lat="28.563263984397054" lon="-16.233678041025996">
        <ele>198.083</ele>
        <time>2022-05-22T09:17:06Z</time>
      </trkpt>
      <trkpt lat="28.563286028802395" lon="-16.233693966642022">
        <ele>197.911</ele>
        <time>2022-05-22T09:17:07Z</time>
      </trkpt>
      <trkpt lat="28.563305977731943" lon="-16.233706958591938">
        <ele>197.709</ele>
        <time>2022-05-22T09:17:08Z</time>
      </trkpt>
      <trkpt lat="28.563325004652143" lon="-16.233713999390602">
        <ele>197.48699999999999</ele>
        <time>2022-05-22T09:17:09Z</time>
      </trkpt>
      <trkpt lat="28.563346965238452" lon="-16.233715005218983">
        <ele>196.83600000000001</ele>
        <time>2022-05-22T09:17:10Z</time>
      </trkpt>
      <trkpt lat="28.563373032957315" lon="-16.233717016875744">
        <ele>196.29900000000001</ele>
        <time>2022-05-22T09:17:11Z</time>
      </trkpt>
      <trkpt lat="28.563398011028767" lon="-16.233718022704124">
        <ele>195.61099999999999</ele>
        <time>2022-05-22T09:17:12Z</time>
      </trkpt>
      <trkpt lat="28.563420977443457" lon="-16.233718022704124">
        <ele>195.072</ele>
        <time>2022-05-22T09:17:13Z</time>
      </trkpt>
      <trkpt lat="28.563443021848798" lon="-16.233720034360886">
        <ele>194.512</ele>
        <time>2022-05-22T09:17:14Z</time>
      </trkpt>
      <trkpt lat="28.563461964949965" lon="-16.233727997168899">
        <ele>194.35599999999999</ele>
        <time>2022-05-22T09:17:15Z</time>
      </trkpt>
      <trkpt lat="28.563481997698545" lon="-16.233737971633673">
        <ele>194.26599999999999</ele>
        <time>2022-05-22T09:17:16Z</time>
      </trkpt>
      <trkpt lat="28.563503958284855" lon="-16.233747024089098">
        <ele>194.13300000000001</ele>
        <time>2022-05-22T09:17:17Z</time>
      </trkpt>
      <trkpt lat="28.563522985205054" lon="-16.233758004382253">
        <ele>194.19499999999999</ele>
        <time>2022-05-22T09:17:18Z</time>
      </trkpt>
      <trkpt lat="28.563548969104886" lon="-16.233778037130833">
        <ele>194.34899999999999</ele>
        <time>2022-05-22T09:17:20Z</time>
      </trkpt>
      <trkpt lat="28.563571013510227" lon="-16.233789017423987">
        <ele>194.32300000000001</ele>
        <time>2022-05-22T09:17:21Z</time>
      </trkpt>
      <trkpt lat="28.563590040430427" lon="-16.233792034909129">
        <ele>194.00899999999999</ele>
        <time>2022-05-22T09:17:22Z</time>
      </trkpt>
      <trkpt lat="28.563613006845117" lon="-16.233789017423987">
        <ele>193.25</ele>
        <time>2022-05-22T09:17:23Z</time>
      </trkpt>
      <trkpt lat="28.563634967431426" lon="-16.233787005767226">
        <ele>191.97900000000001</ele>
        <time>2022-05-22T09:17:24Z</time>
      </trkpt>
      <trkpt lat="28.563653994351625" lon="-16.233787005767226">
        <ele>190.81200000000001</ele>
        <time>2022-05-22T09:17:25Z</time>
      </trkpt>
      <trkpt lat="28.563674027100205" lon="-16.233783988282084">
        <ele>189.554</ele>
        <time>2022-05-22T09:17:26Z</time>
      </trkpt>
      <trkpt lat="28.563692970201373" lon="-16.233783988282084">
        <ele>188.44499999999999</ele>
        <time>2022-05-22T09:17:27Z</time>
      </trkpt>
      <trkpt lat="28.56372800655663" lon="-16.233797986060381">
        <ele>187.095</ele>
        <time>2022-05-22T09:17:29Z</time>
      </trkpt>
      <trkpt lat="28.56374703347683" lon="-16.233805026859045">
        <ele>186.279</ele>
        <time>2022-05-22T09:17:30Z</time>
      </trkpt>
      <trkpt lat="28.563789026811719" lon="-16.2338160071522">
        <ele>184.399</ele>
        <time>2022-05-22T09:17:32Z</time>
      </trkpt>
      <trkpt lat="28.563830014318228" lon="-16.233828999102116">
        <ele>182.68600000000001</ele>
        <time>2022-05-22T09:17:34Z</time>
      </trkpt>
      <trkpt lat="28.563862033188343" lon="-16.233845008537173">
        <ele>181.54400000000001</ele>
        <time>2022-05-22T09:17:36Z</time>
      </trkpt>
      <trkpt lat="28.563888017088175" lon="-16.233855988830328">
        <ele>180.505</ele>
        <time>2022-05-22T09:17:37Z</time>
      </trkpt>
      <trkpt lat="28.563904026523232" lon="-16.233865963295102">
        <ele>180.51499999999999</ele>
        <time>2022-05-22T09:17:38Z</time>
      </trkpt>
      <trkpt lat="28.56392003595829" lon="-16.233875015750527">
        <ele>180.50899999999999</ele>
        <time>2022-05-22T09:17:39Z</time>
      </trkpt>
      <trkpt lat="28.563938979059458" lon="-16.233884990215302">
        <ele>180.41499999999999</ele>
        <time>2022-05-22T09:17:40Z</time>
      </trkpt>
      <trkpt lat="28.563970997929573" lon="-16.23390200547874">
        <ele>180.334</ele>
        <time>2022-05-22T09:17:42Z</time>
      </trkpt>
      <trkpt lat="28.563993964344263" lon="-16.233909968286753">
        <ele>180.03700000000001</ele>
        <time>2022-05-22T09:17:43Z</time>
      </trkpt>
      <trkpt lat="28.564012991264462" lon="-16.233913991600275">
        <ele>179.63900000000001</ele>
        <time>2022-05-22T09:17:44Z</time>
      </trkpt>
      <trkpt lat="28.56404802761972" lon="-16.233918014913797">
        <ele>178.84999999999999</ele>
        <time>2022-05-22T09:17:46Z</time>
      </trkpt>
      <trkpt lat="28.564082980155945" lon="-16.233933018520474">
        <ele>178.44999999999999</ele>
        <time>2022-05-22T09:17:48Z</time>
      </trkpt>
      <trkpt lat="28.56411499902606" lon="-16.233950033783913">
        <ele>178.22399999999999</ele>
        <time>2022-05-22T09:17:50Z</time>
      </trkpt>
      <trkpt lat="28.56413796544075" lon="-16.233962019905448">
        <ele>178.03399999999999</ele>
        <time>2022-05-22T09:17:51Z</time>
      </trkpt>
      <trkpt lat="28.56415699236095" lon="-16.2339679710567">
        <ele>177.71100000000001</ele>
        <time>2022-05-22T09:17:52Z</time>
      </trkpt>
      <trkpt lat="28.564189011231065" lon="-16.233986997976899">
        <ele>177.572</ele>
        <time>2022-05-22T09:17:54Z</time>
      </trkpt>
      <trkpt lat="28.56422396376729" lon="-16.23400803655386">
        <ele>177.41300000000001</ele>
        <time>2022-05-22T09:17:56Z</time>
      </trkpt>
      <trkpt lat="28.56424299068749" lon="-16.234012981876731">
        <ele>177.01400000000001</ele>
        <time>2022-05-22T09:17:57Z</time>
      </trkpt>
      <trkpt lat="28.564262017607689" lon="-16.234013987705112">
        <ele>176.50899999999999</ele>
        <time>2022-05-22T09:17:58Z</time>
      </trkpt>
      <trkpt lat="28.564297975972295" lon="-16.23401097021997">
        <ele>175.238</ele>
        <time>2022-05-22T09:18:00Z</time>
      </trkpt>
      <trkpt lat="28.564317002892494" lon="-16.234006024897099">
        <ele>174.49700000000001</ele>
        <time>2022-05-22T09:18:01Z</time>
      </trkpt>
      <trkpt lat="28.564346004277468" lon="-16.233994960784912">
        <ele>173.09</ele>
        <time>2022-05-22T09:18:03Z</time>
      </trkpt>
      <trkpt lat="28.564367964863777" lon="-16.233985992148519">
        <ele>171.922</ele>
        <time>2022-05-22T09:18:04Z</time>
      </trkpt>
      <trkpt lat="28.564403001219034" lon="-16.233981968834996">
        <ele>170.78299999999999</ele>
        <time>2022-05-22T09:18:06Z</time>
      </trkpt>
      <trkpt lat="28.564428985118866" lon="-16.233976017683744">
        <ele>169.62299999999999</ele>
        <time>2022-05-22T09:18:07Z</time>
      </trkpt>
      <trkpt lat="28.564448012039065" lon="-16.233973000198603">
        <ele>168.727</ele>
        <time>2022-05-22T09:18:08Z</time>
      </trkpt>
      <trkpt lat="28.564469972625375" lon="-16.233957996591926">
        <ele>166.84700000000001</ele>
        <time>2022-05-22T09:18:09Z</time>
      </trkpt>
      <trkpt lat="28.564509032294154" lon="-16.233943998813629">
        <ele>164.124</ele>
        <time>2022-05-22T09:18:11Z</time>
      </trkpt>
      <trkpt lat="28.564530992880464" lon="-16.233943998813629">
        <ele>162.92699999999999</ele>
        <time>2022-05-22T09:18:12Z</time>
      </trkpt>
      <trkpt lat="28.564550019800663" lon="-16.23394601047039">
        <ele>162.06800000000001</ele>
        <time>2022-05-22T09:18:13Z</time>
      </trkpt>
      <trkpt lat="28.564582038670778" lon="-16.233953973278403">
        <ele>160.51400000000001</ele>
        <time>2022-05-22T09:18:15Z</time>
      </trkpt>
      <trkpt lat="28.564613973721862" lon="-16.233970988541842">
        <ele>159.40899999999999</ele>
        <time>2022-05-22T09:18:17Z</time>
      </trkpt>
      <trkpt lat="28.564634006470442" lon="-16.233981968834996">
        <ele>158.71299999999999</ele>
        <time>2022-05-22T09:18:18Z</time>
      </trkpt>
      <trkpt lat="28.564642975106835" lon="-16.233999989926815">
        <ele>158.852</ele>
        <time>2022-05-22T09:18:20Z</time>
      </trkpt>
      <trkpt lat="28.564662002027035" lon="-16.234021028503776">
        <ele>158.47499999999999</ele>
        <time>2022-05-22T09:18:22Z</time>
      </trkpt>
      <trkpt lat="28.564674993976951" lon="-16.234039971604943">
        <ele>158.21700000000001</ele>
        <time>2022-05-22T09:18:24Z</time>
      </trkpt>
      <trkpt lat="28.564691003412008" lon="-16.234055981040001">
        <ele>157.798</ele>
        <time>2022-05-22T09:18:26Z</time>
      </trkpt>
      <trkpt lat="28.564710030332208" lon="-16.234080037102103">
        <ele>157.38800000000001</ele>
        <time>2022-05-22T09:18:29Z</time>
      </trkpt>
      <trkpt lat="28.564726039767265" lon="-16.234101997688413">
        <ele>157.06200000000001</ele>
        <time>2022-05-22T09:18:31Z</time>
      </trkpt>
      <trkpt lat="28.564726039767265" lon="-16.234125969931483">
        <ele>157.75200000000001</ele>
        <time>2022-05-22T09:18:33Z</time>
      </trkpt>
      <trkpt lat="28.564741965383291" lon="-16.234152037650347">
        <ele>157.94900000000001</ele>
        <time>2022-05-22T09:18:35Z</time>
      </trkpt>
      <trkpt lat="28.564752023667097" lon="-16.234173998236656">
        <ele>158.16800000000001</ele>
        <time>2022-05-22T09:18:37Z</time>
      </trkpt>
      <trkpt lat="28.564752023667097" lon="-16.234210040420294">
        <ele>159.24199999999999</ele>
        <time>2022-05-22T09:18:39Z</time>
      </trkpt>
      <trkpt lat="28.564778007566929" lon="-16.234241975471377">
        <ele>159.226</ele>
        <time>2022-05-22T09:18:41Z</time>
      </trkpt>
      <trkpt lat="28.56480298563838" lon="-16.23426896519959">
        <ele>159.10900000000001</ele>
        <time>2022-05-22T09:18:43Z</time>
      </trkpt>
      <trkpt lat="28.564828969538212" lon="-16.234278017655015">
        <ele>158.56700000000001</ele>
        <time>2022-05-22T09:18:45Z</time>
      </trkpt>
      <trkpt lat="28.564854031428695" lon="-16.234282962977886">
        <ele>157.85599999999999</ele>
        <time>2022-05-22T09:18:47Z</time>
      </trkpt>
      <trkpt lat="28.564880015328526" lon="-16.23429000377655">
        <ele>157.13900000000001</ele>
        <time>2022-05-22T09:18:49Z</time>
      </trkpt>
      <trkpt lat="28.564912034198642" lon="-16.234300984069705">
        <ele>156.49100000000001</ele>
        <time>2022-05-22T09:18:51Z</time>
      </trkpt>
      <trkpt lat="28.564933994784951" lon="-16.234314981848001">
        <ele>156.142</ele>
        <time>2022-05-22T09:18:53Z</time>
      </trkpt>
      <trkpt lat="28.564950004220009" lon="-16.234327973797917">
        <ele>155.94200000000001</ele>
        <time>2022-05-22T09:18:54Z</time>
      </trkpt>
      <trkpt lat="28.564962996169925" lon="-16.234341971576214">
        <ele>155.976</ele>
        <time>2022-05-22T09:18:55Z</time>
      </trkpt>
      <trkpt lat="28.564982023090124" lon="-16.234363010153174">
        <ele>156.07599999999999</ele>
        <time>2022-05-22T09:18:56Z</time>
      </trkpt>
      <trkpt lat="28.564991997554898" lon="-16.234383964911103">
        <ele>156.333</ele>
        <time>2022-05-22T09:18:57Z</time>
      </trkpt>
      <trkpt lat="28.565004989504814" lon="-16.234405003488064">
        <ele>156.524</ele>
        <time>2022-05-22T09:18:58Z</time>
      </trkpt>
      <trkpt lat="28.565020998939872" lon="-16.234440039843321">
        <ele>157.00399999999999</ele>
        <time>2022-05-22T09:19:00Z</time>
      </trkpt>
      <trkpt lat="28.565033990889788" lon="-16.23446099460125">
        <ele>156.41399999999999</ele>
        <time>2022-05-22T09:19:01Z</time>
      </trkpt>
      <trkpt lat="28.565045977011323" lon="-16.234483039006591">
        <ele>155.60900000000001</ele>
        <time>2022-05-22T09:19:02Z</time>
      </trkpt>
      <trkpt lat="28.565061986446381" lon="-16.234507011249661">
        <ele>154.71299999999999</ele>
        <time>2022-05-22T09:19:03Z</time>
      </trkpt>
      <trkpt lat="28.565071960911155" lon="-16.23452796600759">
        <ele>154.15199999999999</ele>
        <time>2022-05-22T09:19:04Z</time>
      </trkpt>
      <trkpt lat="28.565085036680102" lon="-16.234554033726454">
        <ele>153.375</ele>
        <time>2022-05-22T09:19:05Z</time>
      </trkpt>
      <trkpt lat="28.565094005316496" lon="-16.234572976827621">
        <ele>152.727</ele>
        <time>2022-05-22T09:19:06Z</time>
      </trkpt>
      <trkpt lat="28.565110014751554" lon="-16.234592003747821">
        <ele>151.928</ele>
        <time>2022-05-22T09:19:07Z</time>
      </trkpt>
      <trkpt lat="28.565119989216328" lon="-16.234615975990891">
        <ele>151.25800000000001</ele>
        <time>2022-05-22T09:19:08Z</time>
      </trkpt>
      <trkpt lat="28.565129963681102" lon="-16.234637014567852">
        <ele>150.68199999999999</ele>
        <time>2022-05-22T09:19:09Z</time>
      </trkpt>
      <trkpt lat="28.565139016136527" lon="-16.234658975154161">
        <ele>150.13200000000001</ele>
        <time>2022-05-22T09:19:10Z</time>
      </trkpt>
      <trkpt lat="28.565148990601301" lon="-16.234682025387883">
        <ele>149.56899999999999</ele>
        <time>2022-05-22T09:19:11Z</time>
      </trkpt>
      <trkpt lat="28.565157959237695" lon="-16.234705997630954">
        <ele>148.946</ele>
        <time>2022-05-22T09:19:12Z</time>
      </trkpt>
      <trkpt lat="28.565155025571585" lon="-16.234729969874024">
        <ele>148.988</ele>
        <time>2022-05-22T09:19:13Z</time>
      </trkpt>
      <trkpt lat="28.565135998651385" lon="-16.234773974865675">
        <ele>150.11600000000001</ele>
        <time>2022-05-22T09:19:15Z</time>
      </trkpt>
      <trkpt lat="28.565119989216328" lon="-16.234810017049313">
        <ele>151.10900000000001</ele>
        <time>2022-05-22T09:19:17Z</time>
      </trkpt>
      <trkpt lat="28.56510397978127" lon="-16.234827032312751">
        <ele>151.965</ele>
        <time>2022-05-22T09:19:18Z</time>
      </trkpt>
      <trkpt lat="28.565085036680102" lon="-16.234856033697724">
        <ele>152.95400000000001</ele>
        <time>2022-05-22T09:19:20Z</time>
      </trkpt>
      <trkpt lat="28.565071960911155" lon="-16.234873970970511">
        <ele>153.64699999999999</ele>
        <time>2022-05-22T09:19:21Z</time>
      </trkpt>
      <trkpt lat="28.565053017809987" lon="-16.234898027032614">
        <ele>154.779</ele>
        <time>2022-05-22T09:19:23Z</time>
      </trkpt>
      <trkpt lat="28.565024016425014" lon="-16.234923005104065">
        <ele>156.28</ele>
        <time>2022-05-22T09:19:25Z</time>
      </trkpt>
      <trkpt lat="28.565004989504814" lon="-16.23493398539722">
        <ele>157.16999999999999</ele>
        <time>2022-05-22T09:19:26Z</time>
      </trkpt>
      <trkpt lat="28.564985962584615" lon="-16.234948989003897">
        <ele>158.17400000000001</ele>
        <time>2022-05-22T09:19:27Z</time>
      </trkpt>
      <trkpt lat="28.564966013655066" lon="-16.234962986782193">
        <ele>159.29400000000001</ele>
        <time>2022-05-22T09:19:28Z</time>
      </trkpt>
      <trkpt lat="28.564950004220009" lon="-16.234978996217251">
        <ele>160.28100000000001</ele>
        <time>2022-05-22T09:19:29Z</time>
      </trkpt>
      <trkpt lat="28.564933994784951" lon="-16.234995005652308">
        <ele>161.06200000000001</ele>
        <time>2022-05-22T09:19:30Z</time>
      </trkpt>
      <trkpt lat="28.564917985349894" lon="-16.235007997602224">
        <ele>162.083</ele>
        <time>2022-05-22T09:19:31Z</time>
      </trkpt>
      <trkpt lat="28.564883032813668" lon="-16.23502098955214">
        <ele>163.81100000000001</ele>
        <time>2022-05-22T09:19:33Z</time>
      </trkpt>
      <trkpt lat="28.564844978973269" lon="-16.235034987330437">
        <ele>165.809</ele>
        <time>2022-05-22T09:19:35Z</time>
      </trkpt>
      <trkpt lat="28.564826035872102" lon="-16.235043033957481">
        <ele>166.86699999999999</ele>
        <time>2022-05-22T09:19:36Z</time>
      </trkpt>
      <trkpt lat="28.56480298563838" lon="-16.235043033957481">
        <ele>167.83600000000001</ele>
        <time>2022-05-22T09:19:37Z</time>
      </trkpt>
      <trkpt lat="28.564781025052071" lon="-16.235045967623591">
        <ele>168.96899999999999</ele>
        <time>2022-05-22T09:19:38Z</time>
      </trkpt>
      <trkpt lat="28.564755041152239" lon="-16.235053008422256">
        <ele>170.24100000000001</ele>
        <time>2022-05-22T09:19:39Z</time>
      </trkpt>
      <trkpt lat="28.564736014232039" lon="-16.23506398871541">
        <ele>171.392</ele>
        <time>2022-05-22T09:19:40Z</time>
      </trkpt>
      <trkpt lat="28.564713969826698" lon="-16.235093995928764">
        <ele>173.02199999999999</ele>
        <time>2022-05-22T09:19:42Z</time>
      </trkpt>
      <trkpt lat="28.564703995361924" lon="-16.235114028677344">
        <ele>174.18600000000001</ele>
        <time>2022-05-22T09:19:43Z</time>
      </trkpt>
      <trkpt lat="28.564697960391641" lon="-16.235132971778512">
        <ele>174.886</ele>
        <time>2022-05-22T09:19:44Z</time>
      </trkpt>
      <trkpt lat="28.564684968441725" lon="-16.235146969556808">
        <ele>176.03299999999999</ele>
        <time>2022-05-22T09:19:45Z</time>
      </trkpt>
      <trkpt lat="28.564674993976951" lon="-16.235164990648627">
        <ele>176.971</ele>
        <time>2022-05-22T09:19:46Z</time>
      </trkpt>
      <trkpt lat="28.564671976491809" lon="-16.235187035053968">
        <ele>177.441</ele>
        <time>2022-05-22T09:19:47Z</time>
      </trkpt>
      <trkpt lat="28.564682034775615" lon="-16.235223999246955">
        <ele>177.01499999999999</ele>
        <time>2022-05-22T09:19:49Z</time>
      </trkpt>
      <trkpt lat="28.56471698731184" lon="-16.235245037823915">
        <ele>174.90899999999999</ele>
        <time>2022-05-22T09:19:51Z</time>
      </trkpt>
      <trkpt lat="28.564732996746898" lon="-16.23525601811707">
        <ele>174.22800000000001</ele>
        <time>2022-05-22T09:19:52Z</time>
      </trkpt>
      <trkpt lat="28.564752023667097" lon="-16.235269010066986">
        <ele>173.577</ele>
        <time>2022-05-22T09:19:53Z</time>
      </trkpt>
      <trkpt lat="28.564770966768265" lon="-16.23527797870338">
        <ele>172.72999999999999</ele>
        <time>2022-05-22T09:19:54Z</time>
      </trkpt>
      <trkpt lat="28.564789993688464" lon="-16.235302034765482">
        <ele>172.09200000000001</ele>
        <time>2022-05-22T09:19:56Z</time>
      </trkpt>
      <trkpt lat="28.564797034487128" lon="-16.235328018665314">
        <ele>171.833</ele>
        <time>2022-05-22T09:19:59Z</time>
      </trkpt>
      <trkpt lat="28.564806003123522" lon="-16.235355008393526">
        <ele>171.68299999999999</ele>
        <time>2022-05-22T09:20:02Z</time>
      </trkpt>
      <trkpt lat="28.564815977588296" lon="-16.235373029485345">
        <ele>171.27699999999999</ele>
        <time>2022-05-22T09:20:04Z</time>
      </trkpt>
      <trkpt lat="28.564838021993637" lon="-16.235389960929751">
        <ele>170.28700000000001</ele>
        <time>2022-05-22T09:20:08Z</time>
      </trkpt>
      <trkpt lat="28.564854031428695" lon="-16.235400019213557">
        <ele>169.584</ele>
        <time>2022-05-22T09:20:10Z</time>
      </trkpt>
      <trkpt lat="28.564880015328526" lon="-16.235404964536428">
        <ele>168.39099999999999</ele>
        <time>2022-05-22T09:20:14Z</time>
      </trkpt>
      <trkpt lat="28.564889989793301" lon="-16.235423991456628">
        <ele>167.98099999999999</ele>
        <time>2022-05-22T09:20:18Z</time>
      </trkpt>
      <trkpt lat="28.564889989793301" lon="-16.235453998669982">
        <ele>168.01900000000001</ele>
        <time>2022-05-22T09:20:22Z</time>
      </trkpt>
      <trkpt lat="28.564912034198642" lon="-16.23547000810504">
        <ele>167.00899999999999</ele>
        <time>2022-05-22T09:20:25Z</time>
      </trkpt>
      <trkpt lat="28.564922008663416" lon="-16.235490962862968">
        <ele>166.66</ele>
        <time>2022-05-22T09:20:29Z</time>
      </trkpt>
      <trkpt lat="28.564941035583615" lon="-16.235504038631916">
        <ele>165.72900000000001</ele>
        <time>2022-05-22T09:20:33Z</time>
      </trkpt>
      <trkpt lat="28.564954027533531" lon="-16.235522981733084">
        <ele>165.25200000000001</ele>
        <time>2022-05-22T09:20:37Z</time>
      </trkpt>
      <trkpt lat="28.564972970634699" lon="-16.235531028360128">
        <ele>164.334</ele>
        <time>2022-05-22T09:20:39Z</time>
      </trkpt>
      <trkpt lat="28.565001972019672" lon="-16.235531028360128">
        <ele>162.875</ele>
        <time>2022-05-22T09:20:41Z</time>
      </trkpt>
      <trkpt lat="28.565020998939872" lon="-16.235538991168141">
        <ele>162.255</ele>
        <time>2022-05-22T09:20:43Z</time>
      </trkpt>
      <trkpt lat="28.565042959526181" lon="-16.235544020310044">
        <ele>161.589</ele>
        <time>2022-05-22T09:20:45Z</time>
      </trkpt>
      <trkpt lat="28.565058968961239" lon="-16.235533962026238">
        <ele>160.999</ele>
        <time>2022-05-22T09:20:46Z</time>
      </trkpt>
      <trkpt lat="28.565066009759903" lon="-16.23551401309669">
        <ele>160.64599999999999</ele>
        <time>2022-05-22T09:20:47Z</time>
      </trkpt>
      <trkpt lat="28.565082019194961" lon="-16.23549004085362">
        <ele>159.84100000000001</ele>
        <time>2022-05-22T09:20:48Z</time>
      </trkpt>
      <trkpt lat="28.565110014751554" lon="-16.235472019761801">
        <ele>158.78100000000001</ele>
        <time>2022-05-22T09:20:49Z</time>
      </trkpt>
      <trkpt lat="28.565129963681102" lon="-16.235456010326743">
        <ele>157.809</ele>
        <time>2022-05-22T09:20:50Z</time>
      </trkpt>
      <trkpt lat="28.565155025571585" lon="-16.23545098118484">
        <ele>156.809</ele>
        <time>2022-05-22T09:20:52Z</time>
      </trkpt>
      <trkpt lat="28.565181009471416" lon="-16.235432038083673">
        <ele>155.52500000000001</ele>
        <time>2022-05-22T09:20:54Z</time>
      </trkpt>
      <trkpt lat="28.565197018906474" lon="-16.235443018376827">
        <ele>155.16399999999999</ele>
        <time>2022-05-22T09:20:56Z</time>
      </trkpt>
      <trkpt lat="28.565218979492784" lon="-16.235463973134756">
        <ele>154.58699999999999</ele>
        <time>2022-05-22T09:20:58Z</time>
      </trkpt>
      <trkpt lat="28.565244963392615" lon="-16.235474031418562">
        <ele>153.71899999999999</ele>
        <time>2022-05-22T09:21:00Z</time>
      </trkpt>
      <trkpt lat="28.565267007797956" lon="-16.235485011711717">
        <ele>153.11000000000001</ele>
        <time>2022-05-22T09:21:03Z</time>
      </trkpt>
      <trkpt lat="28.565254015848041" lon="-16.235499009490013">
        <ele>153.86000000000001</ele>
        <time>2022-05-22T09:21:09Z</time>
      </trkpt>
      <trkpt lat="28.565234988927841" lon="-16.235499009490013">
        <ele>154.584</ele>
        <time>2022-05-22T09:21:11Z</time>
      </trkpt>
      <trkpt lat="28.565215962007642" lon="-16.235504038631916">
        <ele>155.25399999999999</ele>
        <time>2022-05-22T09:21:13Z</time>
      </trkpt>
      <trkpt lat="28.565200036391616" lon="-16.235519964247942">
        <ele>156.011</ele>
        <time>2022-05-22T09:21:18Z</time>
      </trkpt>
      <trkpt lat="28.565221996977925" lon="-16.23553304001689">
        <ele>155.56800000000001</ele>
        <time>2022-05-22T09:21:21Z</time>
      </trkpt>
      <trkpt lat="28.565238006412983" lon="-16.235544020310044">
        <ele>155.142</ele>
        <time>2022-05-22T09:21:23Z</time>
      </trkpt>
      <trkpt lat="28.565254015848041" lon="-16.23555701225996">
        <ele>154.92599999999999</ele>
        <time>2022-05-22T09:21:28Z</time>
      </trkpt>
      <trkpt lat="28.565267007797956" lon="-16.235574027523398">
        <ele>155.40899999999999</ele>
        <time>2022-05-22T09:21:31Z</time>
      </trkpt>
      <trkpt lat="28.565247980877757" lon="-16.235581990331411">
        <ele>156.58699999999999</ele>
        <time>2022-05-22T09:21:38Z</time>
      </trkpt>
      <trkpt lat="28.565229037776589" lon="-16.235580984503031">
        <ele>157.196</ele>
        <time>2022-05-22T09:21:42Z</time>
      </trkpt>
      <trkpt lat="28.565205987542868" lon="-16.235581990331411">
        <ele>157.91900000000001</ele>
        <time>2022-05-22T09:21:45Z</time>
      </trkpt>
      <trkpt lat="28.56518997810781" lon="-16.235605962574482">
        <ele>159.971</ele>
        <time>2022-05-22T09:21:48Z</time>
      </trkpt>
      <trkpt lat="28.565184026956558" lon="-16.235625995323062">
        <ele>161.452</ele>
        <time>2022-05-22T09:21:52Z</time>
      </trkpt>
      <trkpt lat="28.565177991986275" lon="-16.235645022243261">
        <ele>162.87200000000001</ele>
        <time>2022-05-22T09:21:56Z</time>
      </trkpt>
      <trkpt lat="28.565165000036359" lon="-16.23566597700119">
        <ele>164.626</ele>
        <time>2022-05-22T09:21:59Z</time>
      </trkpt>
      <trkpt lat="28.565168017521501" lon="-16.235688021406531">
        <ele>165.876</ele>
        <time>2022-05-22T09:22:03Z</time>
      </trkpt>
      <trkpt lat="28.565177991986275" lon="-16.235714005306363">
        <ele>167.06299999999999</ele>
        <time>2022-05-22T09:22:06Z</time>
      </trkpt>
      <trkpt lat="28.565194001421332" lon="-16.235740995034575">
        <ele>167.994</ele>
        <time>2022-05-22T09:22:09Z</time>
      </trkpt>
      <trkpt lat="28.56521001085639" lon="-16.235749963670969">
        <ele>167.75700000000001</ele>
        <time>2022-05-22T09:22:11Z</time>
      </trkpt>
      <trkpt lat="28.565226020291448" lon="-16.235769996419549">
        <ele>168.12200000000001</ele>
        <time>2022-05-22T09:22:13Z</time>
      </trkpt>
      <trkpt lat="28.565254015848041" lon="-16.235797991976142">
        <ele>168.309</ele>
        <time>2022-05-22T09:22:15Z</time>
      </trkpt>
      <trkpt lat="28.565267007797956" lon="-16.235819030553102">
        <ele>168.81</ele>
        <time>2022-05-22T09:22:16Z</time>
      </trkpt>
      <trkpt lat="28.565270025283098" lon="-16.235841996967793">
        <ele>169.81899999999999</ele>
        <time>2022-05-22T09:22:18Z</time>
      </trkpt>
      <trkpt lat="28.565270025283098" lon="-16.235869992524385">
        <ele>171.05199999999999</ele>
        <time>2022-05-22T09:22:20Z</time>
      </trkpt>
      <trkpt lat="28.565279999747872" lon="-16.235897988080978">
        <ele>171.76400000000001</ele>
        <time>2022-05-22T09:22:22Z</time>
      </trkpt>
      <trkpt lat="28.565286034718156" lon="-16.235927995294333">
        <ele>172.625</ele>
        <time>2022-05-22T09:22:24Z</time>
      </trkpt>
      <trkpt lat="28.565289974212646" lon="-16.235956996679306">
        <ele>173.685</ele>
        <time>2022-05-22T09:22:26Z</time>
      </trkpt>
      <trkpt lat="28.565289974212646" lon="-16.235981974750757">
        <ele>174.63900000000001</ele>
        <time>2022-05-22T09:22:28Z</time>
      </trkpt>
      <trkpt lat="28.565292991697788" lon="-16.236003013327718">
        <ele>175.339</ele>
        <time>2022-05-22T09:22:29Z</time>
      </trkpt>
      <trkpt lat="28.565299026668072" lon="-16.236026985570788">
        <ele>176.05600000000001</ele>
        <time>2022-05-22T09:22:30Z</time>
      </trkpt>
      <trkpt lat="28.565309001132846" lon="-16.236048024147749">
        <ele>176.28399999999999</ele>
        <time>2022-05-22T09:22:31Z</time>
      </trkpt>
      <trkpt lat="28.565330961719155" lon="-16.236082976683974">
        <ele>176.20699999999999</ele>
        <time>2022-05-22T09:22:33Z</time>
      </trkpt>
      <trkpt lat="28.565338002517819" lon="-16.236106026917696">
        <ele>176.71700000000001</ele>
        <time>2022-05-22T09:22:34Z</time>
      </trkpt>
      <trkpt lat="28.565346971154213" lon="-16.236131004989147">
        <ele>176.60900000000001</ele>
        <time>2022-05-22T09:22:35Z</time>
      </trkpt>
      <trkpt lat="28.565354011952877" lon="-16.236156988888979">
        <ele>176.559</ele>
        <time>2022-05-22T09:22:36Z</time>
      </trkpt>
      <trkpt lat="28.565362980589271" lon="-16.23617903329432">
        <ele>176.37799999999999</ele>
        <time>2022-05-22T09:22:37Z</time>
      </trkpt>
      <trkpt lat="28.565370021387935" lon="-16.23620199970901">
        <ele>176.291</ele>
        <time>2022-05-22T09:22:38Z</time>
      </trkpt>
      <trkpt lat="28.565373038873076" lon="-16.23622396029532">
        <ele>176.44300000000001</ele>
        <time>2022-05-22T09:22:39Z</time>
      </trkpt>
      <trkpt lat="28.56538200750947" lon="-16.236257990822196">
        <ele>176.41399999999999</ele>
        <time>2022-05-22T09:22:41Z</time>
      </trkpt>
      <trkpt lat="28.565386030822992" lon="-16.23628799803555">
        <ele>176.64400000000001</ele>
        <time>2022-05-22T09:22:43Z</time>
      </trkpt>
      <trkpt lat="28.56538200750947" lon="-16.236323034390807">
        <ele>177.58799999999999</ele>
        <time>2022-05-22T09:22:45Z</time>
      </trkpt>
      <trkpt lat="28.565378990024328" lon="-16.236347006633878">
        <ele>178.18799999999999</ele>
        <time>2022-05-22T09:22:46Z</time>
      </trkpt>
      <trkpt lat="28.565378990024328" lon="-16.236378019675612">
        <ele>178.67500000000001</ele>
        <time>2022-05-22T09:22:48Z</time>
      </trkpt>
      <trkpt lat="28.56538200750947" lon="-16.236402997747064">
        <ele>178.78800000000001</ele>
        <time>2022-05-22T09:22:50Z</time>
      </trkpt>
      <trkpt lat="28.565373038873076" lon="-16.236424036324024">
        <ele>179.524</ele>
        <time>2022-05-22T09:22:52Z</time>
      </trkpt>
      <trkpt lat="28.565365998074412" lon="-16.236442979425192">
        <ele>180.126</ele>
        <time>2022-05-22T09:22:54Z</time>
      </trkpt>
      <trkpt lat="28.565349988639355" lon="-16.236464018002152">
        <ele>181.209</ele>
        <time>2022-05-22T09:22:56Z</time>
      </trkpt>
      <trkpt lat="28.565357029438019" lon="-16.236494025215507">
        <ele>181.06899999999999</ele>
        <time>2022-05-22T09:22:58Z</time>
      </trkpt>
      <trkpt lat="28.565365998074412" lon="-16.236527971923351">
        <ele>180.84800000000001</ele>
        <time>2022-05-22T09:23:00Z</time>
      </trkpt>
      <trkpt lat="28.565365998074412" lon="-16.236552027985454">
        <ele>181.03100000000001</ele>
        <time>2022-05-22T09:23:01Z</time>
      </trkpt>
      <trkpt lat="28.565365998074412" lon="-16.236572982743382">
        <ele>181.13300000000001</ele>
        <time>2022-05-22T09:23:02Z</time>
      </trkpt>
      <trkpt lat="28.565359963104129" lon="-16.236592009663582">
        <ele>181.67400000000001</ele>
        <time>2022-05-22T09:23:03Z</time>
      </trkpt>
      <trkpt lat="28.565349988639355" lon="-16.236611036583781">
        <ele>182.434</ele>
        <time>2022-05-22T09:23:04Z</time>
      </trkpt>
      <trkpt lat="28.565341020002961" lon="-16.236638026311994">
        <ele>183.148</ele>
        <time>2022-05-22T09:23:05Z</time>
      </trkpt>
      <trkpt lat="28.565344037488103" lon="-16.236661998555064">
        <ele>183.19800000000001</ele>
        <time>2022-05-22T09:23:06Z</time>
      </trkpt>
      <trkpt lat="28.565349988639355" lon="-16.236693011596799">
        <ele>183.47499999999999</ele>
        <time>2022-05-22T09:23:08Z</time>
      </trkpt>
      <trkpt lat="28.565359963104129" lon="-16.236722012981772">
        <ele>183.52600000000001</ele>
        <time>2022-05-22T09:23:10Z</time>
      </trkpt>
      <trkpt lat="28.565365998074412" lon="-16.236745985224843">
        <ele>183.64699999999999</ele>
        <time>2022-05-22T09:23:11Z</time>
      </trkpt>
      <trkpt lat="28.565375972539186" lon="-16.236770963296294">
        <ele>183.61099999999999</ele>
        <time>2022-05-22T09:23:12Z</time>
      </trkpt>
      <trkpt lat="28.565388964489102" lon="-16.236794013530016">
        <ele>183.309</ele>
        <time>2022-05-22T09:23:13Z</time>
      </trkpt>
      <trkpt lat="28.565407991409302" lon="-16.236813040450215">
        <ele>182.78299999999999</ele>
        <time>2022-05-22T09:23:14Z</time>
      </trkpt>
      <trkpt lat="28.565440010279417" lon="-16.236840030178428">
        <ele>181.41200000000001</ele>
        <time>2022-05-22T09:23:16Z</time>
      </trkpt>
      <trkpt lat="28.565456019714475" lon="-16.236851010471582">
        <ele>180.785</ele>
        <time>2022-05-22T09:23:17Z</time>
      </trkpt>
      <trkpt lat="28.565477980300784" lon="-16.236873976886272">
        <ele>179.99700000000001</ele>
        <time>2022-05-22T09:23:19Z</time>
      </trkpt>
      <trkpt lat="28.565501030534506" lon="-16.236894009634852">
        <ele>179.148</ele>
        <time>2022-05-22T09:23:21Z</time>
      </trkpt>
      <trkpt lat="28.565517039969563" lon="-16.23691001906991">
        <ele>178.548</ele>
        <time>2022-05-22T09:23:22Z</time>
      </trkpt>
      <trkpt lat="28.565532965585589" lon="-16.236936002969742">
        <ele>178.12200000000001</ele>
        <time>2022-05-22T09:23:24Z</time>
      </trkpt>
      <trkpt lat="28.565551992505789" lon="-16.236954024061561">
        <ele>177.59200000000001</ele>
        <time>2022-05-22T09:23:26Z</time>
      </trkpt>
      <trkpt lat="28.565564984455705" lon="-16.236970033496618">
        <ele>177.499</ele>
        <time>2022-05-22T09:23:27Z</time>
      </trkpt>
      <trkpt lat="28.565577976405621" lon="-16.236991994082928">
        <ele>177.41900000000001</ele>
        <time>2022-05-22T09:23:29Z</time>
      </trkpt>
      <trkpt lat="28.565584011375904" lon="-16.237014038488269">
        <ele>177.809</ele>
        <time>2022-05-22T09:23:31Z</time>
      </trkpt>
      <trkpt lat="28.565589962527156" lon="-16.237044967710972">
        <ele>178.51900000000001</ele>
        <time>2022-05-22T09:23:33Z</time>
      </trkpt>
      <trkpt lat="28.565605971962214" lon="-16.237073969095945">
        <ele>178.709</ele>
        <time>2022-05-22T09:23:35Z</time>
      </trkpt>
      <trkpt lat="28.565626004710793" lon="-16.237090984359384">
        <ele>178.21199999999999</ele>
        <time>2022-05-22T09:23:37Z</time>
      </trkpt>
      <trkpt lat="28.565650982782245" lon="-16.237112022936344">
        <ele>177.65100000000001</ele>
        <time>2022-05-22T09:23:39Z</time>
      </trkpt>
      <trkpt lat="28.565666992217302" lon="-16.23712501488626">
        <ele>177.244</ele>
        <time>2022-05-22T09:23:40Z</time>
      </trkpt>
      <trkpt lat="28.565689958631992" lon="-16.237133983522654">
        <ele>176.46600000000001</ele>
        <time>2022-05-22T09:23:41Z</time>
      </trkpt>
      <trkpt lat="28.565718038007617" lon="-16.237154016271234">
        <ele>175.68700000000001</ele>
        <time>2022-05-22T09:23:43Z</time>
      </trkpt>
      <trkpt lat="28.565731029957533" lon="-16.237172959372401">
        <ele>175.67699999999999</ele>
        <time>2022-05-22T09:23:45Z</time>
      </trkpt>
      <trkpt lat="28.565744021907449" lon="-16.237193997949362">
        <ele>175.691</ele>
        <time>2022-05-22T09:23:47Z</time>
      </trkpt>
      <trkpt lat="28.565753996372223" lon="-16.237217970192432">
        <ele>175.99100000000001</ele>
        <time>2022-05-22T09:23:49Z</time>
      </trkpt>
      <trkpt lat="28.565765982493758" lon="-16.23723397962749">
        <ele>175.74799999999999</ele>
        <time>2022-05-22T09:23:51Z</time>
      </trkpt>
      <trkpt lat="28.565765982493758" lon="-16.237261975184083">
        <ele>176.51599999999999</ele>
        <time>2022-05-22T09:23:53Z</time>
      </trkpt>
      <trkpt lat="28.565786015242338" lon="-16.237286031246185">
        <ele>176.27600000000001</ele>
        <time>2022-05-22T09:23:55Z</time>
      </trkpt>
      <trkpt lat="28.565798001363873" lon="-16.237303968518972">
        <ele>176.113</ele>
        <time>2022-05-22T09:23:57Z</time>
      </trkpt>
      <trkpt lat="28.565814010798931" lon="-16.237317966297269">
        <ele>175.709</ele>
        <time>2022-05-22T09:23:58Z</time>
      </trkpt>
      <trkpt lat="28.565833959728479" lon="-16.237342022359371">
        <ele>175.482</ele>
        <time>2022-05-22T09:24:00Z</time>
      </trkpt>
      <trkpt lat="28.565833959728479" lon="-16.237370017915964">
        <ele>176.27099999999999</ele>
        <time>2022-05-22T09:24:02Z</time>
      </trkpt>
      <trkpt lat="28.565833959728479" lon="-16.237400025129318">
        <ele>177.16399999999999</ele>
        <time>2022-05-22T09:24:04Z</time>
      </trkpt>
      <trkpt lat="28.565836977213621" lon="-16.237429026514292">
        <ele>177.876</ele>
        <time>2022-05-22T09:24:06Z</time>
      </trkpt>
      <trkpt lat="28.565833959728479" lon="-16.237459033727646">
        <ele>178.81700000000001</ele>
        <time>2022-05-22T09:24:08Z</time>
      </trkpt>
      <trkpt lat="28.565820967778563" lon="-16.237499015405774">
        <ele>180.577</ele>
        <time>2022-05-22T09:24:10Z</time>
      </trkpt>
      <trkpt lat="28.565823985263705" lon="-16.237519970163703">
        <ele>181.33099999999999</ele>
        <time>2022-05-22T09:24:11Z</time>
      </trkpt>
      <trkpt lat="28.565846029669046" lon="-16.237537991255522">
        <ele>181.12100000000001</ele>
        <time>2022-05-22T09:24:13Z</time>
      </trkpt>
      <trkpt lat="28.565868996083736" lon="-16.237535979598761">
        <ele>179.958</ele>
        <time>2022-05-22T09:24:15Z</time>
      </trkpt>
      <trkpt lat="28.565893974155188" lon="-16.237524999305606">
        <ele>178.31899999999999</ele>
        <time>2022-05-22T09:24:17Z</time>
      </trkpt>
      <trkpt lat="28.565920041874051" lon="-16.237526005133986">
        <ele>177.10900000000001</ele>
        <time>2022-05-22T09:24:19Z</time>
      </trkpt>
      <trkpt lat="28.565942002460361" lon="-16.237541008740664">
        <ele>176.81899999999999</ele>
        <time>2022-05-22T09:24:21Z</time>
      </trkpt>
      <trkpt lat="28.565954994410276" lon="-16.237558024004102">
        <ele>177.00899999999999</ele>
        <time>2022-05-22T09:24:24Z</time>
      </trkpt>
      <trkpt lat="28.565967986360192" lon="-16.23757797293365">
        <ele>177.352</ele>
        <time>2022-05-22T09:24:27Z</time>
      </trkpt>
      <trkpt lat="28.565974021330476" lon="-16.237602028995752">
        <ele>178.23099999999999</ele>
        <time>2022-05-22T09:24:30Z</time>
      </trkpt>
      <trkpt lat="28.565974021330476" lon="-16.237623989582062">
        <ele>179.28399999999999</ele>
        <time>2022-05-22T09:24:32Z</time>
      </trkpt>
      <trkpt lat="28.565980978310108" lon="-16.237650979310274">
        <ele>180.226</ele>
        <time>2022-05-22T09:24:35Z</time>
      </trkpt>
      <trkpt lat="28.566000005230308" lon="-16.237674029543996">
        <ele>180.547</ele>
        <time>2022-05-22T09:24:38Z</time>
      </trkpt>
      <trkpt lat="28.566019032150507" lon="-16.237685009837151">
        <ele>180.21700000000001</ele>
        <time>2022-05-22T09:24:41Z</time>
      </trkpt>
      <trkpt lat="28.566045016050339" lon="-16.237681992352009">
        <ele>179.02099999999999</ele>
        <time>2022-05-22T09:24:44Z</time>
      </trkpt>
      <trkpt lat="28.566063959151506" lon="-16.237677969038486">
        <ele>178.02099999999999</ele>
        <time>2022-05-22T09:24:46Z</time>
      </trkpt>
      <trkpt lat="28.566095978021622" lon="-16.237676963210106">
        <ele>176.68799999999999</ele>
        <time>2022-05-22T09:24:48Z</time>
      </trkpt>
      <trkpt lat="28.566115004941821" lon="-16.237681992352009">
        <ele>176.07300000000001</ele>
        <time>2022-05-22T09:24:50Z</time>
      </trkpt>
      <trkpt lat="28.566144006326795" lon="-16.237690960988402">
        <ele>175.38499999999999</ele>
        <time>2022-05-22T09:24:53Z</time>
      </trkpt>
      <trkpt lat="28.566173007711768" lon="-16.23770403675735">
        <ele>174.71299999999999</ele>
        <time>2022-05-22T09:24:55Z</time>
      </trkpt>
      <trkpt lat="28.566205026581883" lon="-16.237717028707266">
        <ele>174.00899999999999</ele>
        <time>2022-05-22T09:24:57Z</time>
      </trkpt>
      <trkpt lat="28.566223969683051" lon="-16.237724991515279">
        <ele>173.61799999999999</ele>
        <time>2022-05-22T09:24:58Z</time>
      </trkpt>
      <trkpt lat="28.566250037401915" lon="-16.237737983465195">
        <ele>173.197</ele>
        <time>2022-05-22T09:25:00Z</time>
      </trkpt>
      <trkpt lat="28.566271997988224" lon="-16.23774703592062">
        <ele>172.68000000000001</ele>
        <time>2022-05-22T09:25:02Z</time>
      </trkpt>
      <trkpt lat="28.566300999373198" lon="-16.237757010385394">
        <ele>171.94200000000001</ele>
        <time>2022-05-22T09:25:05Z</time>
      </trkpt>
      <trkpt lat="28.566322959959507" lon="-16.237762961536646">
        <ele>171.21299999999999</ele>
        <time>2022-05-22T09:25:07Z</time>
      </trkpt>
      <trkpt lat="28.566341986879706" lon="-16.23777000233531">
        <ele>170.76300000000001</ele>
        <time>2022-05-22T09:25:09Z</time>
      </trkpt>
      <trkpt lat="28.566365037113428" lon="-16.237778970971704">
        <ele>170.15700000000001</ele>
        <time>2022-05-22T09:25:12Z</time>
      </trkpt>
      <trkpt lat="28.566383980214596" lon="-16.237789029255509">
        <ele>169.727</ele>
        <time>2022-05-22T09:25:14Z</time>
      </trkpt>
      <trkpt lat="28.566403007134795" lon="-16.237793974578381">
        <ele>169.14400000000001</ele>
        <time>2022-05-22T09:25:16Z</time>
      </trkpt>
      <trkpt lat="28.566428991034627" lon="-16.237797997891903">
        <ele>168.339</ele>
        <time>2022-05-22T09:25:18Z</time>
      </trkpt>
      <trkpt lat="28.566451035439968" lon="-16.237816018983722">
        <ele>168.101</ele>
        <time>2022-05-22T09:25:21Z</time>
      </trkpt>
      <trkpt lat="28.566466961055994" lon="-16.237829010933638">
        <ele>168.02099999999999</ele>
        <time>2022-05-22T09:25:23Z</time>
      </trkpt>
      <trkpt lat="28.566480036824942" lon="-16.237849965691566">
        <ele>168.209</ele>
        <time>2022-05-22T09:25:25Z</time>
      </trkpt>
      <trkpt lat="28.566490011289716" lon="-16.237866980955005">
        <ele>168.334</ele>
        <time>2022-05-22T09:25:27Z</time>
      </trkpt>
      <trkpt lat="28.566509038209915" lon="-16.237892964854836">
        <ele>168.35300000000001</ele>
        <time>2022-05-22T09:25:30Z</time>
      </trkpt>
      <trkpt lat="28.566522030159831" lon="-16.237906962633133">
        <ele>168.226</ele>
        <time>2022-05-22T09:25:32Z</time>
      </trkpt>
      <trkpt lat="28.566530998796225" lon="-16.237933030351996">
        <ele>168.68799999999999</ele>
        <time>2022-05-22T09:25:35Z</time>
      </trkpt>
      <trkpt lat="28.566540973260999" lon="-16.237951973453164">
        <ele>168.779</ele>
        <time>2022-05-22T09:25:37Z</time>
      </trkpt>
      <trkpt lat="28.566560000181198" lon="-16.237974017858505">
        <ele>168.43899999999999</ele>
        <time>2022-05-22T09:25:39Z</time>
      </trkpt>
      <trkpt lat="28.566576009616256" lon="-16.238002013415098">
        <ele>168.46299999999999</ele>
        <time>2022-05-22T09:25:41Z</time>
      </trkpt>
      <trkpt lat="28.566601993516088" lon="-16.238034032285213">
        <ele>167.93299999999999</ele>
        <time>2022-05-22T09:25:43Z</time>
      </trkpt>
      <trkpt lat="28.566621020436287" lon="-16.23804803006351">
        <ele>167.34</ele>
        <time>2022-05-22T09:25:44Z</time>
      </trkpt>
      <trkpt lat="28.566634012386203" lon="-16.238066973164678">
        <ele>166.96899999999999</ele>
        <time>2022-05-22T09:25:46Z</time>
      </trkpt>
      <trkpt lat="28.566645998507738" lon="-16.23809102922678">
        <ele>166.60400000000001</ele>
        <time>2022-05-22T09:25:48Z</time>
      </trkpt>
      <trkpt lat="28.566655972972512" lon="-16.238117013126612">
        <ele>166.524</ele>
        <time>2022-05-22T09:25:50Z</time>
      </trkpt>
      <trkpt lat="28.566662007942796" lon="-16.238150037825108">
        <ele>166.60900000000001</ele>
        <time>2022-05-22T09:25:52Z</time>
      </trkpt>
      <trkpt lat="28.566658990457654" lon="-16.238170992583036">
        <ele>167.15700000000001</ele>
        <time>2022-05-22T09:25:53Z</time>
      </trkpt>
      <trkpt lat="28.566658990457654" lon="-16.238192031159997">
        <ele>167.49600000000001</ele>
        <time>2022-05-22T09:25:54Z</time>
      </trkpt>
      <trkpt lat="28.566658990457654" lon="-16.238212985917926">
        <ele>167.739</ele>
        <time>2022-05-22T09:25:55Z</time>
      </trkpt>
      <trkpt lat="28.566662007942796" lon="-16.238234024494886">
        <ele>167.821</ele>
        <time>2022-05-22T09:25:56Z</time>
      </trkpt>
      <trkpt lat="28.566658990457654" lon="-16.238277023658156">
        <ele>168.62200000000001</ele>
        <time>2022-05-22T09:25:58Z</time>
      </trkpt>
      <trkpt lat="28.566653039306402" lon="-16.238295966759324">
        <ele>169.232</ele>
        <time>2022-05-22T09:25:59Z</time>
      </trkpt>
      <trkpt lat="28.566653039306402" lon="-16.238336032256484">
        <ele>169.756</ele>
        <time>2022-05-22T09:26:01Z</time>
      </trkpt>
      <trkpt lat="28.566642981022596" lon="-16.238374002277851">
        <ele>170.386</ele>
        <time>2022-05-22T09:26:03Z</time>
      </trkpt>
      <trkpt lat="28.566637029871345" lon="-16.238399986177683">
        <ele>170.79300000000001</ele>
        <time>2022-05-22T09:26:04Z</time>
      </trkpt>
      <trkpt lat="28.566634012386203" lon="-16.238421024754643">
        <ele>170.959</ele>
        <time>2022-05-22T09:26:05Z</time>
      </trkpt>
      <trkpt lat="28.566621020436287" lon="-16.238464023917913">
        <ele>171.703</ele>
        <time>2022-05-22T09:26:07Z</time>
      </trkpt>
      <trkpt lat="28.566613979637623" lon="-16.238487996160984">
        <ele>172.22300000000001</ele>
        <time>2022-05-22T09:26:08Z</time>
      </trkpt>
      <trkpt lat="28.566618002951145" lon="-16.238524960353971">
        <ele>172.00899999999999</ele>
        <time>2022-05-22T09:26:10Z</time>
      </trkpt>
      <trkpt lat="28.566613979637623" lon="-16.23856502585113">
        <ele>172.36600000000001</ele>
        <time>2022-05-22T09:26:12Z</time>
      </trkpt>
      <trkpt lat="28.566613979637623" lon="-16.23858698643744">
        <ele>172.44499999999999</ele>
        <time>2022-05-22T09:26:13Z</time>
      </trkpt>
      <trkpt lat="28.566618002951145" lon="-16.238624034449458">
        <ele>172.05799999999999</ele>
        <time>2022-05-22T09:26:15Z</time>
      </trkpt>
      <trkpt lat="28.566618002951145" lon="-16.238644989207387">
        <ele>171.75999999999999</ele>
        <time>2022-05-22T09:26:16Z</time>
      </trkpt>
      <trkpt lat="28.566624037921429" lon="-16.238682037219405">
        <ele>170.87100000000001</ele>
        <time>2022-05-22T09:26:18Z</time>
      </trkpt>
      <trkpt lat="28.566618002951145" lon="-16.238701986148953">
        <ele>170.92099999999999</ele>
        <time>2022-05-22T09:26:19Z</time>
      </trkpt>
      <trkpt lat="28.566613979637623" lon="-16.238723024725914">
        <ele>170.995</ele>
        <time>2022-05-22T09:26:20Z</time>
      </trkpt>
      <trkpt lat="28.566608028486371" lon="-16.238752026110888">
        <ele>170.91499999999999</ele>
        <time>2022-05-22T09:26:22Z</time>
      </trkpt>
      <trkpt lat="28.566610962152481" lon="-16.238775998353958">
        <ele>170.47200000000001</ele>
        <time>2022-05-22T09:26:24Z</time>
      </trkpt>
      <trkpt lat="28.566624037921429" lon="-16.238792007789016">
        <ele>169.31200000000001</ele>
        <time>2022-05-22T09:26:26Z</time>
      </trkpt>
      <trkpt lat="28.566626971587539" lon="-16.238817991688848">
        <ele>168.732</ele>
        <time>2022-05-22T09:26:28Z</time>
      </trkpt>
      <trkpt lat="28.566639963537455" lon="-16.238850010558963">
        <ele>167.405</ele>
        <time>2022-05-22T09:26:30Z</time>
      </trkpt>
      <trkpt lat="28.566642981022596" lon="-16.238878006115556">
        <ele>166.809</ele>
        <time>2022-05-22T09:26:32Z</time>
      </trkpt>
      <trkpt lat="28.566645998507738" lon="-16.238912036642432">
        <ele>165.922</ele>
        <time>2022-05-22T09:26:34Z</time>
      </trkpt>
      <trkpt lat="28.566653039306402" lon="-16.238946989178658">
        <ele>164.74100000000001</ele>
        <time>2022-05-22T09:26:36Z</time>
      </trkpt>
      <trkpt lat="28.566645998507738" lon="-16.238966016098857">
        <ele>164.834</ele>
        <time>2022-05-22T09:26:37Z</time>
      </trkpt>
      <trkpt lat="28.566639963537455" lon="-16.238986970856786">
        <ele>164.77600000000001</ele>
        <time>2022-05-22T09:26:38Z</time>
      </trkpt>
      <trkpt lat="28.566634012386203" lon="-16.239013960584998">
        <ele>164.68700000000001</ele>
        <time>2022-05-22T09:26:39Z</time>
      </trkpt>
      <trkpt lat="28.566634012386203" lon="-16.239040028303862">
        <ele>164.017</ele>
        <time>2022-05-22T09:26:40Z</time>
      </trkpt>
      <trkpt lat="28.56662998907268" lon="-16.23906098306179">
        <ele>163.92099999999999</ele>
        <time>2022-05-22T09:26:41Z</time>
      </trkpt>
      <trkpt lat="28.566624037921429" lon="-16.239094007760286">
        <ele>163.691</ele>
        <time>2022-05-22T09:26:43Z</time>
      </trkpt>
      <trkpt lat="28.56662998907268" lon="-16.239119991660118">
        <ele>162.69800000000001</ele>
        <time>2022-05-22T09:26:45Z</time>
      </trkpt>
      <trkpt lat="28.56665002182126" lon="-16.239148993045092">
        <ele>160.626</ele>
        <time>2022-05-22T09:26:47Z</time>
      </trkpt>
      <trkpt lat="28.566668964922428" lon="-16.239171037450433">
        <ele>158.84700000000001</ele>
        <time>2022-05-22T09:26:49Z</time>
      </trkpt>
      <trkpt lat="28.566687991842628" lon="-16.239194003865123">
        <ele>157.411</ele>
        <time>2022-05-22T09:26:51Z</time>
      </trkpt>
      <trkpt lat="28.566707018762827" lon="-16.239217976108193">
        <ele>156.10900000000001</ele>
        <time>2022-05-22T09:26:53Z</time>
      </trkpt>
      <trkpt lat="28.566710036247969" lon="-16.239243037998676">
        <ele>155.84299999999999</ele>
        <time>2022-05-22T09:26:55Z</time>
      </trkpt>
      <trkpt lat="28.566713975742459" lon="-16.239273967221379">
        <ele>155.452</ele>
        <time>2022-05-22T09:26:57Z</time>
      </trkpt>
      <trkpt lat="28.566713975742459" lon="-16.23929601162672">
        <ele>155.255</ele>
        <time>2022-05-22T09:26:58Z</time>
      </trkpt>
      <trkpt lat="28.566710036247969" lon="-16.239319983869791">
        <ele>155.39699999999999</ele>
        <time>2022-05-22T09:26:59Z</time>
      </trkpt>
      <trkpt lat="28.566720010712743" lon="-16.239345967769623">
        <ele>154.62799999999999</ele>
        <time>2022-05-22T09:27:00Z</time>
      </trkpt>
      <trkpt lat="28.566733002662659" lon="-16.239362983033061">
        <ele>153.898</ele>
        <time>2022-05-22T09:27:01Z</time>
      </trkpt>
      <trkpt lat="28.566749012097716" lon="-16.239375974982977">
        <ele>152.81200000000001</ele>
        <time>2022-05-22T09:27:02Z</time>
      </trkpt>
      <trkpt lat="28.566768039017916" lon="-16.239391984418035">
        <ele>151.71199999999999</ele>
        <time>2022-05-22T09:27:03Z</time>
      </trkpt>
      <trkpt lat="28.56677801348269" lon="-16.239421991631389">
        <ele>151.12899999999999</ele>
        <time>2022-05-22T09:27:05Z</time>
      </trkpt>
      <trkpt lat="28.566770972684026" lon="-16.239454010501504">
        <ele>151.559</ele>
        <time>2022-05-22T09:27:07Z</time>
      </trkpt>
      <trkpt lat="28.566762004047632" lon="-16.239492986351252">
        <ele>152.60300000000001</ele>
        <time>2022-05-22T09:27:09Z</time>
      </trkpt>
      <trkpt lat="28.566754963248968" lon="-16.239522993564606">
        <ele>153.523</ele>
        <time>2022-05-22T09:27:11Z</time>
      </trkpt>
      <trkpt lat="28.566749012097716" lon="-16.239549983292818">
        <ele>154.209</ele>
        <time>2022-05-22T09:27:13Z</time>
      </trkpt>
      <trkpt lat="28.566741971299052" lon="-16.239580996334553">
        <ele>155.14599999999999</ele>
        <time>2022-05-22T09:27:15Z</time>
      </trkpt>
      <trkpt lat="28.566739037632942" lon="-16.239602034911513">
        <ele>155.64500000000001</ele>
        <time>2022-05-22T09:27:17Z</time>
      </trkpt>
      <trkpt lat="28.566733002662659" lon="-16.239623995497823">
        <ele>156.31800000000001</ele>
        <time>2022-05-22T09:27:19Z</time>
      </trkpt>
      <trkpt lat="28.566733002662659" lon="-16.239658026024699">
        <ele>156.91999999999999</ele>
        <time>2022-05-22T09:27:21Z</time>
      </trkpt>
      <trkpt lat="28.566723028197885" lon="-16.239676969125867">
        <ele>157.851</ele>
        <time>2022-05-22T09:27:22Z</time>
      </trkpt>
      <trkpt lat="28.566723028197885" lon="-16.239699013531208">
        <ele>158.21100000000001</ele>
        <time>2022-05-22T09:27:23Z</time>
      </trkpt>
      <trkpt lat="28.566723028197885" lon="-16.239719968289137">
        <ele>158.565</ele>
        <time>2022-05-22T09:27:24Z</time>
      </trkpt>
      <trkpt lat="28.566720010712743" lon="-16.239744024351239">
        <ele>159.035</ele>
        <time>2022-05-22T09:27:25Z</time>
      </trkpt>
      <trkpt lat="28.566720010712743" lon="-16.239770008251071">
        <ele>159.422</ele>
        <time>2022-05-22T09:27:26Z</time>
      </trkpt>
      <trkpt lat="28.566720010712743" lon="-16.23979196883738">
        <ele>159.64500000000001</ele>
        <time>2022-05-22T09:27:27Z</time>
      </trkpt>
      <trkpt lat="28.566716993227601" lon="-16.239813007414341">
        <ele>160.14699999999999</ele>
        <time>2022-05-22T09:27:28Z</time>
      </trkpt>
      <trkpt lat="28.566716993227601" lon="-16.23983396217227">
        <ele>160.411</ele>
        <time>2022-05-22T09:27:29Z</time>
      </trkpt>
      <trkpt lat="28.566697966307402" lon="-16.239865981042385">
        <ele>162.00899999999999</ele>
        <time>2022-05-22T09:27:31Z</time>
      </trkpt>
      <trkpt lat="28.566687991842628" lon="-16.239885007962584">
        <ele>162.91499999999999</ele>
        <time>2022-05-22T09:27:32Z</time>
      </trkpt>
      <trkpt lat="28.566682040691376" lon="-16.239915015175939">
        <ele>163.89400000000001</ele>
        <time>2022-05-22T09:27:34Z</time>
      </trkpt>
      <trkpt lat="28.566691009327769" lon="-16.239933958277106">
        <ele>163.477</ele>
        <time>2022-05-22T09:27:36Z</time>
      </trkpt>
      <trkpt lat="28.566700983792543" lon="-16.239953991025686">
        <ele>163.01900000000001</ele>
        <time>2022-05-22T09:27:38Z</time>
      </trkpt>
      <trkpt lat="28.566716993227601" lon="-16.239970000460744">
        <ele>162.21000000000001</ele>
        <time>2022-05-22T09:27:41Z</time>
      </trkpt>
      <trkpt lat="28.566729985177517" lon="-16.23998399823904">
        <ele>161.56</ele>
        <time>2022-05-22T09:27:45Z</time>
      </trkpt>
      <trkpt lat="28.566707018762827" lon="-16.239997996017337">
        <ele>163.214</ele>
        <time>2022-05-22T09:27:49Z</time>
      </trkpt>
      <trkpt lat="28.566720010712743" lon="-16.240018028765917">
        <ele>162.874</ele>
        <time>2022-05-22T09:27:54Z</time>
      </trkpt>
      <trkpt lat="28.566739037632942" lon="-16.240032026544213">
        <ele>161.87100000000001</ele>
        <time>2022-05-22T09:27:58Z</time>
      </trkpt>
      <trkpt lat="28.566752029582858" lon="-16.240058010444045">
        <ele>161.55799999999999</ele>
        <time>2022-05-22T09:28:01Z</time>
      </trkpt>
      <trkpt lat="28.566749012097716" lon="-16.240082988515496">
        <ele>162.25200000000001</ele>
        <time>2022-05-22T09:28:03Z</time>
      </trkpt>
      <trkpt lat="28.566739037632942" lon="-16.240104027092457">
        <ele>163.417</ele>
        <time>2022-05-22T09:28:04Z</time>
      </trkpt>
      <trkpt lat="28.566729985177517" lon="-16.240131016820669">
        <ele>164.60900000000001</ele>
        <time>2022-05-22T09:28:05Z</time>
      </trkpt>
      <trkpt lat="28.566729985177517" lon="-16.240157000720501">
        <ele>165.27600000000001</ele>
        <time>2022-05-22T09:28:06Z</time>
      </trkpt>
      <trkpt lat="28.566739037632942" lon="-16.24017896130681">
        <ele>165.185</ele>
        <time>2022-05-22T09:28:07Z</time>
      </trkpt>
      <trkpt lat="28.566752029582858" lon="-16.240199999883771">
        <ele>164.74799999999999</ele>
        <time>2022-05-22T09:28:08Z</time>
      </trkpt>
      <trkpt lat="28.566762004047632" lon="-16.24021802097559">
        <ele>164.52000000000001</ele>
        <time>2022-05-22T09:28:09Z</time>
      </trkpt>
      <trkpt lat="28.566773990169168" lon="-16.240234030410647">
        <ele>164.041</ele>
        <time>2022-05-22T09:28:10Z</time>
      </trkpt>
      <trkpt lat="28.566797040402889" lon="-16.240258002653718">
        <ele>163.17099999999999</ele>
        <time>2022-05-22T09:28:11Z</time>
      </trkpt>
      <trkpt lat="28.566815983504057" lon="-16.240277029573917">
        <ele>162.345</ele>
        <time>2022-05-22T09:28:12Z</time>
      </trkpt>
      <trkpt lat="28.566826041787863" lon="-16.240298990160227">
        <ele>162.215</ele>
        <time>2022-05-22T09:28:13Z</time>
      </trkpt>
      <trkpt lat="28.566838027909398" lon="-16.240314999595284">
        <ele>161.84200000000001</ele>
        <time>2022-05-22T09:28:14Z</time>
      </trkpt>
      <trkpt lat="28.566851019859314" lon="-16.240337966009974">
        <ele>161.69800000000001</ele>
        <time>2022-05-22T09:28:15Z</time>
      </trkpt>
      <trkpt lat="28.566851019859314" lon="-16.240365961566567">
        <ele>162.315</ele>
        <time>2022-05-22T09:28:16Z</time>
      </trkpt>
      <trkpt lat="28.566857976838946" lon="-16.240396974608302">
        <ele>162.626</ele>
        <time>2022-05-22T09:28:17Z</time>
      </trkpt>
      <trkpt lat="28.56686401180923" lon="-16.240419019013643">
        <ele>162.809</ele>
        <time>2022-05-22T09:28:18Z</time>
      </trkpt>
      <trkpt lat="28.566869962960482" lon="-16.240453971549869">
        <ele>163.38999999999999</ele>
        <time>2022-05-22T09:28:20Z</time>
      </trkpt>
      <trkpt lat="28.566873986274004" lon="-16.240481967106462">
        <ele>163.78899999999999</ele>
        <time>2022-05-22T09:28:22Z</time>
      </trkpt>
      <trkpt lat="28.566880021244287" lon="-16.240509962663054">
        <ele>164.05199999999999</ele>
        <time>2022-05-22T09:28:24Z</time>
      </trkpt>
      <trkpt lat="28.566877003759146" lon="-16.240537958219647">
        <ele>164.98400000000001</ele>
        <time>2022-05-22T09:28:26Z</time>
      </trkpt>
      <trkpt lat="28.566883038729429" lon="-16.240565031766891">
        <ele>165.23500000000001</ele>
        <time>2022-05-22T09:28:29Z</time>
      </trkpt>
      <trkpt lat="28.566880021244287" lon="-16.240589004009962">
        <ele>165.995</ele>
        <time>2022-05-22T09:28:31Z</time>
      </trkpt>
      <trkpt lat="28.566867029294372" lon="-16.240619011223316">
        <ele>167.44900000000001</ele>
        <time>2022-05-22T09:28:33Z</time>
      </trkpt>
      <trkpt lat="28.566869962960482" lon="-16.240646000951529">
        <ele>167.88900000000001</ele>
        <time>2022-05-22T09:28:36Z</time>
      </trkpt>
      <trkpt lat="28.566867029294372" lon="-16.240667039528489">
        <ele>168.55600000000001</ele>
        <time>2022-05-22T09:28:38Z</time>
      </trkpt>
      <trkpt lat="28.566869962960482" lon="-16.240687994286418">
        <ele>168.852</ele>
        <time>2022-05-22T09:28:40Z</time>
      </trkpt>
      <trkpt lat="28.566880021244287" lon="-16.240709032863379">
        <ele>168.75299999999999</ele>
        <time>2022-05-22T09:28:42Z</time>
      </trkpt>
      <trkpt lat="28.566880021244287" lon="-16.240745997056365">
        <ele>169.50800000000001</ele>
        <time>2022-05-22T09:28:44Z</time>
      </trkpt>
      <trkpt lat="28.566867029294372" lon="-16.240779021754861">
        <ele>171.00899999999999</ele>
        <time>2022-05-22T09:28:46Z</time>
      </trkpt>
      <trkpt lat="28.566857976838946" lon="-16.240801988169551">
        <ele>172.01599999999999</ele>
        <time>2022-05-22T09:28:48Z</time>
      </trkpt>
      <trkpt lat="28.566841967403889" lon="-16.240813974291086">
        <ele>173.125</ele>
        <time>2022-05-22T09:28:51Z</time>
      </trkpt>
      <trkpt lat="28.566826041787863" lon="-16.240825960412621">
        <ele>174.27799999999999</ele>
        <time>2022-05-22T09:28:54Z</time>
      </trkpt>
      <trkpt lat="28.566810032352805" lon="-16.240835012868047">
        <ele>175.34</ele>
        <time>2022-05-22T09:28:57Z</time>
      </trkpt>
      <trkpt lat="28.566799974068999" lon="-16.240855967625976">
        <ele>176.34100000000001</ele>
        <time>2022-05-22T09:29:00Z</time>
      </trkpt>
      <trkpt lat="28.566797040402889" lon="-16.240877006202936">
        <ele>177.041</ele>
        <time>2022-05-22T09:29:02Z</time>
      </trkpt>
      <trkpt lat="28.566786982119083" lon="-16.240903995931149">
        <ele>178.125</ele>
        <time>2022-05-22T09:29:04Z</time>
      </trkpt>
      <trkpt lat="28.566806009039283" lon="-16.240927968174219">
        <ele>177.76499999999999</ele>
        <time>2022-05-22T09:29:06Z</time>
      </trkpt>
      <trkpt lat="28.566826041787863" lon="-16.240936014801264">
        <ele>176.91200000000001</ele>
        <time>2022-05-22T09:29:07Z</time>
      </trkpt>
      <trkpt lat="28.56684498488903" lon="-16.240941965952516">
        <ele>176.24100000000001</ele>
        <time>2022-05-22T09:29:08Z</time>
      </trkpt>
      <trkpt lat="28.56686401180923" lon="-16.240945989266038">
        <ele>175.48099999999999</ele>
        <time>2022-05-22T09:29:09Z</time>
      </trkpt>
      <trkpt lat="28.566901981830597" lon="-16.240952024236321">
        <ele>173.809</ele>
        <time>2022-05-22T09:29:11Z</time>
      </trkpt>
      <trkpt lat="28.566917991265655" lon="-16.240961998701096">
        <ele>173.40899999999999</ele>
        <time>2022-05-22T09:29:12Z</time>
      </trkpt>
      <trkpt lat="28.566941041499376" lon="-16.240968033671379">
        <ele>172.57499999999999</ele>
        <time>2022-05-22T09:29:13Z</time>
      </trkpt>
      <trkpt lat="28.566969959065318" lon="-16.240982031449676">
        <ele>171.554</ele>
        <time>2022-05-22T09:29:15Z</time>
      </trkpt>
      <trkpt lat="28.566998038440943" lon="-16.240989994257689">
        <ele>170.477</ele>
        <time>2022-05-22T09:29:17Z</time>
      </trkpt>
      <trkpt lat="28.567017987370491" lon="-16.240999968722463">
        <ele>169.76900000000001</ele>
        <time>2022-05-22T09:29:19Z</time>
      </trkpt>
      <trkpt lat="28.56703701429069" lon="-16.24101597815752">
        <ele>169.36000000000001</ele>
        <time>2022-05-22T09:29:22Z</time>
      </trkpt>
      <trkpt lat="28.567066015675664" lon="-16.241022013127804">
        <ele>168.02000000000001</ele>
        <time>2022-05-22T09:29:24Z</time>
      </trkpt>
      <trkpt lat="28.567084958776832" lon="-16.241026958450675">
        <ele>167.26400000000001</ele>
        <time>2022-05-22T09:29:26Z</time>
      </trkpt>
      <trkpt lat="28.567098034545779" lon="-16.241051014512777">
        <ele>167.31399999999999</ele>
        <time>2022-05-22T09:29:28Z</time>
      </trkpt>
      <trkpt lat="28.567113960161805" lon="-16.241070041432977">
        <ele>167.161</ele>
        <time>2022-05-22T09:29:30Z</time>
      </trkpt>
      <trkpt lat="28.56712301261723" lon="-16.241093007847667">
        <ele>167.458</ele>
        <time>2022-05-22T09:29:32Z</time>
      </trkpt>
      <trkpt lat="28.567126030102372" lon="-16.241116980090737">
        <ele>168.05199999999999</ele>
        <time>2022-05-22T09:29:34Z</time>
      </trkpt>
      <trkpt lat="28.567119995132089" lon="-16.241141958162189">
        <ele>168.81700000000001</ele>
        <time>2022-05-22T09:29:37Z</time>
      </trkpt>
      <trkpt lat="28.567110020667315" lon="-16.241162996739149">
        <ele>169.709</ele>
        <time>2022-05-22T09:29:39Z</time>
      </trkpt>
      <trkpt lat="28.567103985697031" lon="-16.241189986467361">
        <ele>170.57599999999999</ele>
        <time>2022-05-22T09:29:42Z</time>
      </trkpt>
      <trkpt lat="28.567098034545779" lon="-16.241210019215941">
        <ele>171.29499999999999</ele>
        <time>2022-05-22T09:29:44Z</time>
      </trkpt>
      <trkpt lat="28.567094011232257" lon="-16.241242038086057">
        <ele>172.11799999999999</ele>
        <time>2022-05-22T09:29:47Z</time>
      </trkpt>
      <trkpt lat="28.567094011232257" lon="-16.241269027814269">
        <ele>172.63</ele>
        <time>2022-05-22T09:29:58Z</time>
      </trkpt>
      <trkpt lat="28.567098034545779" lon="-16.241289982572198">
        <ele>172.86099999999999</ele>
        <time>2022-05-22T09:30:00Z</time>
      </trkpt>
      <trkpt lat="28.567110020667315" lon="-16.241310015320778">
        <ele>172.74100000000001</ele>
        <time>2022-05-22T09:30:01Z</time>
      </trkpt>
      <trkpt lat="28.567136004567146" lon="-16.241330970078707">
        <ele>171.815</ele>
        <time>2022-05-22T09:30:02Z</time>
      </trkpt>
      <trkpt lat="28.567148996517062" lon="-16.241355026140809">
        <ele>171.755</ele>
        <time>2022-05-22T09:30:03Z</time>
      </trkpt>
      <trkpt lat="28.567168023437262" lon="-16.241377992555499">
        <ele>171.33199999999999</ele>
        <time>2022-05-22T09:30:04Z</time>
      </trkpt>
      <trkpt lat="28.567177997902036" lon="-16.241395007818937">
        <ele>171.279</ele>
        <time>2022-05-22T09:30:05Z</time>
      </trkpt>
      <trkpt lat="28.567189984023571" lon="-16.241414034739137">
        <ele>170.905</ele>
        <time>2022-05-22T09:30:06Z</time>
      </trkpt>
      <trkpt lat="28.567189984023571" lon="-16.241438006982207">
        <ele>171.22499999999999</ele>
        <time>2022-05-22T09:30:07Z</time>
      </trkpt>
      <trkpt lat="28.567194007337093" lon="-16.241460973396897">
        <ele>171.309</ele>
        <time>2022-05-22T09:30:08Z</time>
      </trkpt>
      <trkpt lat="28.567199958488345" lon="-16.241493998095393">
        <ele>171.518</ele>
        <time>2022-05-22T09:30:10Z</time>
      </trkpt>
      <trkpt lat="28.567184032872319" lon="-16.241541020572186">
        <ele>172.917</ele>
        <time>2022-05-22T09:30:12Z</time>
      </trkpt>
      <trkpt lat="28.567173974588513" lon="-16.241570021957159">
        <ele>173.81999999999999</ele>
        <time>2022-05-22T09:30:13Z</time>
      </trkpt>
      <trkpt lat="28.56716500595212" lon="-16.241598017513752">
        <ele>174.58199999999999</ele>
        <time>2022-05-22T09:30:14Z</time>
      </trkpt>
      <trkpt lat="28.567155031487346" lon="-16.241620983928442">
        <ele>175.38300000000001</ele>
        <time>2022-05-22T09:30:15Z</time>
      </trkpt>
      <trkpt lat="28.567155031487346" lon="-16.241645961999893">
        <ele>175.643</ele>
        <time>2022-05-22T09:30:16Z</time>
      </trkpt>
      <trkpt lat="28.567194007337093" lon="-16.241669012233615">
        <ele>174.34700000000001</ele>
        <time>2022-05-22T09:30:18Z</time>
      </trkpt>
      <trkpt lat="28.567228959873319" lon="-16.24166096560657">
        <ele>172.64699999999999</ele>
        <time>2022-05-22T09:30:20Z</time>
      </trkpt>
      <trkpt lat="28.567263996228576" lon="-16.24165803194046">
        <ele>171.14400000000001</ele>
        <time>2022-05-22T09:30:22Z</time>
      </trkpt>
      <trkpt lat="28.567283023148775" lon="-16.241656020283699">
        <ele>170.244</ele>
        <time>2022-05-22T09:30:23Z</time>
      </trkpt>
      <trkpt lat="28.567305989563465" lon="-16.24166096560657">
        <ele>169.30500000000001</ele>
        <time>2022-05-22T09:30:24Z</time>
      </trkpt>
      <trkpt lat="28.567328033968806" lon="-16.241670018061996">
        <ele>168.51499999999999</ele>
        <time>2022-05-22T09:30:25Z</time>
      </trkpt>
      <trkpt lat="28.567349994555116" lon="-16.241676975041628">
        <ele>167.709</ele>
        <time>2022-05-22T09:30:26Z</time>
      </trkpt>
      <trkpt lat="28.567366003990173" lon="-16.241686027497053">
        <ele>167.215</ele>
        <time>2022-05-22T09:30:27Z</time>
      </trkpt>
      <trkpt lat="28.567395005375147" lon="-16.241692984476686">
        <ele>166.16399999999999</ele>
        <time>2022-05-22T09:30:28Z</time>
      </trkpt>
      <trkpt lat="28.567430041730404" lon="-16.24170103110373">
        <ele>164.83699999999999</ele>
        <time>2022-05-22T09:30:30Z</time>
      </trkpt>
      <trkpt lat="28.567449990659952" lon="-16.241705976426601">
        <ele>164.149</ele>
        <time>2022-05-22T09:30:31Z</time>
      </trkpt>
      <trkpt lat="28.567482009530067" lon="-16.241712011396885">
        <ele>162.91</ele>
        <time>2022-05-22T09:30:33Z</time>
      </trkpt>
      <trkpt lat="28.567514028400183" lon="-16.241726009175181">
        <ele>161.97999999999999</ele>
        <time>2022-05-22T09:30:35Z</time>
      </trkpt>
      <trkpt lat="28.567542023956776" lon="-16.241730032488704">
        <ele>160.88399999999999</ele>
        <time>2022-05-22T09:30:37Z</time>
      </trkpt>
      <trkpt lat="28.567561972886324" lon="-16.241751993075013">
        <ele>160.54400000000001</ele>
        <time>2022-05-22T09:30:40Z</time>
      </trkpt>
      <trkpt lat="28.567573959007859" lon="-16.241770014166832">
        <ele>160.42099999999999</ele>
        <time>2022-05-22T09:30:42Z</time>
      </trkpt>
      <trkpt lat="28.567593991756439" lon="-16.241780994459987">
        <ele>159.81200000000001</ele>
        <time>2022-05-22T09:30:44Z</time>
      </trkpt>
      <trkpt lat="28.567605977877975" lon="-16.241804966703057">
        <ele>159.93199999999999</ele>
        <time>2022-05-22T09:30:46Z</time>
      </trkpt>
      <trkpt lat="28.567605977877975" lon="-16.24182902276516">
        <ele>160.505</ele>
        <time>2022-05-22T09:30:48Z</time>
      </trkpt>
      <trkpt lat="28.56761603616178" lon="-16.241849977523088">
        <ele>160.60900000000001</ele>
        <time>2022-05-22T09:30:50Z</time>
      </trkpt>
      <trkpt lat="28.567613018676639" lon="-16.241870010271668">
        <ele>161.262</ele>
        <time>2022-05-22T09:30:53Z</time>
      </trkpt>
      <trkpt lat="28.567626010626554" lon="-16.241898005828261">
        <ele>161.49100000000001</ele>
        <time>2022-05-22T09:30:55Z</time>
      </trkpt>
      <trkpt lat="28.567645037546754" lon="-16.241906974464655">
        <ele>160.82400000000001</ele>
        <time>2022-05-22T09:30:56Z</time>
      </trkpt>
      <trkpt lat="28.567670015618205" lon="-16.241917032748461">
        <ele>160.05600000000001</ele>
        <time>2022-05-22T09:30:58Z</time>
      </trkpt>
      <trkpt lat="28.567692982032895" lon="-16.241918038576841">
        <ele>159.077</ele>
        <time>2022-05-22T09:31:00Z</time>
      </trkpt>
      <trkpt lat="28.567712008953094" lon="-16.241930024698377">
        <ele>158.547</ele>
        <time>2022-05-22T09:31:03Z</time>
      </trkpt>
      <trkpt lat="28.567731035873294" lon="-16.241930024698377">
        <ele>157.761</ele>
        <time>2022-05-22T09:31:05Z</time>
      </trkpt>
      <trkpt lat="28.567749978974462" lon="-16.241917032748461">
        <ele>156.511</ele>
        <time>2022-05-22T09:31:07Z</time>
      </trkpt>
      <trkpt lat="28.567770011723042" lon="-16.241890965029597">
        <ele>155.018</ele>
        <time>2022-05-22T09:31:09Z</time>
      </trkpt>
      <trkpt lat="28.567789038643241" lon="-16.241865986958146">
        <ele>153.68100000000001</ele>
        <time>2022-05-22T09:31:11Z</time>
      </trkpt>
      <trkpt lat="28.567794989794493" lon="-16.241842014715075">
        <ele>152.761</ele>
        <time>2022-05-22T09:31:13Z</time>
      </trkpt>
      <trkpt lat="28.567818040028214" lon="-16.24182902276516">
        <ele>151.517</ele>
        <time>2022-05-22T09:31:15Z</time>
      </trkpt>
      <trkpt lat="28.567849975079298" lon="-16.241816030815244">
        <ele>149.90899999999999</ele>
        <time>2022-05-22T09:31:17Z</time>
      </trkpt>
      <trkpt lat="28.567869001999497" lon="-16.241807984188199">
        <ele>148.959</ele>
        <time>2022-05-22T09:31:19Z</time>
      </trkpt>
      <trkpt lat="28.567885011434555" lon="-16.241818964481354">
        <ele>148.62799999999999</ele>
        <time>2022-05-22T09:31:21Z</time>
      </trkpt>
      <trkpt lat="28.567904038354754" lon="-16.241826005280018">
        <ele>148.03100000000001</ele>
        <time>2022-05-22T09:31:23Z</time>
      </trkpt>
      <trkpt lat="28.567930022254586" lon="-16.241845032200217">
        <ele>147.583</ele>
        <time>2022-05-22T09:31:26Z</time>
      </trkpt>
      <trkpt lat="28.567958017811179" lon="-16.241845032200217">
        <ele>146.45400000000001</ele>
        <time>2022-05-22T09:31:28Z</time>
      </trkpt>
      <trkpt lat="28.567984001711011" lon="-16.241845032200217">
        <ele>145.364</ele>
        <time>2022-05-22T09:31:30Z</time>
      </trkpt>
      <trkpt lat="28.568000011146069" lon="-16.241859029978514">
        <ele>145.078</ele>
        <time>2022-05-22T09:31:32Z</time>
      </trkpt>
      <trkpt lat="28.568021971732378" lon="-16.241881996393204">
        <ele>144.86799999999999</ele>
        <time>2022-05-22T09:31:34Z</time>
      </trkpt>
      <trkpt lat="28.568037981167436" lon="-16.2418959941715">
        <ele>144.55500000000001</ele>
        <time>2022-05-22T09:31:36Z</time>
      </trkpt>
      <trkpt lat="28.568066982552409" lon="-16.241898005828261">
        <ele>143.49299999999999</ele>
        <time>2022-05-22T09:31:38Z</time>
      </trkpt>
      <trkpt lat="28.568092966452241" lon="-16.241914015263319">
        <ele>142.965</ele>
        <time>2022-05-22T09:31:40Z</time>
      </trkpt>
      <trkpt lat="28.568124985322356" lon="-16.241914015263319">
        <ele>141.821</ele>
        <time>2022-05-22T09:31:42Z</time>
      </trkpt>
      <trkpt lat="28.568140994757414" lon="-16.241930024698377">
        <ele>141.60900000000001</ele>
        <time>2022-05-22T09:31:45Z</time>
      </trkpt>
      <trkpt lat="28.568144012242556" lon="-16.241960031911731">
        <ele>142.28999999999999</ele>
        <time>2022-05-22T09:31:48Z</time>
      </trkpt>
      <trkpt lat="28.568157004192472" lon="-16.241977969184518">
        <ele>142.15899999999999</ele>
        <time>2022-05-22T09:31:51Z</time>
      </trkpt>
      <trkpt lat="28.568173013627529" lon="-16.241993978619576">
        <ele>141.94200000000001</ele>
        <time>2022-05-22T09:31:53Z</time>
      </trkpt>
      <trkpt lat="28.568192040547729" lon="-16.242003031075001">
        <ele>141.524</ele>
        <time>2022-05-22T09:31:55Z</time>
      </trkpt>
      <trkpt lat="28.56821802444756" lon="-16.242029014974833">
        <ele>141.23500000000001</ele>
        <time>2022-05-22T09:31:57Z</time>
      </trkpt>
      <trkpt lat="28.56823998503387" lon="-16.242049969732761">
        <ele>140.995</ele>
        <time>2022-05-22T09:31:59Z</time>
      </trkpt>
      <trkpt lat="28.568252976983786" lon="-16.242063967511058">
        <ele>140.839</ele>
        <time>2022-05-22T09:32:00Z</time>
      </trkpt>
      <trkpt lat="28.568259011954069" lon="-16.242082994431257">
        <ele>141.04900000000001</ele>
        <time>2022-05-22T09:32:01Z</time>
      </trkpt>
      <trkpt lat="28.568291030824184" lon="-16.242105960845947">
        <ele>140.596</ele>
        <time>2022-05-22T09:32:03Z</time>
      </trkpt>
      <trkpt lat="28.568317014724016" lon="-16.242124987766147">
        <ele>140.155</ele>
        <time>2022-05-22T09:32:05Z</time>
      </trkpt>
      <trkpt lat="28.568333024159074" lon="-16.242137979716063">
        <ele>139.90700000000001</ele>
        <time>2022-05-22T09:32:06Z</time>
      </trkpt>
      <trkpt lat="28.56834601610899" lon="-16.24215398915112">
        <ele>139.917</ele>
        <time>2022-05-22T09:32:07Z</time>
      </trkpt>
      <trkpt lat="28.568367976695299" lon="-16.242176033556461">
        <ele>139.90899999999999</ele>
        <time>2022-05-22T09:32:09Z</time>
      </trkpt>
      <trkpt lat="28.568378034979105" lon="-16.242205034941435">
        <ele>140.48599999999999</ele>
        <time>2022-05-22T09:32:11Z</time>
      </trkpt>
      <trkpt lat="28.568393960595131" lon="-16.242221966385841">
        <ele>140.52500000000001</ele>
        <time>2022-05-22T09:32:13Z</time>
      </trkpt>
      <trkpt lat="28.568425979465246" lon="-16.242232024669647">
        <ele>140.03800000000001</ele>
        <time>2022-05-22T09:32:15Z</time>
      </trkpt>
      <trkpt lat="28.568437965586782" lon="-16.242252979427576">
        <ele>140.41999999999999</ele>
        <time>2022-05-22T09:32:17Z</time>
      </trkpt>
      <trkpt lat="28.568461015820503" lon="-16.242248034104705">
        <ele>139.74100000000001</ele>
        <time>2022-05-22T09:32:19Z</time>
      </trkpt>
      <trkpt lat="28.568485993891954" lon="-16.242246022447944">
        <ele>139.041</ele>
        <time>2022-05-22T09:32:21Z</time>
      </trkpt>
      <trkpt lat="28.568506026640534" lon="-16.242225989699364">
        <ele>137.88499999999999</ele>
        <time>2022-05-22T09:32:23Z</time>
      </trkpt>
      <trkpt lat="28.568485993891954" lon="-16.242234958335757">
        <ele>138.66499999999999</ele>
        <time>2022-05-22T09:32:28Z</time>
      </trkpt>
      <trkpt lat="28.568477025255561" lon="-16.24225901439786">
        <ele>139.69200000000001</ele>
        <time>2022-05-22T09:32:31Z</time>
      </trkpt>
      <trkpt lat="28.568469984456897" lon="-16.24228198081255">
        <ele>140.65100000000001</ele>
        <time>2022-05-22T09:32:33Z</time>
      </trkpt>
      <trkpt lat="28.568461015820503" lon="-16.242317017167807">
        <ele>142.001</ele>
        <time>2022-05-22T09:32:35Z</time>
      </trkpt>
      <trkpt lat="28.568453975021839" lon="-16.242362027987838">
        <ele>143.71100000000001</ele>
        <time>2022-05-22T09:32:37Z</time>
      </trkpt>
      <trkpt lat="28.568451041355729" lon="-16.242386000230908">
        <ele>144.60900000000001</ele>
        <time>2022-05-22T09:32:38Z</time>
      </trkpt>
      <trkpt lat="28.568435031920671" lon="-16.242413995787501">
        <ele>145.96600000000001</ele>
        <time>2022-05-22T09:32:40Z</time>
      </trkpt>
      <trkpt lat="28.56843201443553" lon="-16.242439979687333">
        <ele>146.82499999999999</ele>
        <time>2022-05-22T09:32:42Z</time>
      </trkpt>
      <trkpt lat="28.568437965586782" lon="-16.242464035749435">
        <ele>147.518</ele>
        <time>2022-05-22T09:32:44Z</time>
      </trkpt>
      <trkpt lat="28.568445006385446" lon="-16.242491025477648">
        <ele>148.38999999999999</ele>
        <time>2022-05-22T09:32:46Z</time>
      </trkpt>
      <trkpt lat="28.568461015820503" lon="-16.242504017427564">
        <ele>148.49100000000001</ele>
        <time>2022-05-22T09:32:48Z</time>
      </trkpt>
      <trkpt lat="28.568490017205477" lon="-16.242504017427564">
        <ele>147.84100000000001</ele>
        <time>2022-05-22T09:32:51Z</time>
      </trkpt>
      <trkpt lat="28.568514995276928" lon="-16.242504017427564">
        <ele>147.215</ele>
        <time>2022-05-22T09:32:53Z</time>
      </trkpt>
      <trkpt lat="28.568534022197127" lon="-16.24251700937748">
        <ele>147.36500000000001</ele>
        <time>2022-05-22T09:32:56Z</time>
      </trkpt>
      <trkpt lat="28.568550031632185" lon="-16.242530001327395">
        <ele>147.58199999999999</ele>
        <time>2022-05-22T09:32:58Z</time>
      </trkpt>
      <trkpt lat="28.568569980561733" lon="-16.242530001327395">
        <ele>147.017</ele>
        <time>2022-05-22T09:33:01Z</time>
      </trkpt>
      <trkpt lat="28.568601999431849" lon="-16.242525978013873">
        <ele>146.28700000000001</ele>
        <time>2022-05-22T09:33:03Z</time>
      </trkpt>
      <trkpt lat="28.568618008866906" lon="-16.24251700937748">
        <ele>145.41499999999999</ele>
        <time>2022-05-22T09:33:05Z</time>
      </trkpt>
      <trkpt lat="28.568642986938357" lon="-16.242513991892338">
        <ele>144.209</ele>
        <time>2022-05-22T09:33:07Z</time>
      </trkpt>
      <trkpt lat="28.568668970838189" lon="-16.242502005770802">
        <ele>142.65199999999999</ele>
        <time>2022-05-22T09:33:09Z</time>
      </trkpt>
      <trkpt lat="28.56869101524353" lon="-16.242484990507364">
        <ele>140.93100000000001</ele>
        <time>2022-05-22T09:33:11Z</time>
      </trkpt>
      <trkpt lat="28.56871398165822" lon="-16.242479961365461">
        <ele>139.774</ele>
        <time>2022-05-22T09:33:13Z</time>
      </trkpt>
      <trkpt lat="28.56873300857842" lon="-16.242485996335745">
        <ele>139.15600000000001</ele>
        <time>2022-05-22T09:33:15Z</time>
      </trkpt>
      <trkpt lat="28.568754969164729" lon="-16.242493037134409">
        <ele>138.53700000000001</ele>
        <time>2022-05-22T09:33:17Z</time>
      </trkpt>
      <trkpt lat="28.568773996084929" lon="-16.242500999942422">
        <ele>138.05699999999999</ele>
        <time>2022-05-22T09:33:19Z</time>
      </trkpt>
      <trkpt lat="28.568794028833508" lon="-16.242509968578815">
        <ele>137.631</ele>
        <time>2022-05-22T09:33:21Z</time>
      </trkpt>
      <trkpt lat="28.568815989419818" lon="-16.242530001327395">
        <ele>137.751</ele>
        <time>2022-05-22T09:33:24Z</time>
      </trkpt>
      <trkpt lat="28.568831998854876" lon="-16.242543999105692">
        <ele>137.74799999999999</ele>
        <time>2022-05-22T09:33:26Z</time>
      </trkpt>
      <trkpt lat="28.568851025775075" lon="-16.242556991055608">
        <ele>137.691</ele>
        <time>2022-05-22T09:33:29Z</time>
      </trkpt>
      <trkpt lat="28.568867035210133" lon="-16.242570988833904">
        <ele>137.78100000000001</ele>
        <time>2022-05-22T09:33:31Z</time>
      </trkpt>
      <trkpt lat="28.568882960826159" lon="-16.24258398078382">
        <ele>137.81899999999999</ele>
        <time>2022-05-22T09:33:33Z</time>
      </trkpt>
      <trkpt lat="28.568890001624823" lon="-16.24260300770402">
        <ele>138.50899999999999</ele>
        <time>2022-05-22T09:33:36Z</time>
      </trkpt>
      <trkpt lat="28.568898970261216" lon="-16.242623962461948">
        <ele>139.27000000000001</ele>
        <time>2022-05-22T09:33:39Z</time>
      </trkpt>
      <trkpt lat="28.568911962211132" lon="-16.242637960240245">
        <ele>139.34899999999999</ele>
        <time>2022-05-22T09:33:41Z</time>
      </trkpt>
      <trkpt lat="28.56892797164619" lon="-16.242655981332064">
        <ele>139.53200000000001</ele>
        <time>2022-05-22T09:33:43Z</time>
      </trkpt>
      <trkpt lat="28.568946998566389" lon="-16.242675008252263">
        <ele>139.56399999999999</ele>
        <time>2022-05-22T09:33:45Z</time>
      </trkpt>
      <trkpt lat="28.568956973031163" lon="-16.242694035172462">
        <ele>140.04499999999999</ele>
        <time>2022-05-22T09:33:47Z</time>
      </trkpt>
      <trkpt lat="28.568959990516305" lon="-16.242714989930391">
        <ele>140.94499999999999</ele>
        <time>2022-05-22T09:33:50Z</time>
      </trkpt>
      <trkpt lat="28.568966025486588" lon="-16.242738962173462">
        <ele>141.97900000000001</ele>
        <time>2022-05-22T09:33:54Z</time>
      </trkpt>
      <trkpt lat="28.568979017436504" lon="-16.242762012407184">
        <ele>142.31899999999999</ele>
        <time>2022-05-22T09:33:59Z</time>
      </trkpt>
      <trkpt lat="28.568985974416137" lon="-16.242781039327383">
        <ele>142.946</ele>
        <time>2022-05-22T09:34:02Z</time>
      </trkpt>
      <trkpt lat="28.569005001336336" lon="-16.24279503710568">
        <ele>142.76599999999999</ele>
        <time>2022-05-22T09:34:05Z</time>
      </trkpt>
      <trkpt lat="28.569021010771394" lon="-16.242805011570454">
        <ele>142.429</ele>
        <time>2022-05-22T09:34:07Z</time>
      </trkpt>
      <trkpt lat="28.569037020206451" lon="-16.242821021005511">
        <ele>142.42099999999999</ele>
        <time>2022-05-22T09:34:09Z</time>
      </trkpt>
      <trkpt lat="28.569037020206451" lon="-16.242842981591821">
        <ele>143.60900000000001</ele>
        <time>2022-05-22T09:34:12Z</time>
      </trkpt>
      <trkpt lat="28.569055963307619" lon="-16.242853961884975">
        <ele>143.18700000000001</ele>
        <time>2022-05-22T09:34:14Z</time>
      </trkpt>
      <trkpt lat="28.569082031026483" lon="-16.242864020168781">
        <ele>142.136</ele>
        <time>2022-05-22T09:34:16Z</time>
      </trkpt>
      <trkpt lat="28.56909804046154" lon="-16.242873994633555">
        <ele>141.649</ele>
        <time>2022-05-22T09:34:17Z</time>
      </trkpt>
      <trkpt lat="28.569113966077566" lon="-16.242882963269949">
        <ele>141.14099999999999</ele>
        <time>2022-05-22T09:34:18Z</time>
      </trkpt>
      <trkpt lat="28.569136010482907" lon="-16.242891009896994">
        <ele>140.24199999999999</ele>
        <time>2022-05-22T09:34:20Z</time>
      </trkpt>
      <trkpt lat="28.569157971069217" lon="-16.242901990190148">
        <ele>139.452</ele>
        <time>2022-05-22T09:34:22Z</time>
      </trkpt>
      <trkpt lat="28.569178003817797" lon="-16.242917999625206">
        <ele>138.86600000000001</ele>
        <time>2022-05-22T09:34:24Z</time>
      </trkpt>
      <trkpt lat="28.569199964404106" lon="-16.242930991575122">
        <ele>138.02600000000001</ele>
        <time>2022-05-22T09:34:26Z</time>
      </trkpt>
      <trkpt lat="28.569215973839164" lon="-16.242949012666941">
        <ele>137.71299999999999</ele>
        <time>2022-05-22T09:34:28Z</time>
      </trkpt>
      <trkpt lat="28.56922896578908" lon="-16.242972984910011">
        <ele>137.98400000000001</ele>
        <time>2022-05-22T09:34:31Z</time>
      </trkpt>
      <trkpt lat="28.569242041558027" lon="-16.242992011830211">
        <ele>137.80699999999999</ele>
        <time>2022-05-22T09:34:33Z</time>
      </trkpt>
      <trkpt lat="28.569254027679563" lon="-16.243017995730042">
        <ele>138.11699999999999</ele>
        <time>2022-05-22T09:34:35Z</time>
      </trkpt>
      <trkpt lat="28.569260984659195" lon="-16.243037022650242">
        <ele>138.40899999999999</ele>
        <time>2022-05-22T09:34:37Z</time>
      </trkpt>
      <trkpt lat="28.569267019629478" lon="-16.243057977408171">
        <ele>138.82900000000001</ele>
        <time>2022-05-22T09:34:40Z</time>
      </trkpt>
      <trkpt lat="28.569264002144337" lon="-16.243083039298654">
        <ele>139.858</ele>
        <time>2022-05-22T09:34:44Z</time>
      </trkpt>
      <trkpt lat="28.569260984659195" lon="-16.243106005713344">
        <ele>140.791</ele>
        <time>2022-05-22T09:34:47Z</time>
      </trkpt>
      <trkpt lat="28.569254027679563" lon="-16.243125032633543">
        <ele>141.75299999999999</ele>
        <time>2022-05-22T09:34:50Z</time>
      </trkpt>
      <trkpt lat="28.569254027679563" lon="-16.243145987391472">
        <ele>142.35400000000001</ele>
        <time>2022-05-22T09:34:52Z</time>
      </trkpt>
      <trkpt lat="28.569254027679563" lon="-16.243178006261587">
        <ele>143.334</ele>
        <time>2022-05-22T09:34:54Z</time>
      </trkpt>
      <trkpt lat="28.569254027679563" lon="-16.243217987939715">
        <ele>144.488</ele>
        <time>2022-05-22T09:34:56Z</time>
      </trkpt>
      <trkpt lat="28.569254027679563" lon="-16.243244977667928">
        <ele>145.24799999999999</ele>
        <time>2022-05-22T09:34:58Z</time>
      </trkpt>
      <trkpt lat="28.569260984659195" lon="-16.24327196739614">
        <ele>145.45500000000001</ele>
        <time>2022-05-22T09:35:00Z</time>
      </trkpt>
      <trkpt lat="28.56927003711462" lon="-16.243298035115004">
        <ele>145.458</ele>
        <time>2022-05-22T09:35:02Z</time>
      </trkpt>
      <trkpt lat="28.569273976609111" lon="-16.243325024843216">
        <ele>145.952</ele>
        <time>2022-05-22T09:35:04Z</time>
      </trkpt>
      <trkpt lat="28.569283029064536" lon="-16.243348997086287">
        <ele>145.71700000000001</ele>
        <time>2022-05-22T09:35:06Z</time>
      </trkpt>
      <trkpt lat="28.569289986044168" lon="-16.243375986814499">
        <ele>145.809</ele>
        <time>2022-05-22T09:35:08Z</time>
      </trkpt>
      <trkpt lat="28.569283029064536" lon="-16.243408005684614">
        <ele>147.14599999999999</ele>
        <time>2022-05-22T09:35:10Z</time>
      </trkpt>
      <trkpt lat="28.569283029064536" lon="-16.243428960442543">
        <ele>147.69499999999999</ele>
        <time>2022-05-22T09:35:11Z</time>
      </trkpt>
      <trkpt lat="28.569273976609111" lon="-16.243454022333026">
        <ele>149.018</ele>
        <time>2022-05-22T09:35:12Z</time>
      </trkpt>
      <trkpt lat="28.56927003711462" lon="-16.243474977090955">
        <ele>149.84999999999999</ele>
        <time>2022-05-22T09:35:13Z</time>
      </trkpt>
      <trkpt lat="28.569260984659195" lon="-16.243496015667915">
        <ele>151.18100000000001</ele>
        <time>2022-05-22T09:35:14Z</time>
      </trkpt>
      <trkpt lat="28.569257967174053" lon="-16.243519987910986">
        <ele>151.99100000000001</ele>
        <time>2022-05-22T09:35:15Z</time>
      </trkpt>
      <trkpt lat="28.569251010194421" lon="-16.243557035923004">
        <ele>153.465</ele>
        <time>2022-05-22T09:35:17Z</time>
      </trkpt>
      <trkpt lat="28.569251010194421" lon="-16.243582013994455">
        <ele>154.01499999999999</ele>
        <time>2022-05-22T09:35:18Z</time>
      </trkpt>
      <trkpt lat="28.569251010194421" lon="-16.243607997894287">
        <ele>154.65199999999999</ele>
        <time>2022-05-22T09:35:19Z</time>
      </trkpt>
      <trkpt lat="28.569254027679563" lon="-16.243633981794119">
        <ele>155.03899999999999</ele>
        <time>2022-05-22T09:35:20Z</time>
      </trkpt>
      <trkpt lat="28.569247992709279" lon="-16.243667006492615">
        <ele>156.20099999999999</ele>
        <time>2022-05-22T09:35:22Z</time>
      </trkpt>
      <trkpt lat="28.569235000759363" lon="-16.243683015927672">
        <ele>157.721</ele>
        <time>2022-05-22T09:35:24Z</time>
      </trkpt>
      <trkpt lat="28.569218991324306" lon="-16.243703970685601">
        <ele>159.50899999999999</ele>
        <time>2022-05-22T09:35:26Z</time>
      </trkpt>
      <trkpt lat="28.569210022687912" lon="-16.243725009262562">
        <ele>160.85400000000001</ele>
        <time>2022-05-22T09:35:28Z</time>
      </trkpt>
      <trkpt lat="28.569215973839164" lon="-16.243745964020491">
        <ele>160.76300000000001</ele>
        <time>2022-05-22T09:35:30Z</time>
      </trkpt>
      <trkpt lat="28.569215973839164" lon="-16.243768008425832">
        <ele>161.286</ele>
        <time>2022-05-22T09:35:32Z</time>
      </trkpt>
      <trkpt lat="28.569222008809447" lon="-16.243794998154044">
        <ele>161.31800000000001</ele>
        <time>2022-05-22T09:35:34Z</time>
      </trkpt>
      <trkpt lat="28.569215973839164" lon="-16.243834979832172">
        <ele>162.749</ele>
        <time>2022-05-22T09:35:36Z</time>
      </trkpt>
      <trkpt lat="28.569213040173054" lon="-16.243872027844191">
        <ele>163.85900000000001</ele>
        <time>2022-05-22T09:35:38Z</time>
      </trkpt>
      <trkpt lat="28.569210022687912" lon="-16.2438939884305">
        <ele>164.483</ele>
        <time>2022-05-22T09:35:39Z</time>
      </trkpt>
      <trkpt lat="28.569213040173054" lon="-16.243919972330332">
        <ele>164.393</ele>
        <time>2022-05-22T09:35:40Z</time>
      </trkpt>
      <trkpt lat="28.569215973839164" lon="-16.243944028392434">
        <ele>164.38999999999999</ele>
        <time>2022-05-22T09:35:41Z</time>
      </trkpt>
      <trkpt lat="28.56922603212297" lon="-16.243965988978744">
        <ele>163.614</ele>
        <time>2022-05-22T09:35:42Z</time>
      </trkpt>
      <trkpt lat="28.56922896578908" lon="-16.24400001950562">
        <ele>163.654</ele>
        <time>2022-05-22T09:35:44Z</time>
      </trkpt>
      <trkpt lat="28.56922896578908" lon="-16.244020974263549">
        <ele>163.709</ele>
        <time>2022-05-22T09:35:45Z</time>
      </trkpt>
      <trkpt lat="28.569242041558027" lon="-16.244034972041845">
        <ele>162.90899999999999</ele>
        <time>2022-05-22T09:35:46Z</time>
      </trkpt>
      <trkpt lat="28.569257967174053" lon="-16.244049975648522">
        <ele>161.822</ele>
        <time>2022-05-22T09:35:47Z</time>
      </trkpt>
      <trkpt lat="28.569289986044168" lon="-16.244059028103948">
        <ele>159.56100000000001</ele>
        <time>2022-05-22T09:35:49Z</time>
      </trkpt>
      <trkpt lat="28.569317981600761" lon="-16.244063973426819">
        <ele>157.584</ele>
        <time>2022-05-22T09:35:51Z</time>
      </trkpt>
      <trkpt lat="28.569341031834483" lon="-16.244070008397102">
        <ele>155.93600000000001</ele>
        <time>2022-05-22T09:35:53Z</time>
      </trkpt>
      <trkpt lat="28.569372966885567" lon="-16.244079982861876">
        <ele>153.667</ele>
        <time>2022-05-22T09:35:55Z</time>
      </trkpt>
      <trkpt lat="28.56940196827054" lon="-16.244079982861876">
        <ele>151.577</ele>
        <time>2022-05-22T09:35:56Z</time>
      </trkpt>
      <trkpt lat="28.569427030161023" lon="-16.244085012003779">
        <ele>149.81100000000001</ele>
        <time>2022-05-22T09:35:58Z</time>
      </trkpt>
      <trkpt lat="28.569449996575713" lon="-16.244090963155031">
        <ele>148.321</ele>
        <time>2022-05-22T09:36:00Z</time>
      </trkpt>
      <trkpt lat="28.569469023495913" lon="-16.244093980640173">
        <ele>147.21799999999999</ele>
        <time>2022-05-22T09:36:02Z</time>
      </trkpt>
      <trkpt lat="28.569490984082222" lon="-16.244101021438837">
        <ele>145.934</ele>
        <time>2022-05-22T09:36:04Z</time>
      </trkpt>
      <trkpt lat="28.569510011002421" lon="-16.244109990075231">
        <ele>144.95500000000001</ele>
        <time>2022-05-22T09:36:06Z</time>
      </trkpt>
      <trkpt lat="28.56952995993197" lon="-16.244118036702275">
        <ele>143.81</ele>
        <time>2022-05-22T09:36:08Z</time>
      </trkpt>
      <trkpt lat="28.569555021822453" lon="-16.244148965924978">
        <ele>142.90899999999999</ele>
        <time>2022-05-22T09:36:10Z</time>
      </trkpt>
      <trkpt lat="28.569568013772368" lon="-16.244170004501939">
        <ele>142.54400000000001</ele>
        <time>2022-05-22T09:36:11Z</time>
      </trkpt>
      <trkpt lat="28.569584023207426" lon="-16.244181990623474">
        <ele>141.76300000000001</ele>
        <time>2022-05-22T09:36:12Z</time>
      </trkpt>
      <trkpt lat="28.569602966308594" lon="-16.244205040857196">
        <ele>140.96600000000001</ele>
        <time>2022-05-22T09:36:14Z</time>
      </trkpt>
      <trkpt lat="28.56961595825851" lon="-16.244229013100266">
        <ele>140.548</ele>
        <time>2022-05-22T09:36:16Z</time>
      </trkpt>
      <trkpt lat="28.569621993228793" lon="-16.244252985343337">
        <ele>140.53899999999999</ele>
        <time>2022-05-22T09:36:18Z</time>
      </trkpt>
      <trkpt lat="28.569621993228793" lon="-16.244290033355355">
        <ele>141.01900000000001</ele>
        <time>2022-05-22T09:36:20Z</time>
      </trkpt>
      <trkpt lat="28.569621993228793" lon="-16.244309982284904">
        <ele>141.333</ele>
        <time>2022-05-22T09:36:21Z</time>
      </trkpt>
      <trkpt lat="28.569621993228793" lon="-16.244331020861864">
        <ele>141.71299999999999</ele>
        <time>2022-05-22T09:36:22Z</time>
      </trkpt>
      <trkpt lat="28.569626016542315" lon="-16.244353987276554">
        <ele>141.86000000000001</ele>
        <time>2022-05-22T09:36:23Z</time>
      </trkpt>
      <trkpt lat="28.569626016542315" lon="-16.244376031681895">
        <ele>142.167</ele>
        <time>2022-05-22T09:36:24Z</time>
      </trkpt>
      <trkpt lat="28.569621993228793" lon="-16.244410984218121">
        <ele>142.98099999999999</ele>
        <time>2022-05-22T09:36:26Z</time>
      </trkpt>
      <trkpt lat="28.569621993228793" lon="-16.244432022795081">
        <ele>143.21899999999999</ele>
        <time>2022-05-22T09:36:27Z</time>
      </trkpt>
      <trkpt lat="28.569618975743651" lon="-16.244466975331306">
        <ele>143.40899999999999</ele>
        <time>2022-05-22T09:36:29Z</time>
      </trkpt>
      <trkpt lat="28.56961595825851" lon="-16.244502011686563">
        <ele>143.36699999999999</ele>
        <time>2022-05-22T09:36:31Z</time>
      </trkpt>
      <trkpt lat="28.569610007107258" lon="-16.244530007243156">
        <ele>143.446</ele>
        <time>2022-05-22T09:36:32Z</time>
      </trkpt>
      <trkpt lat="28.569605983793736" lon="-16.244560014456511">
        <ele>143.459</ele>
        <time>2022-05-22T09:36:33Z</time>
      </trkpt>
      <trkpt lat="28.569605983793736" lon="-16.244590021669865">
        <ele>143.17099999999999</ele>
        <time>2022-05-22T09:36:34Z</time>
      </trkpt>
      <trkpt lat="28.569605983793736" lon="-16.244619023054838">
        <ele>142.97200000000001</ele>
        <time>2022-05-22T09:36:35Z</time>
      </trkpt>
      <trkpt lat="28.569605983793736" lon="-16.244641989469528">
        <ele>142.75200000000001</ele>
        <time>2022-05-22T09:36:36Z</time>
      </trkpt>
      <trkpt lat="28.569605983793736" lon="-16.244668979197741">
        <ele>142.566</ele>
        <time>2022-05-22T09:36:37Z</time>
      </trkpt>
      <trkpt lat="28.569610007107258" lon="-16.244694041088223">
        <ele>142.17599999999999</ele>
        <time>2022-05-22T09:36:38Z</time>
      </trkpt>
      <trkpt lat="28.569621993228793" lon="-16.244718013331294">
        <ele>141.273</ele>
        <time>2022-05-22T09:36:39Z</time>
      </trkpt>
      <trkpt lat="28.569631967693567" lon="-16.244737962260842">
        <ele>140.536</ele>
        <time>2022-05-22T09:36:40Z</time>
      </trkpt>
      <trkpt lat="28.569638002663851" lon="-16.244760006666183">
        <ele>140.11699999999999</ele>
        <time>2022-05-22T09:36:41Z</time>
      </trkpt>
      <trkpt lat="28.569642025977373" lon="-16.24479697085917">
        <ele>139.71799999999999</ele>
        <time>2022-05-22T09:36:43Z</time>
      </trkpt>
      <trkpt lat="28.569647977128625" lon="-16.244819015264511">
        <ele>139.209</ele>
        <time>2022-05-22T09:36:44Z</time>
      </trkpt>
      <trkpt lat="28.569647977128625" lon="-16.24483997002244">
        <ele>139.274</ele>
        <time>2022-05-22T09:36:45Z</time>
      </trkpt>
      <trkpt lat="28.569642025977373" lon="-16.24488296918571">
        <ele>139.53299999999999</ele>
        <time>2022-05-22T09:36:47Z</time>
      </trkpt>
      <trkpt lat="28.569638002663851" lon="-16.244909958913922">
        <ele>139.85599999999999</ele>
        <time>2022-05-22T09:36:49Z</time>
      </trkpt>
      <trkpt lat="28.569631967693567" lon="-16.244934014976025">
        <ele>140.27799999999999</ele>
        <time>2022-05-22T09:36:51Z</time>
      </trkpt>
      <trkpt lat="28.56961595825851" lon="-16.244952036067843">
        <ele>141.62899999999999</ele>
        <time>2022-05-22T09:36:53Z</time>
      </trkpt>
      <trkpt lat="28.569587040692568" lon="-16.244978019967675">
        <ele>144.13900000000001</ele>
        <time>2022-05-22T09:36:55Z</time>
      </trkpt>
      <trkpt lat="28.56957103125751" lon="-16.245002998039126">
        <ele>145.68299999999999</ele>
        <time>2022-05-22T09:36:56Z</time>
      </trkpt>
      <trkpt lat="28.569568013772368" lon="-16.245028981938958">
        <ele>146.29300000000001</ele>
        <time>2022-05-22T09:36:57Z</time>
      </trkpt>
      <trkpt lat="28.56957103125751" lon="-16.24505303800106">
        <ele>146.22999999999999</ele>
        <time>2022-05-22T09:36:58Z</time>
      </trkpt>
      <trkpt lat="28.569581005722284" lon="-16.245073992758989">
        <ele>145.52799999999999</ele>
        <time>2022-05-22T09:37:00Z</time>
      </trkpt>
      <trkpt lat="28.569581005722284" lon="-16.245101988315582">
        <ele>145.88900000000001</ele>
        <time>2022-05-22T09:37:02Z</time>
      </trkpt>
      <trkpt lat="28.569581005722284" lon="-16.245133001357317">
        <ele>146.21700000000001</ele>
        <time>2022-05-22T09:37:04Z</time>
      </trkpt>
      <trkpt lat="28.569577988237143" lon="-16.24516200274229">
        <ele>146.809</ele>
        <time>2022-05-22T09:37:06Z</time>
      </trkpt>
      <trkpt lat="28.56957396492362" lon="-16.245185974985361">
        <ele>147.423</ele>
        <time>2022-05-22T09:37:08Z</time>
      </trkpt>
      <trkpt lat="28.569558039307594" lon="-16.24520500190556">
        <ele>149.37200000000001</ele>
        <time>2022-05-22T09:37:11Z</time>
      </trkpt>
      <trkpt lat="28.569558039307594" lon="-16.245234003290534">
        <ele>149.625</ele>
        <time>2022-05-22T09:37:14Z</time>
      </trkpt>
      <trkpt lat="28.569587040692568" lon="-16.245257975533605">
        <ele>146.95699999999999</ele>
        <time>2022-05-22T09:37:16Z</time>
      </trkpt>
      <trkpt lat="28.569602966308594" lon="-16.245274990797043">
        <ele>145.49799999999999</ele>
        <time>2022-05-22T09:37:17Z</time>
      </trkpt>
      <trkpt lat="28.569621993228793" lon="-16.245285971090198">
        <ele>143.548</ele>
        <time>2022-05-22T09:37:18Z</time>
      </trkpt>
      <trkpt lat="28.569638002663851" lon="-16.245301980525255">
        <ele>142.08199999999999</ele>
        <time>2022-05-22T09:37:19Z</time>
      </trkpt>
      <trkpt lat="28.569647977128625" lon="-16.245320001617074">
        <ele>141.13200000000001</ele>
        <time>2022-05-22T09:37:21Z</time>
      </trkpt>
      <trkpt lat="28.569650994613767" lon="-16.245355037972331">
        <ele>141.119</ele>
        <time>2022-05-22T09:37:23Z</time>
      </trkpt>
      <trkpt lat="28.569654012098908" lon="-16.245388984680176">
        <ele>141.13200000000001</ele>
        <time>2022-05-22T09:37:26Z</time>
      </trkpt>
      <trkpt lat="28.569660969078541" lon="-16.245413040742278">
        <ele>140.69200000000001</ele>
        <time>2022-05-22T09:37:28Z</time>
      </trkpt>
      <trkpt lat="28.569660969078541" lon="-16.245438018813729">
        <ele>140.911</ele>
        <time>2022-05-22T09:37:30Z</time>
      </trkpt>
      <trkpt lat="28.569650994613767" lon="-16.245471965521574">
        <ele>142.209</ele>
        <time>2022-05-22T09:37:32Z</time>
      </trkpt>
      <trkpt lat="28.569647977128625" lon="-16.245493004098535">
        <ele>142.714</ele>
        <time>2022-05-22T09:37:33Z</time>
      </trkpt>
      <trkpt lat="28.569642025977373" lon="-16.245519993826747">
        <ele>143.53299999999999</ele>
        <time>2022-05-22T09:37:34Z</time>
      </trkpt>
      <trkpt lat="28.569642025977373" lon="-16.245542038232088">
        <ele>143.786</ele>
        <time>2022-05-22T09:37:35Z</time>
      </trkpt>
      <trkpt lat="28.569638002663851" lon="-16.245562992990017">
        <ele>144.398</ele>
        <time>2022-05-22T09:37:36Z</time>
      </trkpt>
      <trkpt lat="28.569634985178709" lon="-16.245588976889849">
        <ele>144.989</ele>
        <time>2022-05-22T09:37:37Z</time>
      </trkpt>
      <trkpt lat="28.569634985178709" lon="-16.245617978274822">
        <ele>145.22900000000001</ele>
        <time>2022-05-22T09:37:38Z</time>
      </trkpt>
      <trkpt lat="28.569631967693567" lon="-16.245661983266473">
        <ele>146.19300000000001</ele>
        <time>2022-05-22T09:37:40Z</time>
      </trkpt>
      <trkpt lat="28.569634985178709" lon="-16.245687967166305">
        <ele>146.113</ele>
        <time>2022-05-22T09:37:41Z</time>
      </trkpt>
      <trkpt lat="28.569642025977373" lon="-16.245709005743265">
        <ele>145.78</ele>
        <time>2022-05-22T09:37:42Z</time>
      </trkpt>
      <trkpt lat="28.569650994613767" lon="-16.245738007128239">
        <ele>145.27699999999999</ele>
        <time>2022-05-22T09:37:44Z</time>
      </trkpt>
      <trkpt lat="28.569667004048824" lon="-16.245766002684832">
        <ele>144.161</ele>
        <time>2022-05-22T09:37:46Z</time>
      </trkpt>
      <trkpt lat="28.569670021533966" lon="-16.245798021554947">
        <ele>144.227</ele>
        <time>2022-05-22T09:37:49Z</time>
      </trkpt>
      <trkpt lat="28.569667004048824" lon="-16.245818976312876">
        <ele>144.809</ele>
        <time>2022-05-22T09:37:51Z</time>
      </trkpt>
      <trkpt lat="28.569667004048824" lon="-16.245842026546597">
        <ele>145.09800000000001</ele>
        <time>2022-05-22T09:37:54Z</time>
      </trkpt>
      <trkpt lat="28.569676978513598" lon="-16.245859041810036">
        <ele>144.17699999999999</ele>
        <time>2022-05-22T09:37:56Z</time>
      </trkpt>
      <trkpt lat="28.569689970463514" lon="-16.245882008224726">
        <ele>143.03999999999999</ele>
        <time>2022-05-22T09:37:58Z</time>
      </trkpt>
      <trkpt lat="28.569705979898572" lon="-16.245902040973306">
        <ele>141.762</ele>
        <time>2022-05-22T09:38:00Z</time>
      </trkpt>
      <trkpt lat="28.569717966020107" lon="-16.245917966589332">
        <ele>140.75299999999999</ele>
        <time>2022-05-22T09:38:02Z</time>
      </trkpt>
      <trkpt lat="28.569733975455165" lon="-16.24593598768115">
        <ele>139.65299999999999</ele>
        <time>2022-05-22T09:38:04Z</time>
      </trkpt>
      <trkpt lat="28.569754008203745" lon="-16.245951997116208">
        <ele>138.447</ele>
        <time>2022-05-22T09:38:06Z</time>
      </trkpt>
      <trkpt lat="28.569770017638803" lon="-16.245971024036407">
        <ele>137.387</ele>
        <time>2022-05-22T09:38:08Z</time>
      </trkpt>
      <trkpt lat="28.56978602707386" lon="-16.245989967137575">
        <ele>136.25399999999999</ele>
        <time>2022-05-22T09:38:10Z</time>
      </trkpt>
      <trkpt lat="28.569794995710254" lon="-16.246011005714536">
        <ele>135.51599999999999</ele>
        <time>2022-05-22T09:38:12Z</time>
      </trkpt>
      <trkpt lat="28.569798013195395" lon="-16.246034977957606">
        <ele>135.27600000000001</ele>
        <time>2022-05-22T09:38:14Z</time>
      </trkpt>
      <trkpt lat="28.56978602707386" lon="-16.246058028191328">
        <ele>136.113</ele>
        <time>2022-05-22T09:38:16Z</time>
      </trkpt>
      <trkpt lat="28.569770017638803" lon="-16.246082000434399">
        <ele>137.209</ele>
        <time>2022-05-22T09:38:18Z</time>
      </trkpt>
      <trkpt lat="28.569754008203745" lon="-16.246101027354598">
        <ele>138.59200000000001</ele>
        <time>2022-05-22T09:38:21Z</time>
      </trkpt>
      <trkpt lat="28.569733975455165" lon="-16.246124999597669">
        <ele>140.06100000000001</ele>
        <time>2022-05-22T09:38:23Z</time>
      </trkpt>
      <trkpt lat="28.569712014868855" lon="-16.246137991547585">
        <ele>141.834</ele>
        <time>2022-05-22T09:38:25Z</time>
      </trkpt>
      <trkpt lat="28.569696005433798" lon="-16.246148971840739">
        <ele>143.15600000000001</ele>
        <time>2022-05-22T09:38:26Z</time>
      </trkpt>
      <trkpt lat="28.56967999599874" lon="-16.246175961568952">
        <ele>144.37700000000001</ele>
        <time>2022-05-22T09:38:28Z</time>
      </trkpt>
      <trkpt lat="28.569663986563683" lon="-16.24621300958097">
        <ele>145.65700000000001</ele>
        <time>2022-05-22T09:38:30Z</time>
      </trkpt>
      <trkpt lat="28.569650994613767" lon="-16.246234970167279">
        <ele>146.61099999999999</ele>
        <time>2022-05-22T09:38:32Z</time>
      </trkpt>
      <trkpt lat="28.569642025977373" lon="-16.246252991259098">
        <ele>147.441</ele>
        <time>2022-05-22T09:38:34Z</time>
      </trkpt>
      <trkpt lat="28.569634985178709" lon="-16.246275035664439">
        <ele>147.93799999999999</ele>
        <time>2022-05-22T09:38:36Z</time>
      </trkpt>
      <trkpt lat="28.569638002663851" lon="-16.246305964887142">
        <ele>147.75700000000001</ele>
        <time>2022-05-22T09:38:38Z</time>
      </trkpt>
      <trkpt lat="28.569660969078541" lon="-16.246324991807342">
        <ele>145.80000000000001</ele>
        <time>2022-05-22T09:38:40Z</time>
      </trkpt>
      <trkpt lat="28.56967999599874" lon="-16.246346030384302">
        <ele>144.31999999999999</ele>
        <time>2022-05-22T09:38:42Z</time>
      </trkpt>
      <trkpt lat="28.56969902291894" lon="-16.246377965435386">
        <ele>142.809</ele>
        <time>2022-05-22T09:38:44Z</time>
      </trkpt>
      <trkpt lat="28.569708997383714" lon="-16.246396992355585">
        <ele>142.066</ele>
        <time>2022-05-22T09:38:45Z</time>
      </trkpt>
      <trkpt lat="28.569715032353997" lon="-16.246423982083797">
        <ele>141.22499999999999</ele>
        <time>2022-05-22T09:38:47Z</time>
      </trkpt>
      <trkpt lat="28.569712014868855" lon="-16.246465975418687">
        <ele>141.02799999999999</ele>
        <time>2022-05-22T09:38:49Z</time>
      </trkpt>
      <trkpt lat="28.569712014868855" lon="-16.246486008167267">
        <ele>140.87</ele>
        <time>2022-05-22T09:38:50Z</time>
      </trkpt>
      <trkpt lat="28.569715032353997" lon="-16.246511992067099">
        <ele>140.28100000000001</ele>
        <time>2022-05-22T09:38:51Z</time>
      </trkpt>
      <trkpt lat="28.56972198933363" lon="-16.246535964310169">
        <ele>139.48099999999999</ele>
        <time>2022-05-22T09:38:52Z</time>
      </trkpt>
      <trkpt lat="28.569728024303913" lon="-16.246573012322187">
        <ele>138.535</ele>
        <time>2022-05-22T09:38:54Z</time>
      </trkpt>
      <trkpt lat="28.569737998768687" lon="-16.246596984565258">
        <ele>137.32499999999999</ele>
        <time>2022-05-22T09:38:56Z</time>
      </trkpt>
      <trkpt lat="28.569749984890223" lon="-16.246625985950232">
        <ele>135.952</ele>
        <time>2022-05-22T09:38:58Z</time>
      </trkpt>
      <trkpt lat="28.569757025688887" lon="-16.246662028133869">
        <ele>135.01300000000001</ele>
        <time>2022-05-22T09:39:00Z</time>
      </trkpt>
      <trkpt lat="28.569754008203745" lon="-16.246702009811997">
        <ele>134.643</ele>
        <time>2022-05-22T09:39:02Z</time>
      </trkpt>
      <trkpt lat="28.569749984890223" lon="-16.246733022853732">
        <ele>134.30699999999999</ele>
        <time>2022-05-22T09:39:04Z</time>
      </trkpt>
      <trkpt lat="28.569725006818771" lon="-16.246753977611661">
        <ele>136.209</ele>
        <time>2022-05-22T09:39:07Z</time>
      </trkpt>
      <trkpt lat="28.569712014868855" lon="-16.246770992875099">
        <ele>137.03200000000001</ele>
        <time>2022-05-22T09:39:08Z</time>
      </trkpt>
      <trkpt lat="28.569686030969024" lon="-16.246785996481776">
        <ele>138.93100000000001</ele>
        <time>2022-05-22T09:39:10Z</time>
      </trkpt>
      <trkpt lat="28.569670021533966" lon="-16.246796976774931">
        <ele>140.13399999999999</ele>
        <time>2022-05-22T09:39:11Z</time>
      </trkpt>
      <trkpt lat="28.569658035412431" lon="-16.246822038665414">
        <ele>140.89599999999999</ele>
        <time>2022-05-22T09:39:13Z</time>
      </trkpt>
      <trkpt lat="28.569647977128625" lon="-16.246842993423343">
        <ele>141.49700000000001</ele>
        <time>2022-05-22T09:39:15Z</time>
      </trkpt>
      <trkpt lat="28.569634985178709" lon="-16.246875012293458">
        <ele>142.137</ele>
        <time>2022-05-22T09:39:17Z</time>
      </trkpt>
      <trkpt lat="28.569644959643483" lon="-16.24690099619329">
        <ele>140.851</ele>
        <time>2022-05-22T09:39:19Z</time>
      </trkpt>
      <trkpt lat="28.569667004048824" lon="-16.246923040598631">
        <ele>138.511</ele>
        <time>2022-05-22T09:39:22Z</time>
      </trkpt>
      <trkpt lat="28.569683013483882" lon="-16.24694399535656">
        <ele>136.72800000000001</ele>
        <time>2022-05-22T09:39:25Z</time>
      </trkpt>
      <trkpt lat="28.569692987948656" lon="-16.24696503393352">
        <ele>135.42400000000001</ele>
        <time>2022-05-22T09:39:28Z</time>
      </trkpt>
      <trkpt lat="28.569705979898572" lon="-16.246980959549546">
        <ele>133.904</ele>
        <time>2022-05-22T09:39:30Z</time>
      </trkpt>
      <trkpt lat="28.569715032353997" lon="-16.24700803309679">
        <ele>132.51400000000001</ele>
        <time>2022-05-22T09:39:33Z</time>
      </trkpt>
      <trkpt lat="28.569725006818771" lon="-16.2470299936831">
        <ele>131.209</ele>
        <time>2022-05-22T09:39:36Z</time>
      </trkpt>
      <trkpt lat="28.569728024303913" lon="-16.247061006724834">
        <ele>130.34299999999999</ele>
        <time>2022-05-22T09:39:39Z</time>
      </trkpt>
      <trkpt lat="28.569728024303913" lon="-16.24709302559495">
        <ele>129.822</ele>
        <time>2022-05-22T09:39:41Z</time>
      </trkpt>
      <trkpt lat="28.56972198933363" lon="-16.24711699783802">
        <ele>129.935</ele>
        <time>2022-05-22T09:39:43Z</time>
      </trkpt>
      <trkpt lat="28.569717966020107" lon="-16.24713895842433">
        <ele>129.96700000000001</ele>
        <time>2022-05-22T09:39:45Z</time>
      </trkpt>
      <trkpt lat="28.569712014868855" lon="-16.247167959809303">
        <ele>129.99799999999999</ele>
        <time>2022-05-22T09:39:47Z</time>
      </trkpt>
      <trkpt lat="28.569715032353997" lon="-16.247188998386264">
        <ele>129.328</ele>
        <time>2022-05-22T09:39:48Z</time>
      </trkpt>
      <trkpt lat="28.569712014868855" lon="-16.247229985892773">
        <ele>128.96199999999999</ele>
        <time>2022-05-22T09:39:50Z</time>
      </trkpt>
      <trkpt lat="28.569712014868855" lon="-16.247253036126494">
        <ele>128.68199999999999</ele>
        <time>2022-05-22T09:39:51Z</time>
      </trkpt>
      <trkpt lat="28.569712014868855" lon="-16.247273990884423">
        <ele>128.41900000000001</ele>
        <time>2022-05-22T09:39:52Z</time>
      </trkpt>
      <trkpt lat="28.569705979898572" lon="-16.247293017804623">
        <ele>128.74299999999999</ele>
        <time>2022-05-22T09:39:53Z</time>
      </trkpt>
      <trkpt lat="28.569705979898572" lon="-16.247316990047693">
        <ele>128.56399999999999</ele>
        <time>2022-05-22T09:39:54Z</time>
      </trkpt>
      <trkpt lat="28.569705979898572" lon="-16.247341968119144">
        <ele>128.21000000000001</ele>
        <time>2022-05-22T09:39:55Z</time>
      </trkpt>
      <trkpt lat="28.569708997383714" lon="-16.247365018352866">
        <ele>127.709</ele>
        <time>2022-05-22T09:39:56Z</time>
      </trkpt>
      <trkpt lat="28.56969902291894" lon="-16.24739502556622">
        <ele>128.35499999999999</ele>
        <time>2022-05-22T09:39:58Z</time>
      </trkpt>
      <trkpt lat="28.56967999599874" lon="-16.247415980324149">
        <ele>129.874</ele>
        <time>2022-05-22T09:40:01Z</time>
      </trkpt>
      <trkpt lat="28.569660969078541" lon="-16.247435007244349">
        <ele>131.387</ele>
        <time>2022-05-22T09:40:04Z</time>
      </trkpt>
      <trkpt lat="28.569660969078541" lon="-16.247466020286083">
        <ele>130.999</ele>
        <time>2022-05-22T09:40:07Z</time>
      </trkpt>
      <trkpt lat="28.569670021533966" lon="-16.247489992529154">
        <ele>129.84</ele>
        <time>2022-05-22T09:40:08Z</time>
      </trkpt>
      <trkpt lat="28.56967999599874" lon="-16.247513964772224">
        <ele>128.84999999999999</ele>
        <time>2022-05-22T09:40:09Z</time>
      </trkpt>
      <trkpt lat="28.569676978513598" lon="-16.247533997520804">
        <ele>129.26400000000001</ele>
        <time>2022-05-22T09:40:10Z</time>
      </trkpt>
      <trkpt lat="28.56967999599874" lon="-16.247557969763875">
        <ele>129.084</ele>
        <time>2022-05-22T09:40:11Z</time>
      </trkpt>
      <trkpt lat="28.56969902291894" lon="-16.247585965320468">
        <ele>127.471</ele>
        <time>2022-05-22T09:40:13Z</time>
      </trkpt>
      <trkpt lat="28.56969902291894" lon="-16.247613960877061">
        <ele>127.568</ele>
        <time>2022-05-22T09:40:16Z</time>
      </trkpt>
      <trkpt lat="28.569689970463514" lon="-16.247637011110783">
        <ele>128.44200000000001</ele>
        <time>2022-05-22T09:40:18Z</time>
      </trkpt>
      <trkpt lat="28.569689970463514" lon="-16.247658971697092">
        <ele>128.52600000000001</ele>
        <time>2022-05-22T09:40:20Z</time>
      </trkpt>
      <trkpt lat="28.56967999599874" lon="-16.247677998617291">
        <ele>129.40899999999999</ele>
        <time>2022-05-22T09:40:25Z</time>
      </trkpt>
      <trkpt lat="28.569670021533966" lon="-16.24769601970911">
        <ele>130.477</ele>
        <time>2022-05-22T09:40:27Z</time>
      </trkpt>
      <trkpt lat="28.569658035412431" lon="-16.247723009437323">
        <ele>131.68600000000001</ele>
        <time>2022-05-22T09:40:30Z</time>
      </trkpt>
      <trkpt lat="28.569647977128625" lon="-16.247743964195251">
        <ele>132.679</ele>
        <time>2022-05-22T09:40:32Z</time>
      </trkpt>
      <trkpt lat="28.569642025977373" lon="-16.247770031914115">
        <ele>133.27099999999999</ele>
        <time>2022-05-22T09:40:35Z</time>
      </trkpt>
      <trkpt lat="28.569631967693567" lon="-16.247801966965199">
        <ele>133.71199999999999</ele>
        <time>2022-05-22T09:40:38Z</time>
      </trkpt>
      <trkpt lat="28.569631967693567" lon="-16.247827028855681">
        <ele>133.292</ele>
        <time>2022-05-22T09:40:40Z</time>
      </trkpt>
      <trkpt lat="28.569638002663851" lon="-16.247854018583894">
        <ele>132.21600000000001</ele>
        <time>2022-05-22T09:40:42Z</time>
      </trkpt>
      <trkpt lat="28.569647977128625" lon="-16.247885031625628">
        <ele>130.89599999999999</ele>
        <time>2022-05-22T09:40:44Z</time>
      </trkpt>
      <trkpt lat="28.569650994613767" lon="-16.247915038838983">
        <ele>130.16300000000001</ele>
        <time>2022-05-22T09:40:46Z</time>
      </trkpt>
      <trkpt lat="28.569650994613767" lon="-16.247957032173872">
        <ele>129.38200000000001</ele>
        <time>2022-05-22T09:40:48Z</time>
      </trkpt>
      <trkpt lat="28.569647977128625" lon="-16.247984021902084">
        <ele>129.143</ele>
        <time>2022-05-22T09:40:49Z</time>
      </trkpt>
      <trkpt lat="28.569638002663851" lon="-16.248004976660013">
        <ele>129.61699999999999</ele>
        <time>2022-05-22T09:40:50Z</time>
      </trkpt>
      <trkpt lat="28.569634985178709" lon="-16.248027021065354">
        <ele>129.40899999999999</ele>
        <time>2022-05-22T09:40:51Z</time>
      </trkpt>
      <trkpt lat="28.569629034027457" lon="-16.248054010793567">
        <ele>129.499</ele>
        <time>2022-05-22T09:40:53Z</time>
      </trkpt>
      <trkpt lat="28.569618975743651" lon="-16.24808200635016">
        <ele>130.06800000000001</ele>
        <time>2022-05-22T09:40:56Z</time>
      </trkpt>
      <trkpt lat="28.56961595825851" lon="-16.248103966936469">
        <ele>130.11099999999999</ele>
        <time>2022-05-22T09:40:59Z</time>
      </trkpt>
      <trkpt lat="28.56961595825851" lon="-16.248130034655333">
        <ele>130.04300000000001</ele>
        <time>2022-05-22T09:41:01Z</time>
      </trkpt>
      <trkpt lat="28.569618975743651" lon="-16.248160041868687">
        <ele>129.654</ele>
        <time>2022-05-22T09:41:03Z</time>
      </trkpt>
      <trkpt lat="28.569626016542315" lon="-16.248184014111757">
        <ele>128.91399999999999</ele>
        <time>2022-05-22T09:41:05Z</time>
      </trkpt>
      <trkpt lat="28.569626016542315" lon="-16.248204968869686">
        <ele>128.738</ele>
        <time>2022-05-22T09:41:07Z</time>
      </trkpt>
      <trkpt lat="28.569626016542315" lon="-16.248231958597898">
        <ele>128.61799999999999</ele>
        <time>2022-05-22T09:41:09Z</time>
      </trkpt>
      <trkpt lat="28.569626016542315" lon="-16.248259032145143">
        <ele>128.45500000000001</ele>
        <time>2022-05-22T09:41:11Z</time>
      </trkpt>
      <trkpt lat="28.569618975743651" lon="-16.24827797524631">
        <ele>128.989</ele>
        <time>2022-05-22T09:41:13Z</time>
      </trkpt>
      <trkpt lat="28.569618975743651" lon="-16.248299013823271">
        <ele>128.70599999999999</ele>
        <time>2022-05-22T09:41:15Z</time>
      </trkpt>
      <trkpt lat="28.569618975743651" lon="-16.248324997723103">
        <ele>128.626</ele>
        <time>2022-05-22T09:41:17Z</time>
      </trkpt>
      <trkpt lat="28.569621993228793" lon="-16.24836003407836">
        <ele>128.50899999999999</ele>
        <time>2022-05-22T09:41:19Z</time>
      </trkpt>
      <trkpt lat="28.569629034027457" lon="-16.248394986614585">
        <ele>128.26900000000001</ele>
        <time>2022-05-22T09:41:21Z</time>
      </trkpt>
      <trkpt lat="28.569634985178709" lon="-16.248421976342797">
        <ele>128.09800000000001</ele>
        <time>2022-05-22T09:41:23Z</time>
      </trkpt>
      <trkpt lat="28.569644959643483" lon="-16.248453995212913">
        <ele>127.45099999999999</ele>
        <time>2022-05-22T09:41:25Z</time>
      </trkpt>
      <trkpt lat="28.569650994613767" lon="-16.248488025739789">
        <ele>127.253</ele>
        <time>2022-05-22T09:41:27Z</time>
      </trkpt>
      <trkpt lat="28.569650994613767" lon="-16.248508980497718">
        <ele>127.39400000000001</ele>
        <time>2022-05-22T09:41:29Z</time>
      </trkpt>
      <trkpt lat="28.569660969078541" lon="-16.24853303655982">
        <ele>126.744</ele>
        <time>2022-05-22T09:41:32Z</time>
      </trkpt>
      <trkpt lat="28.569676978513598" lon="-16.248548962175846">
        <ele>125.438</ele>
        <time>2022-05-22T09:41:34Z</time>
      </trkpt>
      <trkpt lat="28.569676978513598" lon="-16.248571006581187">
        <ele>125.63800000000001</ele>
        <time>2022-05-22T09:41:36Z</time>
      </trkpt>
      <trkpt lat="28.569686030969024" lon="-16.248605959117413">
        <ele>125.185</ele>
        <time>2022-05-22T09:41:38Z</time>
      </trkpt>
      <trkpt lat="28.56969902291894" lon="-16.248639989644289">
        <ele>123.931</ele>
        <time>2022-05-22T09:41:40Z</time>
      </trkpt>
      <trkpt lat="28.56969902291894" lon="-16.248682988807559">
        <ele>123.761</ele>
        <time>2022-05-22T09:41:42Z</time>
      </trkpt>
      <trkpt lat="28.569696005433798" lon="-16.248706039041281">
        <ele>123.807</ele>
        <time>2022-05-22T09:41:43Z</time>
      </trkpt>
      <trkpt lat="28.569696005433798" lon="-16.248730011284351">
        <ele>123.709</ele>
        <time>2022-05-22T09:41:44Z</time>
      </trkpt>
      <trkpt lat="28.56969902291894" lon="-16.248757001012564">
        <ele>123.384</ele>
        <time>2022-05-22T09:41:45Z</time>
      </trkpt>
      <trkpt lat="28.569702040404081" lon="-16.248787008225918">
        <ele>122.96299999999999</ele>
        <time>2022-05-22T09:41:46Z</time>
      </trkpt>
      <trkpt lat="28.569708997383714" lon="-16.24881399795413">
        <ele>122.396</ele>
        <time>2022-05-22T09:41:47Z</time>
      </trkpt>
      <trkpt lat="28.569717966020107" lon="-16.248839981853962">
        <ele>121.598</ele>
        <time>2022-05-22T09:41:48Z</time>
      </trkpt>
      <trkpt lat="28.569725006818771" lon="-16.248865965753794">
        <ele>120.929</ele>
        <time>2022-05-22T09:41:49Z</time>
      </trkpt>
      <trkpt lat="28.569737998768687" lon="-16.248885998502374">
        <ele>120.029</ele>
        <time>2022-05-22T09:41:50Z</time>
      </trkpt>
      <trkpt lat="28.569746967405081" lon="-16.248904019594193">
        <ele>119.113</ele>
        <time>2022-05-22T09:41:51Z</time>
      </trkpt>
      <trkpt lat="28.569759959354997" lon="-16.248924974352121">
        <ele>118.04300000000001</ele>
        <time>2022-05-22T09:41:52Z</time>
      </trkpt>
      <trkpt lat="28.569778986275196" lon="-16.24896302819252">
        <ele>116.20999999999999</ele>
        <time>2022-05-22T09:41:54Z</time>
      </trkpt>
      <trkpt lat="28.569791978225112" lon="-16.248994963243604">
        <ele>115.03100000000001</ele>
        <time>2022-05-22T09:41:56Z</time>
      </trkpt>
      <trkpt lat="28.56980798766017" lon="-16.24902899377048">
        <ele>113.56100000000001</ele>
        <time>2022-05-22T09:41:58Z</time>
      </trkpt>
      <trkpt lat="28.569817962124944" lon="-16.249053971841931">
        <ele>112.607</ele>
        <time>2022-05-22T09:41:59Z</time>
      </trkpt>
      <trkpt lat="28.569817962124944" lon="-16.249075010418892">
        <ele>112.40900000000001</ele>
        <time>2022-05-22T09:42:00Z</time>
      </trkpt>
      <trkpt lat="28.569817962124944" lon="-16.24911499209702">
        <ele>111.89400000000001</ele>
        <time>2022-05-22T09:42:02Z</time>
      </trkpt>
      <trkpt lat="28.569820979610085" lon="-16.249136030673981">
        <ele>111.46299999999999</ele>
        <time>2022-05-22T09:42:03Z</time>
      </trkpt>
      <trkpt lat="28.569830032065511" lon="-16.24915799126029">
        <ele>110.776</ele>
        <time>2022-05-22T09:42:04Z</time>
      </trkpt>
      <trkpt lat="28.569840006530285" lon="-16.249185986816883">
        <ele>109.828</ele>
        <time>2022-05-22T09:42:05Z</time>
      </trkpt>
      <trkpt lat="28.569856015965343" lon="-16.249201996251941">
        <ele>108.959</ele>
        <time>2022-05-22T09:42:06Z</time>
      </trkpt>
      <trkpt lat="28.569881999865174" lon="-16.249226974323392">
        <ele>107.459</ele>
        <time>2022-05-22T09:42:08Z</time>
      </trkpt>
      <trkpt lat="28.56989398598671" lon="-16.249251030385494">
        <ele>106.643</ele>
        <time>2022-05-22T09:42:09Z</time>
      </trkpt>
      <trkpt lat="28.569909995421767" lon="-16.249271985143423">
        <ele>105.843</ele>
        <time>2022-05-22T09:42:10Z</time>
      </trkpt>
      <trkpt lat="28.569919969886541" lon="-16.249293023720384">
        <ele>105.20999999999999</ele>
        <time>2022-05-22T09:42:11Z</time>
      </trkpt>
      <trkpt lat="28.569926004856825" lon="-16.249311966821551">
        <ele>104.985</ele>
        <time>2022-05-22T09:42:12Z</time>
      </trkpt>
      <trkpt lat="28.569930028170347" lon="-16.249333005398512">
        <ele>104.68899999999999</ele>
        <time>2022-05-22T09:42:13Z</time>
      </trkpt>
      <trkpt lat="28.569935979321599" lon="-16.249365024268627">
        <ele>104.217</ele>
        <time>2022-05-22T09:42:16Z</time>
      </trkpt>
      <trkpt lat="28.569938996806741" lon="-16.249394025653601">
        <ele>104.009</ele>
        <time>2022-05-22T09:42:18Z</time>
      </trkpt>
      <trkpt lat="28.569938996806741" lon="-16.249417997896671">
        <ele>103.949</ele>
        <time>2022-05-22T09:42:20Z</time>
      </trkpt>
      <trkpt lat="28.569932961836457" lon="-16.249441970139742">
        <ele>103.968</ele>
        <time>2022-05-22T09:42:25Z</time>
      </trkpt>
      <trkpt lat="28.569926004856825" lon="-16.249466026201844">
        <ele>103.971</ele>
        <time>2022-05-22T09:42:27Z</time>
      </trkpt>
      <trkpt lat="28.569906977936625" lon="-16.249491004273295">
        <ele>104.033</ele>
        <time>2022-05-22T09:42:29Z</time>
      </trkpt>
      <trkpt lat="28.56989398598671" lon="-16.249516988173127">
        <ele>103.934</ele>
        <time>2022-05-22T09:42:31Z</time>
      </trkpt>
      <trkpt lat="28.569906977936625" lon="-16.249546995386481">
        <ele>103.244</ele>
        <time>2022-05-22T09:42:33Z</time>
      </trkpt>
      <trkpt lat="28.569917036220431" lon="-16.2495650164783">
        <ele>102.77800000000001</ele>
        <time>2022-05-22T09:42:34Z</time>
      </trkpt>
      <trkpt lat="28.569926004856825" lon="-16.249583959579468">
        <ele>102.328</ele>
        <time>2022-05-22T09:42:35Z</time>
      </trkpt>
      <trkpt lat="28.569938996806741" lon="-16.249611033126712">
        <ele>101.88500000000001</ele>
        <time>2022-05-22T09:42:37Z</time>
      </trkpt>
      <trkpt lat="28.56991401873529" lon="-16.249628970399499">
        <ele>101.962</ele>
        <time>2022-05-22T09:42:40Z</time>
      </trkpt>
      <trkpt lat="28.569890968501568" lon="-16.249642968177795">
        <ele>102.083</ele>
        <time>2022-05-22T09:42:42Z</time>
      </trkpt>
      <trkpt lat="28.569903960451484" lon="-16.249670041725039">
        <ele>101.511</ele>
        <time>2022-05-22T09:42:45Z</time>
      </trkpt>
      <trkpt lat="28.569906977936625" lon="-16.249700970947742">
        <ele>101.009</ele>
        <time>2022-05-22T09:42:47Z</time>
      </trkpt>
      <trkpt lat="28.569917036220431" lon="-16.249729972332716">
        <ele>100.48699999999999</ele>
        <time>2022-05-22T09:42:49Z</time>
      </trkpt>
      <trkpt lat="28.569926004856825" lon="-16.249755034223199">
        <ele>99.855999999999995</ele>
        <time>2022-05-22T09:42:51Z</time>
      </trkpt>
      <trkpt lat="28.569903960451484" lon="-16.249770037829876">
        <ele>99.528999999999996</ele>
        <time>2022-05-22T09:42:54Z</time>
      </trkpt>
      <trkpt lat="28.569881999865174" lon="-16.249779006466269">
        <ele>99.561000000000007</ele>
        <time>2022-05-22T09:42:56Z</time>
      </trkpt>
      <trkpt lat="28.569849980995059" lon="-16.249788980931044">
        <ele>99.432000000000002</ele>
        <time>2022-05-22T09:42:58Z</time>
      </trkpt>
      <trkpt lat="28.569820979610085" lon="-16.249794010072947">
        <ele>99.451999999999998</ele>
        <time>2022-05-22T09:43:00Z</time>
      </trkpt>
      <trkpt lat="28.569794995710254" lon="-16.24980297870934">
        <ele>99.376000000000005</ele>
        <time>2022-05-22T09:43:02Z</time>
      </trkpt>
      <trkpt lat="28.569775968790054" lon="-16.249808007851243">
        <ele>99.325999999999993</ele>
        <time>2022-05-22T09:43:03Z</time>
      </trkpt>
      <trkpt lat="28.569757025688887" lon="-16.249820999801159">
        <ele>99.082999999999998</ele>
        <time>2022-05-22T09:43:05Z</time>
      </trkpt>
      <trkpt lat="28.569741016253829" lon="-16.249834997579455">
        <ele>98.747</ele>
        <time>2022-05-22T09:43:08Z</time>
      </trkpt>
      <trkpt lat="28.569728024303913" lon="-16.249851007014513">
        <ele>98.328999999999994</ele>
        <time>2022-05-22T09:43:11Z</time>
      </trkpt>
      <trkpt lat="28.56972198933363" lon="-16.249873973429203">
        <ele>97.620999999999995</ele>
        <time>2022-05-22T09:43:13Z</time>
      </trkpt>
      <trkpt lat="28.569728024303913" lon="-16.249894006177783">
        <ele>97.009</ele>
        <time>2022-05-22T09:43:15Z</time>
      </trkpt>
      <trkpt lat="28.569728024303913" lon="-16.249916972592473">
        <ele>96.415000000000006</ele>
        <time>2022-05-22T09:43:17Z</time>
      </trkpt>
      <trkpt lat="28.56972198933363" lon="-16.249941028654575">
        <ele>95.774000000000001</ele>
        <time>2022-05-22T09:43:19Z</time>
      </trkpt>
      <trkpt lat="28.569712014868855" lon="-16.249970030039549">
        <ele>94.917000000000002</ele>
        <time>2022-05-22T09:43:21Z</time>
      </trkpt>
      <trkpt lat="28.569689970463514" lon="-16.249986961483955">
        <ele>94.459000000000003</ele>
        <time>2022-05-22T09:43:23Z</time>
      </trkpt>
      <trkpt lat="28.569667004048824" lon="-16.249994002282619">
        <ele>94.280000000000001</ele>
        <time>2022-05-22T09:43:25Z</time>
      </trkpt>
      <trkpt lat="28.569647977128625" lon="-16.250011017546058">
        <ele>93.689999999999998</ele>
        <time>2022-05-22T09:43:27Z</time>
      </trkpt>
      <trkpt lat="28.569638002663851" lon="-16.250031972303987">
        <ele>92.924000000000007</ele>
        <time>2022-05-22T09:43:29Z</time>
      </trkpt>
      <trkpt lat="28.569631967693567" lon="-16.250067008659244">
        <ele>91.733999999999995</ele>
        <time>2022-05-22T09:43:32Z</time>
      </trkpt>
      <trkpt lat="28.569638002663851" lon="-16.250092992559075">
        <ele>90.820999999999998</ele>
        <time>2022-05-22T09:43:34Z</time>
      </trkpt>
      <trkpt lat="28.569638002663851" lon="-16.250121993944049">
        <ele>89.897999999999996</ele>
        <time>2022-05-22T09:43:36Z</time>
      </trkpt>
      <trkpt lat="28.569621993228793" lon="-16.250148983672261">
        <ele>88.814999999999998</ele>
        <time>2022-05-22T09:43:38Z</time>
      </trkpt>
      <trkpt lat="28.569597015157342" lon="-16.250173039734364">
        <ele>87.825999999999993</ele>
        <time>2022-05-22T09:43:40Z</time>
      </trkpt>
      <trkpt lat="28.56957396492362" lon="-16.250195000320673">
        <ele>86.909000000000006</ele>
        <time>2022-05-22T09:43:42Z</time>
      </trkpt>
      <trkpt lat="28.569561978802085" lon="-16.250216038897634">
        <ele>86.150000000000006</ele>
        <time>2022-05-22T09:43:44Z</time>
      </trkpt>
      <trkpt lat="28.569548986852169" lon="-16.25023003667593">
        <ele>85.588999999999999</ele>
        <time>2022-05-22T09:43:46Z</time>
      </trkpt>
      <trkpt lat="28.569539012387395" lon="-16.250254008919001">
        <ele>84.671999999999997</ele>
        <time>2022-05-22T09:43:48Z</time>
      </trkpt>
      <trkpt lat="28.569542029872537" lon="-16.250285021960735">
        <ele>83.524000000000001</ele>
        <time>2022-05-22T09:43:50Z</time>
      </trkpt>
      <trkpt lat="28.569548986852169" lon="-16.250306982547045">
        <ele>83.045000000000002</ele>
        <time>2022-05-22T09:43:52Z</time>
      </trkpt>
      <trkpt lat="28.569539012387395" lon="-16.250328021124005">
        <ele>82.424999999999997</ele>
        <time>2022-05-22T09:43:54Z</time>
      </trkpt>
      <trkpt lat="28.569523002952337" lon="-16.250357022508979">
        <ele>81.539000000000001</ele>
        <time>2022-05-22T09:43:56Z</time>
      </trkpt>
      <trkpt lat="28.56952995993197" lon="-16.250378983095288">
        <ele>81.019000000000005</ele>
        <time>2022-05-22T09:43:57Z</time>
      </trkpt>
      <trkpt lat="28.569548986852169" lon="-16.250397004187107">
        <ele>80.665999999999997</ele>
        <time>2022-05-22T09:43:59Z</time>
      </trkpt>
      <trkpt lat="28.569568013772368" lon="-16.250420976430178">
        <ele>80.171999999999997</ele>
        <time>2022-05-22T09:44:01Z</time>
      </trkpt>
      <trkpt lat="28.56957103125751" lon="-16.250449977815151">
        <ele>79.313000000000002</ele>
        <time>2022-05-22T09:44:03Z</time>
      </trkpt>
      <trkpt lat="28.569584023207426" lon="-16.250474033877254">
        <ele>78.713999999999999</ele>
        <time>2022-05-22T09:44:05Z</time>
      </trkpt>
      <trkpt lat="28.569600032642484" lon="-16.250489959493279">
        <ele>78.308999999999997</ele>
        <time>2022-05-22T09:44:07Z</time>
      </trkpt>
      <trkpt lat="28.569600032642484" lon="-16.250526001676917">
        <ele>77.427999999999997</ele>
        <time>2022-05-22T09:44:10Z</time>
      </trkpt>
      <trkpt lat="28.569589974358678" lon="-16.250544022768736">
        <ele>76.846999999999994</ele>
        <time>2022-05-22T09:44:11Z</time>
      </trkpt>
      <trkpt lat="28.569577988237143" lon="-16.250562965869904">
        <ele>76.329999999999998</ele>
        <time>2022-05-22T09:44:13Z</time>
      </trkpt>
      <trkpt lat="28.569558039307594" lon="-16.250565983355045">
        <ele>76.182000000000002</ele>
        <time>2022-05-22T09:44:15Z</time>
      </trkpt>
      <trkpt lat="28.569539012387395" lon="-16.250567995011806">
        <ele>76.063000000000002</ele>
        <time>2022-05-22T09:44:17Z</time>
      </trkpt>
      <trkpt lat="28.569523002952337" lon="-16.250581992790103">
        <ele>75.632999999999996</ele>
        <time>2022-05-22T09:44:19Z</time>
      </trkpt>
      <trkpt lat="28.56952995993197" lon="-16.250605965033174">
        <ele>75.046999999999997</ele>
        <time>2022-05-22T09:44:21Z</time>
      </trkpt>
      <trkpt lat="28.569539012387395" lon="-16.250623986124992">
        <ele>74.637</ele>
        <time>2022-05-22T09:44:22Z</time>
      </trkpt>
      <trkpt lat="28.569552004337311" lon="-16.250645024701953">
        <ele>74.164000000000001</ele>
        <time>2022-05-22T09:44:24Z</time>
      </trkpt>
      <trkpt lat="28.569558039307594" lon="-16.250665979459882">
        <ele>73.652000000000001</ele>
        <time>2022-05-22T09:44:26Z</time>
      </trkpt>
      <trkpt lat="28.56957103125751" lon="-16.250692969188094">
        <ele>73.052999999999997</ele>
        <time>2022-05-22T09:44:28Z</time>
      </trkpt>
      <trkpt lat="28.569589974358678" lon="-16.250706966966391">
        <ele>72.707999999999998</ele>
        <time>2022-05-22T09:44:30Z</time>
      </trkpt>
      <trkpt lat="28.569600032642484" lon="-16.25072599388659">
        <ele>72.308999999999997</ele>
        <time>2022-05-22T09:44:32Z</time>
      </trkpt>
      <trkpt lat="28.569589974358678" lon="-16.250747032463551">
        <ele>71.766000000000005</ele>
        <time>2022-05-22T09:44:35Z</time>
      </trkpt>
      <trkpt lat="28.569584023207426" lon="-16.250767987221479">
        <ele>71.194999999999993</ele>
        <time>2022-05-22T09:44:38Z</time>
      </trkpt>
      <trkpt lat="28.56957103125751" lon="-16.250786008313298">
        <ele>70.628</ele>
        <time>2022-05-22T09:44:40Z</time>
      </trkpt>
      <trkpt lat="28.569561978802085" lon="-16.250810986384749">
        <ele>70.040000000000006</ele>
        <time>2022-05-22T09:44:42Z</time>
      </trkpt>
      <trkpt lat="28.569552004337311" lon="-16.250836970284581">
        <ele>69.391000000000005</ele>
        <time>2022-05-22T09:44:44Z</time>
      </trkpt>
      <trkpt lat="28.569542029872537" lon="-16.250861026346684">
        <ele>68.590999999999994</ele>
        <time>2022-05-22T09:44:46Z</time>
      </trkpt>
      <trkpt lat="28.569548986852169" lon="-16.250886004418135">
        <ele>67.814999999999998</ele>
        <time>2022-05-22T09:44:48Z</time>
      </trkpt>
      <trkpt lat="28.569558039307594" lon="-16.250913999974728">
        <ele>67.084999999999994</ele>
        <time>2022-05-22T09:44:50Z</time>
      </trkpt>
      <trkpt lat="28.569542029872537" lon="-16.250922968611121">
        <ele>66.751999999999995</ele>
        <time>2022-05-22T09:44:53Z</time>
      </trkpt>
      <trkpt lat="28.569523002952337" lon="-16.250924980267882">
        <ele>66.545000000000002</ele>
        <time>2022-05-22T09:44:55Z</time>
      </trkpt>
      <trkpt lat="28.56950699351728" lon="-16.250947024673223">
        <ele>65.947000000000003</ele>
        <time>2022-05-22T09:44:57Z</time>
      </trkpt>
      <trkpt lat="28.569494001567364" lon="-16.250964961946011">
        <ele>65.311000000000007</ele>
        <time>2022-05-22T09:44:58Z</time>
      </trkpt>
      <trkpt lat="28.56948796659708" lon="-16.250986000522971">
        <ele>64.709000000000003</ele>
        <time>2022-05-22T09:44:59Z</time>
      </trkpt>
      <trkpt lat="28.569472040981054" lon="-16.251010978594422">
        <ele>63.994999999999997</ele>
        <time>2022-05-22T09:45:01Z</time>
      </trkpt>
      <trkpt lat="28.569474974647164" lon="-16.251035034656525">
        <ele>63.234000000000002</ele>
        <time>2022-05-22T09:45:03Z</time>
      </trkpt>
      <trkpt lat="28.569469023495913" lon="-16.251062024384737">
        <ele>62.476999999999997</ele>
        <time>2022-05-22T09:45:06Z</time>
      </trkpt>
      <trkpt lat="28.569469023495913" lon="-16.25109001994133">
        <ele>61.619</ele>
        <time>2022-05-22T09:45:08Z</time>
      </trkpt>
      <trkpt lat="28.569472040981054" lon="-16.251114998012781">
        <ele>60.979999999999997</ele>
        <time>2022-05-22T09:45:10Z</time>
      </trkpt>
      <trkpt lat="28.569477992132306" lon="-16.251138970255852">
        <ele>60.25</ele>
        <time>2022-05-22T09:45:12Z</time>
      </trkpt>
      <trkpt lat="28.56948503293097" lon="-16.251165037974715">
        <ele>59.414000000000001</ele>
        <time>2022-05-22T09:45:15Z</time>
      </trkpt>
      <trkpt lat="28.569482015445828" lon="-16.251189010217786">
        <ele>58.823999999999998</ele>
        <time>2022-05-22T09:45:17Z</time>
      </trkpt>
      <trkpt lat="28.56948796659708" lon="-16.251213988289237">
        <ele>58.051000000000002</ele>
        <time>2022-05-22T09:45:19Z</time>
      </trkpt>
      <trkpt lat="28.56948796659708" lon="-16.251235026866198">
        <ele>57.487000000000002</ele>
        <time>2022-05-22T09:45:21Z</time>
      </trkpt>
      <trkpt lat="28.569494001567364" lon="-16.251261010766029">
        <ele>56.741999999999997</ele>
        <time>2022-05-22T09:45:23Z</time>
      </trkpt>
      <trkpt lat="28.569498024880886" lon="-16.251291017979383">
        <ele>55.826000000000001</ele>
        <time>2022-05-22T09:45:25Z</time>
      </trkpt>
      <trkpt lat="28.569490984082222" lon="-16.251318007707596">
        <ele>55.009</ele>
        <time>2022-05-22T09:45:27Z</time>
      </trkpt>
      <trkpt lat="28.569498024880886" lon="-16.251352038234472">
        <ele>54.179000000000002</ele>
        <time>2022-05-22T09:45:29Z</time>
      </trkpt>
      <trkpt lat="28.569503976032138" lon="-16.251386990770698">
        <ele>53.148000000000003</ele>
        <time>2022-05-22T09:45:31Z</time>
      </trkpt>
      <trkpt lat="28.569514034315944" lon="-16.251419009640813">
        <ele>51.741</ele>
        <time>2022-05-22T09:45:33Z</time>
      </trkpt>
      <trkpt lat="28.569510011002421" lon="-16.251439964398742">
        <ele>50.893000000000001</ele>
        <time>2022-05-22T09:45:35Z</time>
      </trkpt>
      <trkpt lat="28.569498024880886" lon="-16.251458991318941">
        <ele>50.043999999999997</ele>
        <time>2022-05-22T09:45:37Z</time>
      </trkpt>
      <trkpt lat="28.569482015445828" lon="-16.251478018239141">
        <ele>49.363999999999997</ele>
        <time>2022-05-22T09:45:39Z</time>
      </trkpt>
      <trkpt lat="28.56948796659708" lon="-16.251510037109256">
        <ele>47.917999999999999</ele>
        <time>2022-05-22T09:45:41Z</time>
      </trkpt>
      <trkpt lat="28.569494001567364" lon="-16.251549012959003">
        <ele>46.228000000000002</ele>
        <time>2022-05-22T09:45:43Z</time>
      </trkpt>
      <trkpt lat="28.569490984082222" lon="-16.251569967716932">
        <ele>45.414999999999999</ele>
        <time>2022-05-22T09:45:44Z</time>
      </trkpt>
      <trkpt lat="28.569482015445828" lon="-16.251590000465512">
        <ele>44.698999999999998</ele>
        <time>2022-05-22T09:45:45Z</time>
      </trkpt>
      <trkpt lat="28.569482015445828" lon="-16.251613972708583">
        <ele>43.606999999999999</ele>
        <time>2022-05-22T09:45:46Z</time>
      </trkpt>
      <trkpt lat="28.569490984082222" lon="-16.251637022942305">
        <ele>42.627000000000002</ele>
        <time>2022-05-22T09:45:48Z</time>
      </trkpt>
      <trkpt lat="28.569514034315944" lon="-16.251640040427446">
        <ele>42.209000000000003</ele>
        <time>2022-05-22T09:45:51Z</time>
      </trkpt>
      <trkpt lat="28.569523002952337" lon="-16.251664012670517">
        <ele>41.020000000000003</ele>
        <time>2022-05-22T09:45:53Z</time>
      </trkpt>
      <trkpt lat="28.56952995993197" lon="-16.251691002398729">
        <ele>39.829000000000001</ele>
        <time>2022-05-22T09:45:55Z</time>
      </trkpt>
      <trkpt lat="28.569539012387395" lon="-16.2517149746418">
        <ele>38.811999999999998</ele>
        <time>2022-05-22T09:45:57Z</time>
      </trkpt>
      <trkpt lat="28.569548986852169" lon="-16.251740958541632">
        <ele>37.673999999999999</ele>
        <time>2022-05-22T09:45:59Z</time>
      </trkpt>
      <trkpt lat="28.569558039307594" lon="-16.251761997118592">
        <ele>36.674999999999997</ele>
        <time>2022-05-22T09:46:01Z</time>
      </trkpt>
      <trkpt lat="28.569558039307594" lon="-16.251785969361663">
        <ele>35.685000000000002</ele>
        <time>2022-05-22T09:46:03Z</time>
      </trkpt>
      <trkpt lat="28.569568013772368" lon="-16.251811031252146">
        <ele>34.448999999999998</ele>
        <time>2022-05-22T09:46:05Z</time>
      </trkpt>
      <trkpt lat="28.569587040692568" lon="-16.251828968524933">
        <ele>33.298999999999999</ele>
        <time>2022-05-22T09:46:07Z</time>
      </trkpt>
      <trkpt lat="28.569602966308594" lon="-16.251842966303229">
        <ele>32.256</ele>
        <time>2022-05-22T09:46:09Z</time>
      </trkpt>
      <trkpt lat="28.569618975743651" lon="-16.251858975738287">
        <ele>31.167000000000002</ele>
        <time>2022-05-22T09:46:11Z</time>
      </trkpt>
      <trkpt lat="28.569626016542315" lon="-16.251878002658486">
        <ele>30.181000000000001</ele>
        <time>2022-05-22T09:46:13Z</time>
      </trkpt>
      <trkpt lat="28.569642025977373" lon="-16.251903986558318">
        <ele>28.419</ele>
        <time>2022-05-22T09:46:15Z</time>
      </trkpt>
      <trkpt lat="28.569663986563683" lon="-16.251917984336615">
        <ele>27.109000000000002</ele>
        <time>2022-05-22T09:46:17Z</time>
      </trkpt>
      <trkpt lat="28.569689970463514" lon="-16.251923013478518">
        <ele>26.157</ele>
        <time>2022-05-22T09:46:19Z</time>
      </trkpt>
      <trkpt lat="28.569708997383714" lon="-16.251939022913575">
        <ele>24.725999999999999</ele>
        <time>2022-05-22T09:46:21Z</time>
      </trkpt>
      <trkpt lat="28.569728024303913" lon="-16.251948997378349">
        <ele>23.899000000000001</ele>
        <time>2022-05-22T09:46:23Z</time>
      </trkpt>
      <trkpt lat="28.569737998768687" lon="-16.251968024298549">
        <ele>23.321000000000002</ele>
        <time>2022-05-22T09:46:25Z</time>
      </trkpt>
      <trkpt lat="28.569733975455165" lon="-16.25199400819838">
        <ele>22.962</ele>
        <time>2022-05-22T09:46:27Z</time>
      </trkpt>
      <trkpt lat="28.569741016253829" lon="-16.252017980441451">
        <ele>22.332000000000001</ele>
        <time>2022-05-22T09:46:29Z</time>
      </trkpt>
      <trkpt lat="28.569757025688887" lon="-16.252028960734606">
        <ele>21.846</ele>
        <time>2022-05-22T09:46:32Z</time>
      </trkpt>
      <trkpt lat="28.569759959354997" lon="-16.252054022625089">
        <ele>21.276</ele>
        <time>2022-05-22T09:46:36Z</time>
      </trkpt>
      <trkpt lat="28.569737998768687" lon="-16.252076989039779">
        <ele>21.332999999999998</ele>
        <time>2022-05-22T09:46:38Z</time>
      </trkpt>
      <trkpt lat="28.569717966020107" lon="-16.252094004303217">
        <ele>21.451000000000001</ele>
        <time>2022-05-22T09:46:40Z</time>
      </trkpt>
      <trkpt lat="28.56969902291894" lon="-16.252112025395036">
        <ele>21.701000000000001</ele>
        <time>2022-05-22T09:46:43Z</time>
      </trkpt>
      <trkpt lat="28.569689970463514" lon="-16.252132980152965">
        <ele>21.611000000000001</ele>
        <time>2022-05-22T09:46:45Z</time>
      </trkpt>
      <trkpt lat="28.569686030969024" lon="-16.252157958224416">
        <ele>21.309000000000001</ele>
        <time>2022-05-22T09:46:48Z</time>
      </trkpt>
      <trkpt lat="28.569686030969024" lon="-16.25218603760004">
        <ele>20.815999999999999</ele>
        <time>2022-05-22T09:46:51Z</time>
      </trkpt>
      <trkpt lat="28.569673961028457" lon="-16.252204980701208">
        <ele>20.975000000000001</ele>
        <time>2022-05-22T09:46:54Z</time>
      </trkpt>
      <trkpt lat="28.569686030969024" lon="-16.252226019278169">
        <ele>20.187999999999999</ele>
        <time>2022-05-22T09:46:57Z</time>
      </trkpt>
      <trkpt lat="28.569705979898572" lon="-16.252240017056465">
        <ele>19.370000000000001</ele>
        <time>2022-05-22T09:46:59Z</time>
      </trkpt>
      <trkpt lat="28.569689970463514" lon="-16.252261977642775">
        <ele>19.620999999999999</ele>
        <time>2022-05-22T09:47:04Z</time>
      </trkpt>
      <trkpt lat="28.56967999599874" lon="-16.252282010391355">
        <ele>19.651</ele>
        <time>2022-05-22T09:47:06Z</time>
      </trkpt>
      <trkpt lat="28.569673961028457" lon="-16.252303970977664">
        <ele>19.524999999999999</ele>
        <time>2022-05-22T09:47:08Z</time>
      </trkpt>
      <trkpt lat="28.569683013483882" lon="-16.252325009554625">
        <ele>19.085000000000001</ele>
        <time>2022-05-22T09:47:11Z</time>
      </trkpt>
      <trkpt lat="28.569670021533966" lon="-16.252349987626076">
        <ele>19.152000000000001</ele>
        <time>2022-05-22T09:47:14Z</time>
      </trkpt>
      <trkpt lat="28.569647977128625" lon="-16.252361973747611">
        <ele>19.536000000000001</ele>
        <time>2022-05-22T09:47:17Z</time>
      </trkpt>
      <trkpt lat="28.569642025977373" lon="-16.252384018152952">
        <ele>19.317</ele>
        <time>2022-05-22T09:47:19Z</time>
      </trkpt>
      <trkpt lat="28.569638002663851" lon="-16.252410002052784">
        <ele>19.117999999999999</ele>
        <time>2022-05-22T09:47:21Z</time>
      </trkpt>
      <trkpt lat="28.569629034027457" lon="-16.252430034801364">
        <ele>19.009</ele>
        <time>2022-05-22T09:47:23Z</time>
      </trkpt>
      <trkpt lat="28.569618975743651" lon="-16.252449983730912">
        <ele>19.013999999999999</ele>
        <time>2022-05-22T09:47:25Z</time>
      </trkpt>
      <trkpt lat="28.569605983793736" lon="-16.252472028136253">
        <ele>18.992999999999999</ele>
        <time>2022-05-22T09:47:27Z</time>
      </trkpt>
      <trkpt lat="28.569587040692568" lon="-16.252490971237421">
        <ele>19.146000000000001</ele>
        <time>2022-05-22T09:47:29Z</time>
      </trkpt>
      <trkpt lat="28.569564996287227" lon="-16.252505974844098">
        <ele>19.378</ele>
        <time>2022-05-22T09:47:31Z</time>
      </trkpt>
      <trkpt lat="28.569542029872537" lon="-16.252521984279156">
        <ele>19.728999999999999</ele>
        <time>2022-05-22T09:47:33Z</time>
      </trkpt>
      <trkpt lat="28.569526020437479" lon="-16.252535982057452">
        <ele>19.998999999999999</ele>
        <time>2022-05-22T09:47:35Z</time>
      </trkpt>
      <trkpt lat="28.56952995993197" lon="-16.252561965957284">
        <ele>19.523</ele>
        <time>2022-05-22T09:47:37Z</time>
      </trkpt>
      <trkpt lat="28.56952995993197" lon="-16.252593984827399">
        <ele>19.292999999999999</ele>
        <time>2022-05-22T09:47:39Z</time>
      </trkpt>
      <trkpt lat="28.56952995993197" lon="-16.252614017575979">
        <ele>19.09</ele>
        <time>2022-05-22T09:47:41Z</time>
      </trkpt>
      <trkpt lat="28.569532977417111" lon="-16.25263798981905">
        <ele>18.777000000000001</ele>
        <time>2022-05-22T09:47:44Z</time>
      </trkpt>
      <trkpt lat="28.569519985467196" lon="-16.25265802256763">
        <ele>18.760999999999999</ele>
        <time>2022-05-22T09:47:48Z</time>
      </trkpt>
      <trkpt lat="28.569519985467196" lon="-16.252677971497178">
        <ele>18.527000000000001</ele>
        <time>2022-05-22T09:47:50Z</time>
      </trkpt>
      <trkpt lat="28.56950699351728" lon="-16.252693980932236">
        <ele>18.509</ele>
        <time>2022-05-22T09:47:52Z</time>
      </trkpt>
      <trkpt lat="28.56948796659708" lon="-16.252709990367293">
        <ele>18.577999999999999</ele>
        <time>2022-05-22T09:47:54Z</time>
      </trkpt>
      <trkpt lat="28.569469023495913" lon="-16.252728011459112">
        <ele>18.597000000000001</ele>
        <time>2022-05-22T09:47:56Z</time>
      </trkpt>
      <trkpt lat="28.569453014060855" lon="-16.252749972045422">
        <ele>18.34</ele>
        <time>2022-05-22T09:47:58Z</time>
      </trkpt>
      <trkpt lat="28.569424012675881" lon="-16.252753995358944">
        <ele>18.542000000000002</ele>
        <time>2022-05-22T09:48:00Z</time>
      </trkpt>
      <trkpt lat="28.56940196827054" lon="-16.252765981480479">
        <ele>18.562999999999999</ele>
        <time>2022-05-22T09:48:03Z</time>
      </trkpt>
      <trkpt lat="28.56937900185585" lon="-16.252778973430395">
        <ele>18.553000000000001</ele>
        <time>2022-05-22T09:48:05Z</time>
      </trkpt>
      <trkpt lat="28.569357041269541" lon="-16.252791965380311">
        <ele>18.817</ele>
        <time>2022-05-22T09:48:07Z</time>
      </trkpt>
      <trkpt lat="28.569330973550677" lon="-16.252805963158607">
        <ele>19.117000000000001</ele>
        <time>2022-05-22T09:48:09Z</time>
      </trkpt>
      <trkpt lat="28.569309012964368" lon="-16.252819038927555">
        <ele>19.474</ele>
        <time>2022-05-22T09:48:11Z</time>
      </trkpt>
      <trkpt lat="28.569285962730646" lon="-16.2528339587152">
        <ele>19.727</ele>
        <time>2022-05-22T09:48:13Z</time>
      </trkpt>
      <trkpt lat="28.569283029064536" lon="-16.252859020605683">
        <ele>20.068000000000001</ele>
        <time>2022-05-22T09:48:15Z</time>
      </trkpt>
      <trkpt lat="28.569285962730646" lon="-16.252879975363612">
        <ele>20.213999999999999</ele>
        <time>2022-05-22T09:48:17Z</time>
      </trkpt>
      <trkpt lat="28.569283029064536" lon="-16.252905959263444">
        <ele>20.509</ele>
        <time>2022-05-22T09:48:19Z</time>
      </trkpt>
      <trkpt lat="28.56927003711462" lon="-16.252925992012024">
        <ele>20.773</ele>
        <time>2022-05-22T09:48:21Z</time>
      </trkpt>
      <trkpt lat="28.569251010194421" lon="-16.252942001447082">
        <ele>20.992000000000001</ele>
        <time>2022-05-22T09:48:23Z</time>
      </trkpt>
      <trkpt lat="28.569231983274221" lon="-16.252958010882139">
        <ele>21.184999999999999</ele>
        <time>2022-05-22T09:48:25Z</time>
      </trkpt>
      <trkpt lat="28.569215973839164" lon="-16.252971002832055">
        <ele>21.376999999999999</ele>
        <time>2022-05-22T09:48:29Z</time>
      </trkpt>
      <trkpt lat="28.569194013252854" lon="-16.252976031973958">
        <ele>21.417999999999999</ele>
        <time>2022-05-22T09:48:31Z</time>
      </trkpt>
      <trkpt lat="28.569194013252854" lon="-16.252997992560267">
        <ele>21.577999999999999</ele>
        <time>2022-05-22T09:48:34Z</time>
      </trkpt>
      <trkpt lat="28.569165011867881" lon="-16.253009978681803">
        <ele>21.792000000000002</ele>
        <time>2022-05-22T09:48:38Z</time>
      </trkpt>
      <trkpt lat="28.569136010482907" lon="-16.253005033358932">
        <ele>21.731999999999999</ele>
        <time>2022-05-22T09:48:41Z</time>
      </trkpt>
      <trkpt lat="28.569107009097934" lon="-16.252990029752254">
        <ele>21.658999999999999</ele>
        <time>2022-05-22T09:48:43Z</time>
      </trkpt>
      <trkpt lat="28.569087982177734" lon="-16.252990029752254">
        <ele>21.719000000000001</ele>
        <time>2022-05-22T09:48:44Z</time>
      </trkpt>
      <trkpt lat="28.569066021591425" lon="-16.252989023923874">
        <ele>21.709</ele>
        <time>2022-05-22T09:48:45Z</time>
      </trkpt>
      <trkpt lat="28.569042971357703" lon="-16.252978965640068">
        <ele>21.719000000000001</ele>
        <time>2022-05-22T09:48:47Z</time>
      </trkpt>
      <trkpt lat="28.569024028256536" lon="-16.252976031973958">
        <ele>21.709</ele>
        <time>2022-05-22T09:48:49Z</time>
      </trkpt>
      <trkpt lat="28.569001983851194" lon="-16.252977959811687">
        <ele>21.891999999999999</ele>
        <time>2022-05-22T09:48:51Z</time>
      </trkpt>
      <trkpt lat="28.568982034921646" lon="-16.25298198312521">
        <ele>21.881</ele>
        <time>2022-05-22T09:48:53Z</time>
      </trkpt>
      <trkpt lat="28.568963008001447" lon="-16.252973014488816">
        <ele>21.884</ele>
        <time>2022-05-22T09:48:55Z</time>
      </trkpt>
      <trkpt lat="28.568930989131331" lon="-16.252965973690152">
        <ele>21.995999999999999</ele>
        <time>2022-05-22T09:48:57Z</time>
      </trkpt>
      <trkpt lat="28.568901987746358" lon="-16.252958010882139">
        <ele>22.056999999999999</ele>
        <time>2022-05-22T09:48:59Z</time>
      </trkpt>
      <trkpt lat="28.568880027160048" lon="-16.252962034195662">
        <ele>21.917000000000002</ele>
        <time>2022-05-22T09:49:00Z</time>
      </trkpt>
      <trkpt lat="28.568857982754707" lon="-16.252964967861772">
        <ele>21.780999999999999</ele>
        <time>2022-05-22T09:49:01Z</time>
      </trkpt>
      <trkpt lat="28.568835016340017" lon="-16.252958010882139">
        <ele>21.550999999999998</ele>
        <time>2022-05-22T09:49:03Z</time>
      </trkpt>
      <trkpt lat="28.568812971934676" lon="-16.252957005053759">
        <ele>21.398</ele>
        <time>2022-05-22T09:49:05Z</time>
      </trkpt>
      <trkpt lat="28.568794028833508" lon="-16.252946024760604">
        <ele>21.045000000000002</ele>
        <time>2022-05-22T09:49:07Z</time>
      </trkpt>
      <trkpt lat="28.568773996084929" lon="-16.25293898396194">
        <ele>20.847000000000001</ele>
        <time>2022-05-22T09:49:09Z</time>
      </trkpt>
      <trkpt lat="28.568754969164729" lon="-16.252933032810688">
        <ele>20.611000000000001</ele>
        <time>2022-05-22T09:49:10Z</time>
      </trkpt>
      <trkpt lat="28.568725967779756" lon="-16.252931021153927">
        <ele>20.309000000000001</ele>
        <time>2022-05-22T09:49:12Z</time>
      </trkpt>
      <trkpt lat="28.568700989708304" lon="-16.252931021153927">
        <ele>20.074999999999999</ele>
        <time>2022-05-22T09:49:14Z</time>
      </trkpt>
      <trkpt lat="28.568681962788105" lon="-16.25293898396194">
        <ele>19.943999999999999</ele>
        <time>2022-05-22T09:49:16Z</time>
      </trkpt>
      <trkpt lat="28.568666037172079" lon="-16.252948958426714">
        <ele>19.837</ele>
        <time>2022-05-22T09:49:18Z</time>
      </trkpt>
      <trkpt lat="28.568646004423499" lon="-16.252949964255095">
        <ele>19.629000000000001</ele>
        <time>2022-05-22T09:49:20Z</time>
      </trkpt>
      <trkpt lat="28.568618008866906" lon="-16.252957005053759">
        <ele>19.420000000000002</ele>
        <time>2022-05-22T09:49:23Z</time>
      </trkpt>
      <trkpt lat="28.568594958633184" lon="-16.252971002832055">
        <ele>19.420000000000002</ele>
        <time>2022-05-22T09:49:26Z</time>
      </trkpt>
      <trkpt lat="28.568576015532017" lon="-16.252973014488816">
        <ele>19.484000000000002</ele>
        <time>2022-05-22T09:49:28Z</time>
      </trkpt>
      <trkpt lat="28.568556988611817" lon="-16.252976031973958">
        <ele>19.454000000000001</ele>
        <time>2022-05-22T09:49:30Z</time>
      </trkpt>
      <trkpt lat="28.568527987226844" lon="-16.252973014488816">
        <ele>19.390999999999998</ele>
        <time>2022-05-22T09:49:32Z</time>
      </trkpt>
      <trkpt lat="28.568508960306644" lon="-16.252965973690152">
        <ele>19.285</ele>
        <time>2022-05-22T09:49:35Z</time>
      </trkpt>
      <trkpt lat="28.568485993891954" lon="-16.252973014488816">
        <ele>19.388999999999999</ele>
        <time>2022-05-22T09:49:37Z</time>
      </trkpt>
      <trkpt lat="28.568461015820503" lon="-16.252980977296829">
        <ele>19.317</ele>
        <time>2022-05-22T09:49:39Z</time>
      </trkpt>
      <trkpt lat="28.568435031920671" lon="-16.252978965640068">
        <ele>19.309000000000001</ele>
        <time>2022-05-22T09:49:41Z</time>
      </trkpt>
      <trkpt lat="28.568409970030189" lon="-16.252969997003675">
        <ele>19.279</ele>
        <time>2022-05-22T09:49:44Z</time>
      </trkpt>
      <trkpt lat="28.568387003615499" lon="-16.252967985346913">
        <ele>19.117999999999999</ele>
        <time>2022-05-22T09:49:47Z</time>
      </trkpt>
      <trkpt lat="28.568364959210157" lon="-16.252964967861772">
        <ele>19.131</ele>
        <time>2022-05-22T09:49:50Z</time>
      </trkpt>
      <trkpt lat="28.568338975310326" lon="-16.252951975911856">
        <ele>18.933</ele>
        <time>2022-05-22T09:49:52Z</time>
      </trkpt>
      <trkpt lat="28.568317014724016" lon="-16.252949964255095">
        <ele>19.024000000000001</ele>
        <time>2022-05-22T09:49:54Z</time>
      </trkpt>
      <trkpt lat="28.568297987803817" lon="-16.252947030588984">
        <ele>19.274000000000001</ele>
        <time>2022-05-22T09:49:55Z</time>
      </trkpt>
      <trkpt lat="28.568268986418843" lon="-16.252947030588984">
        <ele>19.558</ele>
        <time>2022-05-22T09:49:59Z</time>
      </trkpt>
      <trkpt lat="28.568252976983786" lon="-16.252935966476798">
        <ele>19.538</ele>
        <time>2022-05-22T09:50:01Z</time>
      </trkpt>
      <trkpt lat="28.568226993083954" lon="-16.252925992012024">
        <ele>19.664999999999999</ele>
        <time>2022-05-22T09:50:03Z</time>
      </trkpt>
      <trkpt lat="28.568205032497644" lon="-16.252925992012024">
        <ele>19.881</ele>
        <time>2022-05-22T09:50:06Z</time>
      </trkpt>
      <trkpt lat="28.568186005577445" lon="-16.25291702337563">
        <ele>19.861000000000001</ele>
        <time>2022-05-22T09:50:08Z</time>
      </trkpt>
      <trkpt lat="28.568160021677613" lon="-16.252915011718869">
        <ele>20.016999999999999</ele>
        <time>2022-05-22T09:50:10Z</time>
      </trkpt>
      <trkpt lat="28.568137977272272" lon="-16.252899002283812">
        <ele>19.908999999999999</ele>
        <time>2022-05-22T09:50:12Z</time>
      </trkpt>
      <trkpt lat="28.56811199337244" lon="-16.252899002283812">
        <ele>20.158999999999999</ele>
        <time>2022-05-22T09:50:15Z</time>
      </trkpt>
      <trkpt lat="28.568086009472609" lon="-16.252902019768953">
        <ele>20.417999999999999</ele>
        <time>2022-05-22T09:50:18Z</time>
      </trkpt>
      <trkpt lat="28.568066982552409" lon="-16.252908976748586">
        <ele>20.751000000000001</ele>
        <time>2022-05-22T09:50:20Z</time>
      </trkpt>
      <trkpt lat="28.568042004480958" lon="-16.252911994233727">
        <ele>21.023</ele>
        <time>2022-05-22T09:50:23Z</time>
      </trkpt>
      <trkpt lat="28.568019038066268" lon="-16.25289598479867">
        <ele>20.783999999999999</ele>
        <time>2022-05-22T09:50:25Z</time>
      </trkpt>
      <trkpt lat="28.568013003095984" lon="-16.25291702337563">
        <ele>21.224</ele>
        <time>2022-05-22T09:50:31Z</time>
      </trkpt>
      <trkpt lat="28.568009985610843" lon="-16.252946024760604">
        <ele>21.797999999999998</ele>
        <time>2022-05-22T09:50:33Z</time>
      </trkpt>
      <trkpt lat="28.567990036681294" lon="-16.252964967861772">
        <ele>22.187999999999999</ele>
        <time>2022-05-22T09:50:35Z</time>
      </trkpt>
      <trkpt lat="28.567967992275953" lon="-16.252973014488816">
        <ele>22.375</ele>
        <time>2022-05-22T09:50:40Z</time>
      </trkpt>
      <trkpt lat="28.567942008376122" lon="-16.252969997003675">
        <ele>22.245999999999999</ele>
        <time>2022-05-22T09:50:43Z</time>
      </trkpt>
      <trkpt lat="28.567922981455922" lon="-16.252973014488816">
        <ele>22.388000000000002</ele>
        <time>2022-05-22T09:50:45Z</time>
      </trkpt>
      <trkpt lat="28.567893980070949" lon="-16.252980977296829">
        <ele>22.416</ele>
        <time>2022-05-22T09:50:48Z</time>
      </trkpt>
      <trkpt lat="28.567865984514356" lon="-16.252973014488816">
        <ele>22.309000000000001</ele>
        <time>2022-05-22T09:50:50Z</time>
      </trkpt>
      <trkpt lat="28.567843018099666" lon="-16.252978965640068">
        <ele>22.434999999999999</ele>
        <time>2022-05-22T09:50:55Z</time>
      </trkpt>
      <trkpt lat="28.56783396564424" lon="-16.253005033358932">
        <ele>22.794</ele>
        <time>2022-05-22T09:51:00Z</time>
      </trkpt>
      <trkpt lat="28.567814016714692" lon="-16.253016013652086">
        <ele>22.867000000000001</ele>
        <time>2022-05-22T09:51:04Z</time>
      </trkpt>
      <trkpt lat="28.567814016714692" lon="-16.253039985895157">
        <ele>23.039000000000001</ele>
        <time>2022-05-22T09:51:08Z</time>
      </trkpt>
      <trkpt lat="28.567802030593157" lon="-16.253058006986976">
        <ele>23.210000000000001</ele>
        <time>2022-05-22T09:51:11Z</time>
      </trkpt>
      <trkpt lat="28.567794989794493" lon="-16.253077033907175">
        <ele>24.039999999999999</ele>
        <time>2022-05-22T09:51:15Z</time>
      </trkpt>
      <trkpt lat="28.567802030593157" lon="-16.253097988665104">
        <ele>24.914000000000001</ele>
        <time>2022-05-22T09:51:18Z</time>
      </trkpt>
      <trkpt lat="28.567786021158099" lon="-16.2531119864434">
        <ele>25.484000000000002</ele>
        <time>2022-05-22T09:51:22Z</time>
      </trkpt>
      <trkpt lat="28.567770011723042" lon="-16.253124978393316">
        <ele>26.151</ele>
        <time>2022-05-22T09:51:27Z</time>
      </trkpt>
      <trkpt lat="28.567754002287984" lon="-16.253138976171613">
        <ele>26.872</ele>
        <time>2022-05-22T09:51:34Z</time>
      </trkpt>
      <trkpt lat="28.567757019773126" lon="-16.253164960071445">
        <ele>27.913</ele>
        <time>2022-05-22T09:51:37Z</time>
      </trkpt>
      <trkpt lat="28.567749978974462" lon="-16.253185998648405">
        <ele>28.814</ele>
        <time>2022-05-22T09:51:40Z</time>
      </trkpt>
      <trkpt lat="28.567741010338068" lon="-16.253203013911843">
        <ele>29.509</ele>
        <time>2022-05-22T09:51:43Z</time>
      </trkpt>
      <trkpt lat="28.567737992852926" lon="-16.253223968669772">
        <ele>30.417999999999999</ele>
        <time>2022-05-22T09:51:48Z</time>
      </trkpt>
      <trkpt lat="28.567717960104346" lon="-16.253230003640056">
        <ele>30.786999999999999</ele>
        <time>2022-05-22T09:51:51Z</time>
      </trkpt>
      <trkpt lat="28.567695999518037" lon="-16.253237966448069">
        <ele>31.16</ele>
        <time>2022-05-22T09:51:59Z</time>
      </trkpt>
      <trkpt lat="28.567679990082979" lon="-16.253221035003662">
        <ele>30.562000000000001</ele>
        <time>2022-05-22T09:52:10Z</time>
      </trkpt>
      <trkpt lat="28.56766096316278" lon="-16.25321801751852">
        <ele>30.523</ele>
        <time>2022-05-22T09:52:14Z</time>
      </trkpt>
      <trkpt lat="28.567645037546754" lon="-16.253234026953578">
        <ele>31.132999999999999</ele>
        <time>2022-05-22T09:52:20Z</time>
      </trkpt>
      <trkpt lat="28.567650988698006" lon="-16.253253975883126">
        <ele>31.847000000000001</ele>
        <time>2022-05-22T09:52:25Z</time>
      </trkpt>
      <trkpt lat="28.567621987313032" lon="-16.253257999196649">
        <ele>31.927</ele>
        <time>2022-05-22T09:52:33Z</time>
      </trkpt>
      <trkpt lat="28.567610001191497" lon="-16.253277026116848">
        <ele>32.673999999999999</ele>
        <time>2022-05-22T09:52:37Z</time>
      </trkpt>
      <trkpt lat="28.567602960392833" lon="-16.253295969218016">
        <ele>33.219000000000001</ele>
        <time>2022-05-22T09:52:40Z</time>
      </trkpt>
      <trkpt lat="28.567593991756439" lon="-16.253314996138215">
        <ele>33.808999999999997</ele>
        <time>2022-05-22T09:52:43Z</time>
      </trkpt>
      <trkpt lat="28.567593991756439" lon="-16.253338968381286">
        <ele>34.619</ele>
        <time>2022-05-22T09:52:48Z</time>
      </trkpt>
      <trkpt lat="28.567573959007859" lon="-16.253337962552905">
        <ele>34.509</ele>
        <time>2022-05-22T09:52:51Z</time>
      </trkpt>
      <trkpt lat="28.567564990371466" lon="-16.253360006958246">
        <ele>35.362000000000002</ele>
        <time>2022-05-22T09:52:55Z</time>
      </trkpt>
      <trkpt lat="28.567561972886324" lon="-16.253383979201317">
        <ele>36.271000000000001</ele>
        <time>2022-05-22T09:52:58Z</time>
      </trkpt>
      <trkpt lat="28.567558033391833" lon="-16.253405017778277">
        <ele>37.064</ele>
        <time>2022-05-22T09:53:00Z</time>
      </trkpt>
      <trkpt lat="28.56755199842155" lon="-16.253423960879445">
        <ele>37.826000000000001</ele>
        <time>2022-05-22T09:53:04Z</time>
      </trkpt>
      <trkpt lat="28.56755199842155" lon="-16.253446005284786">
        <ele>38.667000000000002</ele>
        <time>2022-05-22T09:53:08Z</time>
      </trkpt>
      <trkpt lat="28.567539006471634" lon="-16.253462014719844">
        <ele>39.277000000000001</ele>
        <time>2022-05-22T09:53:14Z</time>
      </trkpt>
      <trkpt lat="28.567535988986492" lon="-16.253482969477773">
        <ele>40.121000000000002</ele>
        <time>2022-05-22T09:53:17Z</time>
      </trkpt>
      <trkpt lat="28.56753003783524" lon="-16.253506019711494">
        <ele>40.960999999999999</ele>
        <time>2022-05-22T09:53:21Z</time>
      </trkpt>
      <trkpt lat="28.567522997036576" lon="-16.253525968641043">
        <ele>41.738</ele>
        <time>2022-05-22T09:53:24Z</time>
      </trkpt>
      <trkpt lat="28.567522997036576" lon="-16.253547007218003">
        <ele>42.514000000000003</ele>
        <time>2022-05-22T09:53:26Z</time>
      </trkpt>
      <trkpt lat="28.567522997036576" lon="-16.253570979461074">
        <ele>43.554000000000002</ele>
        <time>2022-05-22T09:53:29Z</time>
      </trkpt>
      <trkpt lat="28.567516962066293" lon="-16.253594029694796">
        <ele>44.408999999999999</ele>
        <time>2022-05-22T09:53:33Z</time>
      </trkpt>
      <trkpt lat="28.567519979551435" lon="-16.253615990281105">
        <ele>45.209000000000003</ele>
        <time>2022-05-22T09:53:40Z</time>
      </trkpt>
      <trkpt lat="28.567526014521718" lon="-16.253637028858066">
        <ele>45.991999999999997</ele>
        <time>2022-05-22T09:53:43Z</time>
      </trkpt>
      <trkpt lat="28.567482009530067" lon="-16.253671981394291">
        <ele>46.761000000000003</ele>
        <time>2022-05-22T09:54:26Z</time>
      </trkpt>
      <trkpt lat="28.567498018965125" lon="-16.253696037456393">
        <ele>47.723999999999997</ele>
        <time>2022-05-22T09:54:28Z</time>
      </trkpt>
      <trkpt lat="28.56751000508666" lon="-16.253720009699464">
        <ele>48.536000000000001</ele>
        <time>2022-05-22T09:54:30Z</time>
      </trkpt>
      <trkpt lat="28.567506987601519" lon="-16.253745993599296">
        <ele>49.487000000000002</ele>
        <time>2022-05-22T09:54:32Z</time>
      </trkpt>
      <trkpt lat="28.567506987601519" lon="-16.253770971670747">
        <ele>50.267000000000003</ele>
        <time>2022-05-22T09:54:34Z</time>
      </trkpt>
      <trkpt lat="28.567501036450267" lon="-16.253789998590946">
        <ele>50.850999999999999</ele>
        <time>2022-05-22T09:54:36Z</time>
      </trkpt>
      <trkpt lat="28.567493995651603" lon="-16.253812965005636">
        <ele>51.441000000000003</ele>
        <time>2022-05-22T09:54:39Z</time>
      </trkpt>
      <trkpt lat="28.567485027015209" lon="-16.253831991925836">
        <ele>51.957999999999998</ele>
        <time>2022-05-22T09:54:42Z</time>
      </trkpt>
      <trkpt lat="28.567477986216545" lon="-16.253851018846035">
        <ele>52.427999999999997</ele>
        <time>2022-05-22T09:54:45Z</time>
      </trkpt>
      <trkpt lat="28.567469017580152" lon="-16.253878008574247">
        <ele>53.189</ele>
        <time>2022-05-22T09:54:48Z</time>
      </trkpt>
      <trkpt lat="28.56746600009501" lon="-16.253901980817318">
        <ele>53.716999999999999</ele>
        <time>2022-05-22T09:54:51Z</time>
      </trkpt>
      <trkpt lat="28.56744596734643" lon="-16.253923019394279">
        <ele>53.908999999999999</ele>
        <time>2022-05-22T09:54:55Z</time>
      </trkpt>
      <trkpt lat="28.56744303368032" lon="-16.253943974152207">
        <ele>54.482999999999997</ele>
        <time>2022-05-22T09:54:58Z</time>
      </trkpt>
      <trkpt lat="28.56744303368032" lon="-16.253965012729168">
        <ele>54.951999999999998</ele>
        <time>2022-05-22T09:55:00Z</time>
      </trkpt>
      <trkpt lat="28.567436998710036" lon="-16.253984039649367">
        <ele>55.335000000000001</ele>
        <time>2022-05-22T09:55:02Z</time>
      </trkpt>
      <trkpt lat="28.567430041730404" lon="-16.254004994407296">
        <ele>55.726999999999997</ele>
        <time>2022-05-22T09:55:04Z</time>
      </trkpt>
      <trkpt lat="28.567420989274979" lon="-16.254028966650367">
        <ele>56.118000000000002</ele>
        <time>2022-05-22T09:55:08Z</time>
      </trkpt>
      <trkpt lat="28.567420989274979" lon="-16.254051011055708">
        <ele>56.798000000000002</ele>
        <time>2022-05-22T09:55:12Z</time>
      </trkpt>
      <trkpt lat="28.567411014810205" lon="-16.254070037975907">
        <ele>57.091999999999999</ele>
        <time>2022-05-22T09:55:15Z</time>
      </trkpt>
      <trkpt lat="28.567414032295346" lon="-16.254090992733836">
        <ele>57.521999999999998</ele>
        <time>2022-05-22T09:55:18Z</time>
      </trkpt>
      <trkpt lat="28.567411014810205" lon="-16.254116976633668">
        <ele>58.179000000000002</ele>
        <time>2022-05-22T09:55:23Z</time>
      </trkpt>
      <trkpt lat="28.567414032295346" lon="-16.254138015210629">
        <ele>58.776000000000003</ele>
        <time>2022-05-22T09:55:26Z</time>
      </trkpt>
      <trkpt lat="28.567417971789837" lon="-16.25416299328208">
        <ele>59.490000000000002</ele>
        <time>2022-05-22T09:55:29Z</time>
      </trkpt>
      <trkpt lat="28.567411014810205" lon="-16.25418403185904">
        <ele>59.819000000000003</ele>
        <time>2022-05-22T09:55:32Z</time>
      </trkpt>
      <trkpt lat="28.567395005375147" lon="-16.254194006323814">
        <ele>59.808999999999997</ele>
        <time>2022-05-22T09:55:34Z</time>
      </trkpt>
      <trkpt lat="28.567378995940089" lon="-16.254202974960208">
        <ele>59.758000000000003</ele>
        <time>2022-05-22T09:55:36Z</time>
      </trkpt>
      <trkpt lat="28.567366003990173" lon="-16.254217978566885">
        <ele>59.817</ele>
        <time>2022-05-22T09:55:40Z</time>
      </trkpt>
      <trkpt lat="28.567343959584832" lon="-16.25422895886004">
        <ele>59.649999999999999</ele>
        <time>2022-05-22T09:55:45Z</time>
      </trkpt>
      <trkpt lat="28.567325016483665" lon="-16.254231976345181">
        <ele>59.381999999999998</ele>
        <time>2022-05-22T09:55:49Z</time>
      </trkpt>
      <trkpt lat="28.567309007048607" lon="-16.254247985780239">
        <ele>59.332999999999998</ele>
        <time>2022-05-22T09:55:55Z</time>
      </trkpt>
      <trkpt lat="28.567286040633917" lon="-16.254253014922142">
        <ele>58.942999999999998</ele>
        <time>2022-05-22T09:55:59Z</time>
      </trkpt>
      <trkpt lat="28.56727397069335" lon="-16.254267012700438">
        <ele>58.987000000000002</ele>
        <time>2022-05-22T09:56:05Z</time>
      </trkpt>
      <trkpt lat="28.567254021763802" lon="-16.254286039620638">
        <ele>58.957000000000001</ele>
        <time>2022-05-22T09:56:10Z</time>
      </trkpt>
      <trkpt lat="28.567247986793518" lon="-16.254306994378567">
        <ele>59.173999999999999</ele>
        <time>2022-05-22T09:56:12Z</time>
      </trkpt>
      <trkpt lat="28.567238012328744" lon="-16.254328032955527">
        <ele>59.334000000000003</ele>
        <time>2022-05-22T09:56:14Z</time>
      </trkpt>
      <trkpt lat="28.567228959873319" lon="-16.25435502268374">
        <ele>59.655000000000001</ele>
        <time>2022-05-22T09:56:16Z</time>
      </trkpt>
      <trkpt lat="28.567222002893686" lon="-16.254381006583571">
        <ele>59.909999999999997</ele>
        <time>2022-05-22T09:56:17Z</time>
      </trkpt>
      <trkpt lat="28.567210016772151" lon="-16.254418976604939">
        <ele>60.209000000000003</ele>
        <time>2022-05-22T09:56:19Z</time>
      </trkpt>
      <trkpt lat="28.567197024822235" lon="-16.254438003525138">
        <ele>60.213999999999999</ele>
        <time>2022-05-22T09:56:20Z</time>
      </trkpt>
      <trkpt lat="28.567189984023571" lon="-16.254469016566873">
        <ele>61.063000000000002</ele>
        <time>2022-05-22T09:56:22Z</time>
      </trkpt>
      <trkpt lat="28.567181015387177" lon="-16.254486031830311">
        <ele>61.366</ele>
        <time>2022-05-22T09:56:24Z</time>
      </trkpt>
      <trkpt lat="28.56716500595212" lon="-16.25450698658824">
        <ele>61.628</ele>
        <time>2022-05-22T09:56:26Z</time>
      </trkpt>
      <trkpt lat="28.56714597903192" lon="-16.254530036821961">
        <ele>61.999000000000002</ele>
        <time>2022-05-22T09:56:28Z</time>
      </trkpt>
      <trkpt lat="28.567129969596863" lon="-16.254561971873045">
        <ele>62.529000000000003</ele>
        <time>2022-05-22T09:56:30Z</time>
      </trkpt>
      <trkpt lat="28.567126030102372" lon="-16.254589967429638">
        <ele>63.363</ele>
        <time>2022-05-22T09:56:32Z</time>
      </trkpt>
      <trkpt lat="28.567119995132089" lon="-16.25461402349174">
        <ele>63.933</ele>
        <time>2022-05-22T09:56:34Z</time>
      </trkpt>
      <trkpt lat="28.567103985697031" lon="-16.254643024876714">
        <ele>64.519999999999996</ele>
        <time>2022-05-22T09:56:37Z</time>
      </trkpt>
      <trkpt lat="28.567087976261973" lon="-16.25465601682663">
        <ele>64.581999999999994</ele>
        <time>2022-05-22T09:56:39Z</time>
      </trkpt>
      <trkpt lat="28.567066015675664" lon="-16.254674959927797">
        <ele>64.543000000000006</ele>
        <time>2022-05-22T09:56:41Z</time>
      </trkpt>
      <trkpt lat="28.56705604121089" lon="-16.254702033475041">
        <ele>65.216999999999999</ele>
        <time>2022-05-22T09:56:43Z</time>
      </trkpt>
      <trkpt lat="28.567053023725748" lon="-16.25472298823297">
        <ele>65.808999999999997</ele>
        <time>2022-05-22T09:56:45Z</time>
      </trkpt>
      <trkpt lat="28.567042965441942" lon="-16.254746960476041">
        <ele>66.558999999999997</ele>
        <time>2022-05-22T09:56:48Z</time>
      </trkpt>
      <trkpt lat="28.56703701429069" lon="-16.254778979346156">
        <ele>67.617999999999995</ele>
        <time>2022-05-22T09:56:51Z</time>
      </trkpt>
      <trkpt lat="28.567029973492026" lon="-16.254803035408258">
        <ele>68.561000000000007</ele>
        <time>2022-05-22T09:56:53Z</time>
      </trkpt>
      <trkpt lat="28.567021004855633" lon="-16.254832036793232">
        <ele>69.533000000000001</ele>
        <time>2022-05-22T09:56:56Z</time>
      </trkpt>
      <trkpt lat="28.567013964056969" lon="-16.254852991551161">
        <ele>70.213999999999999</ele>
        <time>2022-05-22T09:56:59Z</time>
      </trkpt>
      <trkpt lat="28.567011030390859" lon="-16.254877969622612">
        <ele>71.194000000000003</ele>
        <time>2022-05-22T09:57:05Z</time>
      </trkpt>
      <trkpt lat="28.566998038440943" lon="-16.254904037341475">
        <ele>72.028000000000006</ele>
        <time>2022-05-22T09:57:09Z</time>
      </trkpt>
      <trkpt lat="28.566992003470659" lon="-16.254924992099404">
        <ele>72.768000000000001</ele>
        <time>2022-05-22T09:57:14Z</time>
      </trkpt>
      <trkpt lat="28.566979011520743" lon="-16.254946030676365">
        <ele>73.314999999999998</ele>
        <time>2022-05-22T09:57:18Z</time>
      </trkpt>
      <trkpt lat="28.566969959065318" lon="-16.254967991262674">
        <ele>74.131</ele>
        <time>2022-05-22T09:57:21Z</time>
      </trkpt>
      <trkpt lat="28.56697297655046" lon="-16.254996992647648">
        <ele>75.460999999999999</ele>
        <time>2022-05-22T09:57:24Z</time>
      </trkpt>
      <trkpt lat="28.566975994035602" lon="-16.255026999861002">
        <ele>76.807000000000002</ele>
        <time>2022-05-22T09:57:28Z</time>
      </trkpt>
      <trkpt lat="28.56697297655046" lon="-16.255048038437963">
        <ele>77.808999999999997</ele>
        <time>2022-05-22T09:57:31Z</time>
      </trkpt>
      <trkpt lat="28.566969959065318" lon="-16.255069999024272">
        <ele>78.823999999999998</ele>
        <time>2022-05-22T09:57:34Z</time>
      </trkpt>
      <trkpt lat="28.566966019570827" lon="-16.255091037601233">
        <ele>79.783000000000001</ele>
        <time>2022-05-22T09:57:36Z</time>
      </trkpt>
      <trkpt lat="28.566946992650628" lon="-16.25510604120791">
        <ele>80.055999999999997</ele>
        <time>2022-05-22T09:57:38Z</time>
      </trkpt>
      <trkpt lat="28.56693098321557" lon="-16.25513001345098">
        <ele>80.878</ele>
        <time>2022-05-22T09:57:41Z</time>
      </trkpt>
      <trkpt lat="28.566914973780513" lon="-16.255144011229277">
        <ele>81.099000000000004</ele>
        <time>2022-05-22T09:57:44Z</time>
      </trkpt>
      <trkpt lat="28.566889995709062" lon="-16.255154991522431">
        <ele>80.929000000000002</ele>
        <time>2022-05-22T09:57:47Z</time>
      </trkpt>
      <trkpt lat="28.566877003759146" lon="-16.255176030099392">
        <ele>81.543000000000006</ele>
        <time>2022-05-22T09:57:49Z</time>
      </trkpt>
      <trkpt lat="28.566867029294372" lon="-16.255196984857321">
        <ele>82.173000000000002</ele>
        <time>2022-05-22T09:57:52Z</time>
      </trkpt>
      <trkpt lat="28.566860994324088" lon="-16.255221040919423">
        <ele>82.959999999999994</ele>
        <time>2022-05-22T09:57:55Z</time>
      </trkpt>
      <trkpt lat="28.566851019859314" lon="-16.255246018990874">
        <ele>83.792000000000002</ele>
        <time>2022-05-22T09:57:59Z</time>
      </trkpt>
      <trkpt lat="28.566848002374172" lon="-16.255272002890706">
        <ele>84.673000000000002</ele>
        <time>2022-05-22T09:58:03Z</time>
      </trkpt>
      <trkpt lat="28.566838027909398" lon="-16.255298992618918">
        <ele>85.420000000000002</ele>
        <time>2022-05-22T09:58:10Z</time>
      </trkpt>
      <trkpt lat="28.566838027909398" lon="-16.255320031195879">
        <ele>86.308999999999997</ele>
        <time>2022-05-22T09:58:14Z</time>
      </trkpt>
      <trkpt lat="28.566841967403889" lon="-16.255341991782188">
        <ele>87.489999999999995</ele>
        <time>2022-05-22T09:58:19Z</time>
      </trkpt>
      <trkpt lat="28.566838027909398" lon="-16.255363030359149">
        <ele>88.188999999999993</ele>
        <time>2022-05-22T09:58:24Z</time>
      </trkpt>
      <trkpt lat="28.566831992939115" lon="-16.255381973460317">
        <ele>88.742000000000004</ele>
        <time>2022-05-22T09:58:26Z</time>
      </trkpt>
      <trkpt lat="28.56682201847434" lon="-16.255402006208897">
        <ele>89.244</ele>
        <time>2022-05-22T09:58:30Z</time>
      </trkpt>
      <trkpt lat="28.566828975453973" lon="-16.255422038957477">
        <ele>90.355000000000004</ele>
        <time>2022-05-22T09:58:32Z</time>
      </trkpt>
      <trkpt lat="28.566819000989199" lon="-16.255442993715405">
        <ele>90.814999999999998</ele>
        <time>2022-05-22T09:58:36Z</time>
      </trkpt>
      <trkpt lat="28.566812966018915" lon="-16.255464032292366">
        <ele>91.558999999999997</ele>
        <time>2022-05-22T09:58:40Z</time>
      </trkpt>
      <trkpt lat="28.566812966018915" lon="-16.255484987050295">
        <ele>92.358999999999995</ele>
        <time>2022-05-22T09:58:44Z</time>
      </trkpt>
      <trkpt lat="28.566806009039283" lon="-16.255508959293365">
        <ele>93.186000000000007</ele>
        <time>2022-05-22T09:58:51Z</time>
      </trkpt>
      <trkpt lat="28.566799974068999" lon="-16.255529997870326">
        <ele>93.771000000000001</ele>
        <time>2022-05-22T09:58:56Z</time>
      </trkpt>
      <trkpt lat="28.566786982119083" lon="-16.255547013133764">
        <ele>94.040999999999997</ele>
        <time>2022-05-22T09:59:00Z</time>
      </trkpt>
      <trkpt lat="28.56677801348269" lon="-16.255567967891693">
        <ele>94.415000000000006</ele>
        <time>2022-05-22T09:59:04Z</time>
      </trkpt>
      <trkpt lat="28.56677801348269" lon="-16.255590012297034">
        <ele>95.209000000000003</ele>
        <time>2022-05-22T09:59:06Z</time>
      </trkpt>
      <trkpt lat="28.566765021532774" lon="-16.255608033388853">
        <ele>95.438000000000002</ele>
        <time>2022-05-22T09:59:10Z</time>
      </trkpt>
      <trkpt lat="28.566752029582858" lon="-16.255629993975163">
        <ele>95.637</ele>
        <time>2022-05-22T09:59:14Z</time>
      </trkpt>
      <trkpt lat="28.566739037632942" lon="-16.25564600341022">
        <ele>95.719999999999999</ele>
        <time>2022-05-22T09:59:17Z</time>
      </trkpt>
      <trkpt lat="28.566729985177517" lon="-16.2556660361588">
        <ele>96.042000000000002</ele>
        <time>2022-05-22T09:59:20Z</time>
      </trkpt>
      <trkpt lat="28.566707018762827" lon="-16.255682967603207">
        <ele>95.722999999999999</ele>
        <time>2022-05-22T09:59:24Z</time>
      </trkpt>
      <trkpt lat="28.566687991842628" lon="-16.25568799674511">
        <ele>95.123000000000005</ele>
        <time>2022-05-22T09:59:27Z</time>
      </trkpt>
      <trkpt lat="28.566668964922428" lon="-16.255706017836928">
        <ele>95.076999999999998</ele>
        <time>2022-05-22T09:59:29Z</time>
      </trkpt>
      <trkpt lat="28.566658990457654" lon="-16.255725966766477">
        <ele>95.346999999999994</ele>
        <time>2022-05-22T09:59:31Z</time>
      </trkpt>
      <trkpt lat="28.566653039306402" lon="-16.255749017000198">
        <ele>95.944000000000003</ele>
        <time>2022-05-22T09:59:34Z</time>
      </trkpt>
      <trkpt lat="28.566642981022596" lon="-16.255779024213552">
        <ele>96.528000000000006</ele>
        <time>2022-05-22T09:59:37Z</time>
      </trkpt>
      <trkpt lat="28.566639963537455" lon="-16.255806013941765">
        <ele>97.388999999999996</ele>
        <time>2022-05-22T09:59:40Z</time>
      </trkpt>
      <trkpt lat="28.566639963537455" lon="-16.255826968699694">
        <ele>97.917000000000002</ele>
        <time>2022-05-22T09:59:44Z</time>
      </trkpt>
      <trkpt lat="28.566634012386203" lon="-16.255848007276654">
        <ele>98.608999999999995</ele>
        <time>2022-05-22T09:59:47Z</time>
      </trkpt>
      <trkpt lat="28.566626971587539" lon="-16.255867034196854">
        <ele>99.153000000000006</ele>
        <time>2022-05-22T09:59:52Z</time>
      </trkpt>
      <trkpt lat="28.566613979637623" lon="-16.255884971469641">
        <ele>99.432000000000002</ele>
        <time>2022-05-22T09:59:55Z</time>
      </trkpt>
      <trkpt lat="28.566605011001229" lon="-16.25590399838984">
        <ele>99.974999999999994</ele>
        <time>2022-05-22T09:59:58Z</time>
      </trkpt>
      <trkpt lat="28.566601993516088" lon="-16.255925036966801">
        <ele>100.667</ele>
        <time>2022-05-22T10:00:02Z</time>
      </trkpt>
      <trkpt lat="28.566601993516088" lon="-16.25594599172473">
        <ele>101.55800000000001</ele>
        <time>2022-05-22T10:00:05Z</time>
      </trkpt>
      <trkpt lat="28.566595036536455" lon="-16.25596602447331">
        <ele>102.068</ele>
        <time>2022-05-22T10:00:09Z</time>
      </trkpt>
      <trkpt lat="28.566579027101398" lon="-16.255978010594845">
        <ele>101.952</ele>
        <time>2022-05-22T10:00:13Z</time>
      </trkpt>
      <trkpt lat="28.566569974645972" lon="-16.256002988666296">
        <ele>102.66200000000001</ele>
        <time>2022-05-22T10:00:17Z</time>
      </trkpt>
      <trkpt lat="28.566572992131114" lon="-16.256026038900018">
        <ele>103.669</ele>
        <time>2022-05-22T10:00:21Z</time>
      </trkpt>
      <trkpt lat="28.566553965210915" lon="-16.256037019193172">
        <ele>103.31100000000001</ele>
        <time>2022-05-22T10:00:26Z</time>
      </trkpt>
      <trkpt lat="28.566547008231282" lon="-16.25605596229434">
        <ele>103.721</ele>
        <time>2022-05-22T10:00:29Z</time>
      </trkpt>
      <trkpt lat="28.566553965210915" lon="-16.25607498921454">
        <ele>104.703</ele>
        <time>2022-05-22T10:00:34Z</time>
      </trkpt>
      <trkpt lat="28.566547008231282" lon="-16.256098039448261">
        <ele>105.309</ele>
        <time>2022-05-22T10:00:39Z</time>
      </trkpt>
      <trkpt lat="28.566540973260999" lon="-16.256116982549429">
        <ele>105.91200000000001</ele>
        <time>2022-05-22T10:00:42Z</time>
      </trkpt>
      <trkpt lat="28.56654399074614" lon="-16.25613802112639">
        <ele>107.051</ele>
        <time>2022-05-22T10:00:45Z</time>
      </trkpt>
      <trkpt lat="28.566550025716424" lon="-16.256157970055938">
        <ele>108.23399999999999</ele>
        <time>2022-05-22T10:00:47Z</time>
      </trkpt>
      <trkpt lat="28.566538039594889" lon="-16.256184037774801">
        <ele>108.946</ele>
        <time>2022-05-22T10:00:51Z</time>
      </trkpt>
      <trkpt lat="28.566527981311083" lon="-16.256210021674633">
        <ele>109.857</ele>
        <time>2022-05-22T10:00:55Z</time>
      </trkpt>
      <trkpt lat="28.566511971876025" lon="-16.256227036938071">
        <ele>110.117</ele>
        <time>2022-05-22T10:00:59Z</time>
      </trkpt>
      <trkpt lat="28.566493028774858" lon="-16.256231982260942">
        <ele>109.661</ele>
        <time>2022-05-22T10:01:03Z</time>
      </trkpt>
      <trkpt lat="28.566482970491052" lon="-16.256250003352761">
        <ele>110.241</ele>
        <time>2022-05-22T10:01:05Z</time>
      </trkpt>
      <trkpt lat="28.566480036824942" lon="-16.256271963939071">
        <ele>111.328</ele>
        <time>2022-05-22T10:01:08Z</time>
      </trkpt>
      <trkpt lat="28.566464027389884" lon="-16.256282022222877">
        <ele>111.363</ele>
        <time>2022-05-22T10:01:10Z</time>
      </trkpt>
      <trkpt lat="28.566474001854658" lon="-16.256305994465947">
        <ele>112.84399999999999</ele>
        <time>2022-05-22T10:01:13Z</time>
      </trkpt>
      <trkpt lat="28.566485987976193" lon="-16.256341030821204">
        <ele>115.018</ele>
        <time>2022-05-22T10:01:15Z</time>
      </trkpt>
      <trkpt lat="28.566501997411251" lon="-16.256362991407514">
        <ele>116.509</ele>
        <time>2022-05-22T10:01:18Z</time>
      </trkpt>
      <trkpt lat="28.566511971876025" lon="-16.256384029984474">
        <ele>117.98699999999999</ele>
        <time>2022-05-22T10:01:21Z</time>
      </trkpt>
      <trkpt lat="28.566524963825941" lon="-16.256401967257261">
        <ele>119.226</ele>
        <time>2022-05-22T10:01:25Z</time>
      </trkpt>
      <trkpt lat="28.566495962440968" lon="-16.256402973085642">
        <ele>118.529</ele>
        <time>2022-05-22T10:01:29Z</time>
      </trkpt>
      <trkpt lat="28.566493028774858" lon="-16.256426023319364">
        <ele>119.821</ele>
        <time>2022-05-22T10:01:33Z</time>
      </trkpt>
      <trkpt lat="28.566480036824942" lon="-16.256443038582802">
        <ele>120.562</ele>
        <time>2022-05-22T10:01:35Z</time>
      </trkpt>
      <trkpt lat="28.566464027389884" lon="-16.256461981683969">
        <ele>121.38200000000001</ele>
        <time>2022-05-22T10:01:39Z</time>
      </trkpt>
      <trkpt lat="28.566461009904742" lon="-16.256485031917691">
        <ele>122.736</ele>
        <time>2022-05-22T10:01:43Z</time>
      </trkpt>
      <trkpt lat="28.566464027389884" lon="-16.25650598667562">
        <ele>124.056</ele>
        <time>2022-05-22T10:01:47Z</time>
      </trkpt>
      <trkpt lat="28.566480036824942" lon="-16.256525013595819">
        <ele>125.593</ele>
        <time>2022-05-22T10:01:53Z</time>
      </trkpt>
      <trkpt lat="28.566469978541136" lon="-16.256544040516019">
        <ele>126.455</ele>
        <time>2022-05-22T10:01:58Z</time>
      </trkpt>
      <trkpt lat="28.566469978541136" lon="-16.256570024415851">
        <ele>128.00700000000001</ele>
        <time>2022-05-22T10:02:02Z</time>
      </trkpt>
      <trkpt lat="28.566482970491052" lon="-16.25659198500216">
        <ele>129.517</ele>
        <time>2022-05-22T10:02:04Z</time>
      </trkpt>
      <trkpt lat="28.566482970491052" lon="-16.256613023579121">
        <ele>130.809</ele>
        <time>2022-05-22T10:02:07Z</time>
      </trkpt>
      <trkpt lat="28.566485987976193" lon="-16.256636995822191">
        <ele>132.32599999999999</ele>
        <time>2022-05-22T10:02:09Z</time>
      </trkpt>
      <trkpt lat="28.566469978541136" lon="-16.256663985550404">
        <ele>133.77500000000001</ele>
        <time>2022-05-22T10:02:13Z</time>
      </trkpt>
      <trkpt lat="28.566453969106078" lon="-16.256682006642222">
        <ele>134.648</ele>
        <time>2022-05-22T10:02:15Z</time>
      </trkpt>
      <trkpt lat="28.566453969106078" lon="-16.256714025512338">
        <ele>136.68000000000001</ele>
        <time>2022-05-22T10:02:17Z</time>
      </trkpt>
      <trkpt lat="28.5664579924196" lon="-16.256744032725692">
        <ele>138.541</ele>
        <time>2022-05-22T10:02:21Z</time>
      </trkpt>
      <trkpt lat="28.566453969106078" lon="-16.256764987483621">
        <ele>139.71100000000001</ele>
        <time>2022-05-22T10:02:25Z</time>
      </trkpt>
      <trkpt lat="28.566464027389884" lon="-16.256794994696975">
        <ele>141.77500000000001</ele>
        <time>2022-05-22T10:02:27Z</time>
      </trkpt>
      <trkpt lat="28.566480036824942" lon="-16.256809998303652">
        <ele>143.11500000000001</ele>
        <time>2022-05-22T10:02:32Z</time>
      </trkpt>
      <trkpt lat="28.566485987976193" lon="-16.256833970546722">
        <ele>144.87200000000001</ele>
        <time>2022-05-22T10:02:34Z</time>
      </trkpt>
      <trkpt lat="28.566474001854658" lon="-16.256858026608825">
        <ele>145.941</ele>
        <time>2022-05-22T10:02:37Z</time>
      </trkpt>
      <trkpt lat="28.566480036824942" lon="-16.256877975538373">
        <ele>147.48099999999999</ele>
        <time>2022-05-22T10:02:39Z</time>
      </trkpt>
      <trkpt lat="28.566495962440968" lon="-16.256898008286953">
        <ele>149.209</ele>
        <time>2022-05-22T10:02:41Z</time>
      </trkpt>
      <trkpt lat="28.566506020724773" lon="-16.256917035207152">
        <ele>150.809</ele>
        <time>2022-05-22T10:02:45Z</time>
      </trkpt>
      <trkpt lat="28.566501997411251" lon="-16.256941007450223">
        <ele>152.32499999999999</ele>
        <time>2022-05-22T10:02:52Z</time>
      </trkpt>
      <trkpt lat="28.566495962440968" lon="-16.256967997178435">
        <ele>156.92400000000001</ele>
        <time>2022-05-22T10:02:55Z</time>
      </trkpt>
      <trkpt lat="28.566493028774858" lon="-16.256990041583776">
        <ele>161.297</ele>
        <time>2022-05-22T10:02:57Z</time>
      </trkpt>
      <trkpt lat="28.566498979926109" lon="-16.257018959149718">
        <ele>167.26900000000001</ele>
        <time>2022-05-22T10:02:59Z</time>
      </trkpt>
      <trkpt lat="28.566518006846309" lon="-16.257039997726679">
        <ele>172.13999999999999</ele>
        <time>2022-05-22T10:03:03Z</time>
      </trkpt>
      <trkpt lat="28.566522030159831" lon="-16.257068999111652">
        <ele>178.00999999999999</ele>
        <time>2022-05-22T10:03:07Z</time>
      </trkpt>
      <trkpt lat="28.566514989361167" lon="-16.257088026031852">
        <ele>181.56399999999999</ele>
        <time>2022-05-22T10:03:10Z</time>
      </trkpt>
      <trkpt lat="28.566522030159831" lon="-16.257108980789781">
        <ele>185.98400000000001</ele>
        <time>2022-05-22T10:03:15Z</time>
      </trkpt>
      <trkpt lat="28.566530998796225" lon="-16.257125996053219">
        <ele>189.661</ele>
        <time>2022-05-22T10:03:19Z</time>
      </trkpt>
      <trkpt lat="28.566534016281366" lon="-16.257149968296289">
        <ele>194.46799999999999</ele>
        <time>2022-05-22T10:03:22Z</time>
      </trkpt>
      <trkpt lat="28.56654399074614" lon="-16.257177963852882">
        <ele>200.34200000000001</ele>
        <time>2022-05-22T10:03:26Z</time>
      </trkpt>
      <trkpt lat="28.566540973260999" lon="-16.257205959409475">
        <ele>205.726</ele>
        <time>2022-05-22T10:03:31Z</time>
      </trkpt>
      <trkpt lat="28.566530998796225" lon="-16.257226997986436">
        <ele>209.40899999999999</ele>
        <time>2022-05-22T10:03:33Z</time>
      </trkpt>
      <trkpt lat="28.566534016281366" lon="-16.257258011028171">
        <ele>214.46700000000001</ele>
        <time>2022-05-22T10:03:36Z</time>
      </trkpt>
      <trkpt lat="28.566534016281366" lon="-16.257277959957719">
        <ele>217.61600000000001</ele>
        <time>2022-05-22T10:03:38Z</time>
      </trkpt>
      <trkpt lat="28.566547008231282" lon="-16.257293969392776">
        <ele>220.01900000000001</ele>
        <time>2022-05-22T10:03:40Z</time>
      </trkpt>
      <trkpt lat="28.566560000181198" lon="-16.257309978827834">
        <ele>222.11099999999999</ele>
        <time>2022-05-22T10:03:44Z</time>
      </trkpt>
      <trkpt lat="28.56656301766634" lon="-16.257334034889936">
        <ele>225.44200000000001</ele>
        <time>2022-05-22T10:03:51Z</time>
      </trkpt>
      <trkpt lat="28.566569974645972" lon="-16.257357001304626">
        <ele>228.34200000000001</ele>
        <time>2022-05-22T10:03:53Z</time>
      </trkpt>
      <trkpt lat="28.566576009616256" lon="-16.257378039881587">
        <ele>230.876</ele>
        <time>2022-05-22T10:03:57Z</time>
      </trkpt>
      <trkpt lat="28.566581960767508" lon="-16.257396982982755">
        <ele>232.93600000000001</ele>
        <time>2022-05-22T10:04:00Z</time>
      </trkpt>
      <trkpt lat="28.56658598408103" lon="-16.257423972710967">
        <ele>236.03299999999999</ele>
        <time>2022-05-22T10:04:07Z</time>
      </trkpt>
      <trkpt lat="28.566560000181198" lon="-16.257426990196109">
        <ele>238.98500000000001</ele>
        <time>2022-05-22T10:04:14Z</time>
      </trkpt>
      <trkpt lat="28.566553965210915" lon="-16.257446017116308">
        <ele>242.38900000000001</ele>
        <time>2022-05-22T10:04:25Z</time>
      </trkpt>
      <trkpt lat="28.566560000181198" lon="-16.257466971874237">
        <ele>244.61699999999999</ele>
        <time>2022-05-22T10:04:30Z</time>
      </trkpt>
      <trkpt lat="28.566550025716424" lon="-16.257488010451198">
        <ele>249.00899999999999</ele>
        <time>2022-05-22T10:04:40Z</time>
      </trkpt>
      <trkpt lat="28.566530998796225" lon="-16.257493039593101">
        <ele>252.47900000000001</ele>
        <time>2022-05-22T10:04:48Z</time>
      </trkpt>
      <trkpt lat="28.566514989361167" lon="-16.257504019886255">
        <ele>255.75800000000001</ele>
        <time>2022-05-22T10:04:56Z</time>
      </trkpt>
      <trkpt lat="28.566527981311083" lon="-16.257520029321313">
        <ele>253.23099999999999</ele>
        <time>2022-05-22T10:05:00Z</time>
      </trkpt>
      <trkpt lat="28.56654399074614" lon="-16.257530003786087">
        <ele>250.66300000000001</ele>
        <time>2022-05-22T10:05:04Z</time>
      </trkpt>
      <trkpt lat="28.566547008231282" lon="-16.257553976029158">
        <ele>249.434</ele>
        <time>2022-05-22T10:05:09Z</time>
      </trkpt>
      <trkpt lat="28.56654399074614" lon="-16.257574008777738">
        <ele>249.06399999999999</ele>
        <time>2022-05-22T10:05:14Z</time>
      </trkpt>
      <trkpt lat="28.566553965210915" lon="-16.257592029869556">
        <ele>247.21799999999999</ele>
        <time>2022-05-22T10:05:19Z</time>
      </trkpt>
      <trkpt lat="28.566530998796225" lon="-16.257596975192428">
        <ele>249.858</ele>
        <time>2022-05-22T10:05:27Z</time>
      </trkpt>
      <trkpt lat="28.566509038209915" lon="-16.257597981020808">
        <ele>252.345</ele>
        <time>2022-05-22T10:05:31Z</time>
      </trkpt>
      <trkpt lat="28.566511971876025" lon="-16.25762396492064">
        <ele>250.96799999999999</ele>
        <time>2022-05-22T10:05:37Z</time>
      </trkpt>
      <trkpt lat="28.566530998796225" lon="-16.257641986012459">
        <ele>248.042</ele>
        <time>2022-05-22T10:05:40Z</time>
      </trkpt>
      <trkpt lat="28.566540973260999" lon="-16.257659001275897">
        <ele>246.32599999999999</ele>
        <time>2022-05-22T10:05:45Z</time>
      </trkpt>
      <trkpt lat="28.566550025716424" lon="-16.257677022367716">
        <ele>244.809</ele>
        <time>2022-05-22T10:05:52Z</time>
      </trkpt>
      <trkpt lat="28.566553965210915" lon="-16.257698982954025">
        <ele>243.78700000000001</ele>
        <time>2022-05-22T10:05:59Z</time>
      </trkpt>
      <trkpt lat="28.566540973260999" lon="-16.257714992389083">
        <ele>244.376</ele>
        <time>2022-05-22T10:06:06Z</time>
      </trkpt>
      <trkpt lat="28.566534016281366" lon="-16.257734019309282">
        <ele>244.28899999999999</ele>
        <time>2022-05-22T10:06:10Z</time>
      </trkpt>
      <trkpt lat="28.566514989361167" lon="-16.257740976288915">
        <ele>245.571</ele>
        <time>2022-05-22T10:06:17Z</time>
      </trkpt>
      <trkpt lat="28.566506020724773" lon="-16.257757991552353">
        <ele>245.542</ele>
        <time>2022-05-22T10:06:26Z</time>
      </trkpt>
      <trkpt lat="28.566493028774858" lon="-16.257774000987411">
        <ele>245.792</ele>
        <time>2022-05-22T10:06:32Z</time>
      </trkpt>
      <trkpt lat="28.566474001854658" lon="-16.257783975452185">
        <ele>247.316</ele>
        <time>2022-05-22T10:06:47Z</time>
      </trkpt>
      <trkpt lat="28.5664579924196" lon="-16.257794033735991">
        <ele>249.286</ele>
        <time>2022-05-22T10:06:52Z</time>
      </trkpt>
      <trkpt lat="28.566464027389884" lon="-16.257812976837158">
        <ele>249.93299999999999</ele>
        <time>2022-05-22T10:07:00Z</time>
      </trkpt>
      <trkpt lat="28.566453969106078" lon="-16.257834015414119">
        <ele>252.34800000000001</ele>
        <time>2022-05-22T10:07:07Z</time>
      </trkpt>
      <trkpt lat="28.56643502600491" lon="-16.257832003757358">
        <ele>254.06100000000001</ele>
        <time>2022-05-22T10:07:14Z</time>
      </trkpt>
      <trkpt lat="28.566419016569853" lon="-16.257848013192415">
        <ele>257.017</ele>
        <time>2022-05-22T10:07:18Z</time>
      </trkpt>
      <trkpt lat="28.566394038498402" lon="-16.257844995707273">
        <ele>259.30900000000003</ele>
        <time>2022-05-22T10:07:20Z</time>
      </trkpt>
      <trkpt lat="28.566374005749822" lon="-16.257853964343667">
        <ele>262.21499999999997</ele>
        <time>2022-05-22T10:07:27Z</time>
      </trkpt>
      <trkpt lat="28.566386997699738" lon="-16.257875002920628">
        <ele>263.09399999999999</ele>
        <time>2022-05-22T10:07:31Z</time>
      </trkpt>
      <trkpt lat="28.566365037113428" lon="-16.257891012355685">
        <ele>266.68700000000001</ele>
        <time>2022-05-22T10:07:37Z</time>
      </trkpt>
      <trkpt lat="28.566341986879706" lon="-16.257897969335318">
        <ele>269.21899999999999</ele>
        <time>2022-05-22T10:07:40Z</time>
      </trkpt>
      <trkpt lat="28.566325977444649" lon="-16.257907021790743">
        <ele>271.45999999999998</ele>
        <time>2022-05-22T10:07:44Z</time>
      </trkpt>
      <trkpt lat="28.566322959959507" lon="-16.257930994033813">
        <ele>273.75999999999999</ele>
        <time>2022-05-22T10:07:49Z</time>
      </trkpt>
      <trkpt lat="28.566317008808255" lon="-16.257954966276884">
        <ele>276.17399999999998</ele>
        <time>2022-05-22T10:07:56Z</time>
      </trkpt>
      <trkpt lat="28.566307034343481" lon="-16.257976004853845">
        <ele>278.57400000000001</ele>
        <time>2022-05-22T10:08:03Z</time>
      </trkpt>
      <trkpt lat="28.566300999373198" lon="-16.257996959611773">
        <ele>280.59100000000001</ele>
        <time>2022-05-22T10:08:11Z</time>
      </trkpt>
      <trkpt lat="28.56628498993814" lon="-16.258013974875212">
        <ele>282.827</ele>
        <time>2022-05-22T10:08:18Z</time>
      </trkpt>
      <trkpt lat="28.566265963017941" lon="-16.258024033159018">
        <ele>284.66800000000001</ele>
        <time>2022-05-22T10:08:22Z</time>
      </trkpt>
      <trkpt lat="28.566246014088392" lon="-16.258025960996747">
        <ele>285.81400000000002</ele>
        <time>2022-05-22T10:08:27Z</time>
      </trkpt>
      <trkpt lat="28.566239979118109" lon="-16.258006012067199">
        <ele>284.90899999999999</ele>
        <time>2022-05-22T10:08:33Z</time>
      </trkpt>
      <trkpt lat="28.566221036016941" lon="-16.258006012067199">
        <ele>286.01299999999998</ele>
        <time>2022-05-22T10:08:37Z</time>
      </trkpt>
      <trkpt lat="28.566202009096742" lon="-16.258012969046831">
        <ele>287.59199999999998</ele>
        <time>2022-05-22T10:08:47Z</time>
      </trkpt>
      <trkpt lat="28.566185999661684" lon="-16.258022021502256">
        <ele>288.92500000000001</ele>
        <time>2022-05-22T10:08:54Z</time>
      </trkpt>
      <trkpt lat="28.566165966913104" lon="-16.258022021502256">
        <ele>290.06700000000001</ele>
        <time>2022-05-22T10:08:56Z</time>
      </trkpt>
      <trkpt lat="28.566160015761852" lon="-16.257999977096915">
        <ele>289.49799999999999</ele>
        <time>2022-05-22T10:09:00Z</time>
      </trkpt>
      <trkpt lat="28.566140988841653" lon="-16.257995031774044">
        <ele>290.46800000000002</ele>
        <time>2022-05-22T10:09:05Z</time>
      </trkpt>
      <trkpt lat="28.566118022426963" lon="-16.257983967661858">
        <ele>291.58199999999999</ele>
        <time>2022-05-22T10:09:11Z</time>
      </trkpt>
      <trkpt lat="28.566098995506763" lon="-16.257981033995748">
        <ele>290.892</ele>
        <time>2022-05-22T10:09:15Z</time>
      </trkpt>
      <trkpt lat="28.566086003556848" lon="-16.257996959611773">
        <ele>290.149</ele>
        <time>2022-05-22T10:09:25Z</time>
      </trkpt>
      <trkpt lat="28.566066976636648" lon="-16.257994025945663">
        <ele>288.32100000000003</ele>
        <time>2022-05-22T10:09:27Z</time>
      </trkpt>
      <trkpt lat="28.56604803353548" lon="-16.257983967661858">
        <ele>286.24099999999999</ele>
        <time>2022-05-22T10:09:31Z</time>
      </trkpt>
      <trkpt lat="28.566035041585565" lon="-16.257966030389071">
        <ele>284.30500000000001</ele>
        <time>2022-05-22T10:09:34Z</time>
      </trkpt>
      <trkpt lat="28.566012997180223" lon="-16.257956977933645">
        <ele>281.709</ele>
        <time>2022-05-22T10:09:37Z</time>
      </trkpt>
      <trkpt lat="28.565993970260024" lon="-16.257953960448503">
        <ele>279.81299999999999</ele>
        <time>2022-05-22T10:09:38Z</time>
      </trkpt>
      <trkpt lat="28.565967986360192" lon="-16.257943985983729">
        <ele>276.72199999999998</ele>
        <time>2022-05-22T10:09:47Z</time>
      </trkpt>
      <trkpt lat="28.565951976925135" lon="-16.257930994033813">
        <ele>274.38499999999999</ele>
        <time>2022-05-22T10:09:50Z</time>
      </trkpt>
      <trkpt lat="28.565935967490077" lon="-16.257913978770375">
        <ele>271.58699999999999</ele>
        <time>2022-05-22T10:09:55Z</time>
      </trkpt>
      <trkpt lat="28.565925993025303" lon="-16.257894029840827">
        <ele>269.26799999999997</ele>
        <time>2022-05-22T10:09:58Z</time>
      </trkpt>
      <trkpt lat="28.565909983590245" lon="-16.25788195990026">
        <ele>266.69799999999998</ele>
        <time>2022-05-22T10:10:02Z</time>
      </trkpt>
      <trkpt lat="28.56589799746871" lon="-16.257864022627473">
        <ele>263.94200000000001</ele>
        <time>2022-05-22T10:10:07Z</time>
      </trkpt>
      <trkpt lat="28.565885005518794" lon="-16.257844995707273">
        <ele>261.03199999999998</ele>
        <time>2022-05-22T10:10:11Z</time>
      </trkpt>
      <trkpt lat="28.565868996083736" lon="-16.257829992100596">
        <ele>257.94900000000001</ele>
        <time>2022-05-22T10:10:16Z</time>
      </trkpt>
      <trkpt lat="28.565839994698763" lon="-16.257797973230481">
        <ele>251.62100000000001</ele>
        <time>2022-05-22T10:10:51Z</time>
      </trkpt>
      <trkpt lat="28.565823985263705" lon="-16.257770983502269">
        <ele>248.441</ele>
        <time>2022-05-22T10:10:53Z</time>
      </trkpt>
      <trkpt lat="28.565810993313789" lon="-16.257754974067211">
        <ele>247.405</ele>
        <time>2022-05-22T10:10:54Z</time>
      </trkpt>
      <trkpt lat="28.565798001363873" lon="-16.257727984338999">
        <ele>246.10900000000001</ele>
        <time>2022-05-22T10:10:56Z</time>
      </trkpt>
      <trkpt lat="28.565776040777564" lon="-16.257695965468884">
        <ele>244.18299999999999</ele>
        <time>2022-05-22T10:10:58Z</time>
      </trkpt>
      <trkpt lat="28.565757013857365" lon="-16.25766696408391">
        <ele>242.36199999999999</ele>
        <time>2022-05-22T10:11:00Z</time>
      </trkpt>
      <trkpt lat="28.565737986937165" lon="-16.257652966305614">
        <ele>240.82499999999999</ele>
        <time>2022-05-22T10:11:04Z</time>
      </trkpt>
      <trkpt lat="28.565721977502108" lon="-16.257637962698936">
        <ele>239.46700000000001</ele>
        <time>2022-05-22T10:11:09Z</time>
      </trkpt>
      <trkpt lat="28.565702028572559" lon="-16.257635029032826">
        <ele>238.13800000000001</ele>
        <time>2022-05-22T10:11:13Z</time>
      </trkpt>
      <trkpt lat="28.56568300165236" lon="-16.257632011547685">
        <ele>236.83799999999999</ele>
        <time>2022-05-22T10:11:18Z</time>
      </trkpt>
      <trkpt lat="28.565676966682076" lon="-16.257653972133994">
        <ele>237.322</ele>
        <time>2022-05-22T10:11:24Z</time>
      </trkpt>
      <trkpt lat="28.565692976117134" lon="-16.257675010710955">
        <ele>238.94200000000001</ele>
        <time>2022-05-22T10:11:35Z</time>
      </trkpt>
      <trkpt lat="28.565708985552192" lon="-16.257684985175729">
        <ele>240.119</ele>
        <time>2022-05-22T10:11:36Z</time>
      </trkpt>
      <trkpt lat="28.565724994987249" lon="-16.257694037631154">
        <ele>241.37100000000001</ele>
        <time>2022-05-22T10:11:37Z</time>
      </trkpt>
      <trkpt lat="28.565737986937165" lon="-16.257713986560702">
        <ele>242.64099999999999</ele>
        <time>2022-05-22T10:11:39Z</time>
      </trkpt>
      <trkpt lat="28.565737986937165" lon="-16.257741982117295">
        <ele>243.51499999999999</ele>
        <time>2022-05-22T10:11:42Z</time>
      </trkpt>
      <trkpt lat="28.565737986937165" lon="-16.257765032351017">
        <ele>244.209</ele>
        <time>2022-05-22T10:11:46Z</time>
      </trkpt>
      <trkpt lat="28.565733963623643" lon="-16.257785987108946">
        <ele>245.018</ele>
        <time>2022-05-22T10:11:51Z</time>
      </trkpt>
      <trkpt lat="28.565718038007617" lon="-16.257776012644172">
        <ele>243.577</ele>
        <time>2022-05-22T10:11:59Z</time>
      </trkpt>
      <trkpt lat="28.565708985552192" lon="-16.257757991552353">
        <ele>242.53999999999999</ele>
        <time>2022-05-22T10:12:02Z</time>
      </trkpt>
      <trkpt lat="28.565699011087418" lon="-16.257740976288915">
        <ele>241.572</ele>
        <time>2022-05-22T10:12:06Z</time>
      </trkpt>
      <trkpt lat="28.565689958631992" lon="-16.257722033187747">
        <ele>240.43299999999999</ele>
        <time>2022-05-22T10:12:12Z</time>
      </trkpt>
      <trkpt lat="28.565674033015966" lon="-16.25770702958107">
        <ele>239.083</ele>
        <time>2022-05-22T10:12:15Z</time>
      </trkpt>
      <trkpt lat="28.565650982782245" lon="-16.257697977125645">
        <ele>237.42699999999999</ele>
        <time>2022-05-22T10:12:17Z</time>
      </trkpt>
      <trkpt lat="28.565629022195935" lon="-16.257684985175729">
        <ele>235.74700000000001</ele>
        <time>2022-05-22T10:12:23Z</time>
      </trkpt>
      <trkpt lat="28.565618963912129" lon="-16.257702000439167">
        <ele>235.94399999999999</ele>
        <time>2022-05-22T10:12:30Z</time>
      </trkpt>
      <trkpt lat="28.565626004710793" lon="-16.257722033187747">
        <ele>237.03800000000001</ele>
        <time>2022-05-22T10:12:34Z</time>
      </trkpt>
      <trkpt lat="28.565629022195935" lon="-16.257741982117295">
        <ele>238.06999999999999</ele>
        <time>2022-05-22T10:12:37Z</time>
      </trkpt>
      <trkpt lat="28.565609995275736" lon="-16.257747011259198">
        <ele>237.31700000000001</ele>
        <time>2022-05-22T10:12:43Z</time>
      </trkpt>
      <trkpt lat="28.565593985840678" lon="-16.257737958803773">
        <ele>236.10900000000001</ele>
        <time>2022-05-22T10:12:47Z</time>
      </trkpt>
      <trkpt lat="28.565571019425988" lon="-16.257727984338999">
        <ele>234.56399999999999</ele>
        <time>2022-05-22T10:12:50Z</time>
      </trkpt>
      <trkpt lat="28.565548975020647" lon="-16.257733013480902">
        <ele>234.09299999999999</ele>
        <time>2022-05-22T10:12:54Z</time>
      </trkpt>
      <trkpt lat="28.565530031919479" lon="-16.257733013480902">
        <ele>234.26599999999999</ele>
        <time>2022-05-22T10:12:56Z</time>
      </trkpt>
      <trkpt lat="28.565519973635674" lon="-16.257754974067211">
        <ele>235.358</ele>
        <time>2022-05-22T10:12:58Z</time>
      </trkpt>
      <trkpt lat="28.565503964200616" lon="-16.25777299515903">
        <ele>236.29900000000001</ele>
        <time>2022-05-22T10:13:00Z</time>
      </trkpt>
      <trkpt lat="28.5654909722507" lon="-16.257792022079229">
        <ele>237.279</ele>
        <time>2022-05-22T10:13:02Z</time>
      </trkpt>
      <trkpt lat="28.565482003614306" lon="-16.257822029292583">
        <ele>238.833</ele>
        <time>2022-05-22T10:13:04Z</time>
      </trkpt>
      <trkpt lat="28.565469011664391" lon="-16.257844995707273">
        <ele>240.053</ele>
        <time>2022-05-22T10:13:07Z</time>
      </trkpt>
      <trkpt lat="28.565469011664391" lon="-16.257871985435486">
        <ele>241.44</ele>
        <time>2022-05-22T10:13:09Z</time>
      </trkpt>
      <trkpt lat="28.565474962815642" lon="-16.257893024012446">
        <ele>242.464</ele>
        <time>2022-05-22T10:13:12Z</time>
      </trkpt>
      <trkpt lat="28.565465994179249" lon="-16.257913978770375">
        <ele>243.506</ele>
        <time>2022-05-22T10:13:18Z</time>
      </trkpt>
      <trkpt lat="28.565465994179249" lon="-16.257934011518955">
        <ele>244.51599999999999</ele>
        <time>2022-05-22T10:13:21Z</time>
      </trkpt>
      <trkpt lat="28.565459037199616" lon="-16.257954966276884">
        <ele>245.60900000000001</ele>
        <time>2022-05-22T10:13:24Z</time>
      </trkpt>
      <trkpt lat="28.565456019714475" lon="-16.257979022338986">
        <ele>246.84700000000001</ele>
        <time>2022-05-22T10:13:28Z</time>
      </trkpt>
      <trkpt lat="28.565449984744191" lon="-16.258001988753676">
        <ele>247.916</ele>
        <time>2022-05-22T10:13:32Z</time>
      </trkpt>
      <trkpt lat="28.565456019714475" lon="-16.258037025108933">
        <ele>249.779</ele>
        <time>2022-05-22T10:13:36Z</time>
      </trkpt>
      <trkpt lat="28.565459037199616" lon="-16.258062003180385">
        <ele>251.17099999999999</ele>
        <time>2022-05-22T10:13:38Z</time>
      </trkpt>
      <trkpt lat="28.565453002229333" lon="-16.258082035928965">
        <ele>252.352</ele>
        <time>2022-05-22T10:13:40Z</time>
      </trkpt>
      <trkpt lat="28.565440010279417" lon="-16.258096033707261">
        <ele>253.232</ele>
        <time>2022-05-22T10:13:43Z</time>
      </trkpt>
      <trkpt lat="28.565436992794275" lon="-16.258117994293571">
        <ele>254.68600000000001</ele>
        <time>2022-05-22T10:13:46Z</time>
      </trkpt>
      <trkpt lat="28.565427018329501" lon="-16.258145989850163">
        <ele>256.37599999999998</ele>
        <time>2022-05-22T10:13:50Z</time>
      </trkpt>
      <trkpt lat="28.565414026379585" lon="-16.258168034255505">
        <ele>257.63299999999998</ele>
        <time>2022-05-22T10:13:53Z</time>
      </trkpt>
      <trkpt lat="28.565398016944528" lon="-16.258189994841814">
        <ele>258.899</ele>
        <time>2022-05-22T10:13:58Z</time>
      </trkpt>
      <trkpt lat="28.565391981974244" lon="-16.258211033418775">
        <ele>260.10700000000003</ele>
        <time>2022-05-22T10:14:00Z</time>
      </trkpt>
      <trkpt lat="28.565373038873076" lon="-16.258228970691562">
        <ele>261.02699999999999</ele>
        <time>2022-05-22T10:14:03Z</time>
      </trkpt>
      <trkpt lat="28.565357029438019" lon="-16.258240034803748">
        <ele>261.50900000000001</ele>
        <time>2022-05-22T10:14:05Z</time>
      </trkpt>
      <trkpt lat="28.565341020002961" lon="-16.258251015096903">
        <ele>262.08999999999997</ele>
        <time>2022-05-22T10:14:07Z</time>
      </trkpt>
      <trkpt lat="28.565330961719155" lon="-16.258269036188722">
        <ele>262.97899999999998</ele>
        <time>2022-05-22T10:14:10Z</time>
      </trkpt>
      <trkpt lat="28.565309001132846" lon="-16.258271969854832">
        <ele>262.84199999999998</ele>
        <time>2022-05-22T10:14:13Z</time>
      </trkpt>
      <trkpt lat="28.565289974212646" lon="-16.258287979289889">
        <ele>263.51400000000001</ele>
        <time>2022-05-22T10:14:17Z</time>
      </trkpt>
      <trkpt lat="28.565231971442699" lon="-16.25831002369523">
        <ele>265.02499999999998</ele>
        <time>2022-05-22T10:14:25Z</time>
      </trkpt>
      <trkpt lat="28.565213028341532" lon="-16.258323015645146">
        <ele>265.94499999999999</ele>
        <time>2022-05-22T10:14:28Z</time>
      </trkpt>
      <trkpt lat="28.56518997810781" lon="-16.258332990109921">
        <ele>266.649</ele>
        <time>2022-05-22T10:14:32Z</time>
      </trkpt>
      <trkpt lat="28.565184026956558" lon="-16.25835201703012">
        <ele>267.61900000000003</ele>
        <time>2022-05-22T10:14:35Z</time>
      </trkpt>
      <trkpt lat="28.565161982551217" lon="-16.25835201703012">
        <ele>267.74599999999998</ele>
        <time>2022-05-22T10:14:38Z</time>
      </trkpt>
      <trkpt lat="28.565142033621669" lon="-16.258357968181372">
        <ele>268.09800000000001</ele>
        <time>2022-05-22T10:14:41Z</time>
      </trkpt>
      <trkpt lat="28.565139016136527" lon="-16.258382024243474">
        <ele>269.01499999999999</ele>
        <time>2022-05-22T10:14:45Z</time>
      </trkpt>
      <trkpt lat="28.565119989216328" lon="-16.258394010365009">
        <ele>269.52600000000001</ele>
        <time>2022-05-22T10:14:49Z</time>
      </trkpt>
      <trkpt lat="28.565110014751554" lon="-16.258411025628448">
        <ele>270.00900000000001</ele>
        <time>2022-05-22T10:14:52Z</time>
      </trkpt>
      <trkpt lat="28.565090987831354" lon="-16.25841898843646">
        <ele>270.20999999999998</ele>
        <time>2022-05-22T10:14:54Z</time>
      </trkpt>
      <trkpt lat="28.56510397978127" lon="-16.258440027013421">
        <ele>271.09899999999999</ele>
        <time>2022-05-22T10:14:55Z</time>
      </trkpt>
      <trkpt lat="28.565129963681102" lon="-16.258473973721266">
        <ele>272.77199999999999</ele>
        <time>2022-05-22T10:14:57Z</time>
      </trkpt>
      <trkpt lat="28.565139016136527" lon="-16.258493000641465">
        <ele>273.68400000000003</ele>
        <time>2022-05-22T10:14:58Z</time>
      </trkpt>
      <trkpt lat="28.565135998651385" lon="-16.258526025339961">
        <ele>274.935</ele>
        <time>2022-05-22T10:15:00Z</time>
      </trkpt>
      <trkpt lat="28.565139016136527" lon="-16.258552009239793">
        <ele>276.185</ele>
        <time>2022-05-22T10:15:02Z</time>
      </trkpt>
      <trkpt lat="28.565135998651385" lon="-16.258578998968005">
        <ele>277.19900000000001</ele>
        <time>2022-05-22T10:15:05Z</time>
      </trkpt>
      <trkpt lat="28.565135998651385" lon="-16.258605988696218">
        <ele>278.26900000000001</ele>
        <time>2022-05-22T10:15:07Z</time>
      </trkpt>
      <trkpt lat="28.565129963681102" lon="-16.258626021444798">
        <ele>278.916</ele>
        <time>2022-05-22T10:15:10Z</time>
      </trkpt>
      <trkpt lat="28.565123006701469" lon="-16.258658040314913">
        <ele>280.13400000000001</ele>
        <time>2022-05-22T10:15:13Z</time>
      </trkpt>
      <trkpt lat="28.565119989216328" lon="-16.258685030043125">
        <ele>281.35500000000002</ele>
        <time>2022-05-22T10:15:15Z</time>
      </trkpt>
      <trkpt lat="28.565114038065076" lon="-16.258705984801054">
        <ele>282.11000000000001</ele>
        <time>2022-05-22T10:15:18Z</time>
      </trkpt>
      <trkpt lat="28.565110014751554" lon="-16.258730040863156">
        <ele>283.10899999999998</ele>
        <time>2022-05-22T10:15:23Z</time>
      </trkpt>
      <trkpt lat="28.565094005316496" lon="-16.25871998257935">
        <ele>282.18400000000003</ele>
        <time>2022-05-22T10:15:25Z</time>
      </trkpt>
      <trkpt lat="28.565082019194961" lon="-16.25873900949955">
        <ele>282.65300000000002</ele>
        <time>2022-05-22T10:15:30Z</time>
      </trkpt>
      <trkpt lat="28.565071960911155" lon="-16.258717970922589">
        <ele>281.29599999999999</ele>
        <time>2022-05-22T10:15:42Z</time>
      </trkpt>
      <trkpt lat="28.565058968961239" lon="-16.258703973144293">
        <ele>280.11799999999999</ele>
        <time>2022-05-22T10:15:48Z</time>
      </trkpt>
      <trkpt lat="28.565040025860071" lon="-16.258710008114576">
        <ele>279.79899999999998</ele>
        <time>2022-05-22T10:15:52Z</time>
      </trkpt>
      <trkpt lat="28.565020998939872" lon="-16.258703973144293">
        <ele>278.71899999999999</ele>
        <time>2022-05-22T10:15:55Z</time>
      </trkpt>
      <trkpt lat="28.565004989504814" lon="-16.258717970922589">
        <ele>278.94299999999998</ele>
        <time>2022-05-22T10:15:58Z</time>
      </trkpt>
      <trkpt lat="28.564988980069757" lon="-16.258738003671169">
        <ele>279.83300000000003</ele>
        <time>2022-05-22T10:16:01Z</time>
      </trkpt>
      <trkpt lat="28.564975988119841" lon="-16.258755018934608">
        <ele>280.54000000000002</ele>
        <time>2022-05-22T10:16:05Z</time>
      </trkpt>
      <trkpt lat="28.564954027533531" lon="-16.258759964257479">
        <ele>280.53300000000002</ele>
        <time>2022-05-22T10:16:10Z</time>
      </trkpt>
      <trkpt lat="28.564946986734867" lon="-16.258781002834439">
        <ele>281.423</ele>
        <time>2022-05-22T10:16:15Z</time>
      </trkpt>
      <trkpt lat="28.564927959814668" lon="-16.258789971470833">
        <ele>281.51499999999999</ele>
        <time>2022-05-22T10:16:21Z</time>
      </trkpt>
      <trkpt lat="28.564905999228358" lon="-16.258793994784355">
        <ele>281.30900000000003</ele>
        <time>2022-05-22T10:16:26Z</time>
      </trkpt>
      <trkpt lat="28.564885966479778" lon="-16.258793994784355">
        <ele>281.05399999999997</ele>
        <time>2022-05-22T10:16:29Z</time>
      </trkpt>
      <trkpt lat="28.564870040863752" lon="-16.258802963420749">
        <ele>281.14299999999997</ele>
        <time>2022-05-22T10:16:33Z</time>
      </trkpt>
      <trkpt lat="28.564854031428695" lon="-16.258816039189696">
        <ele>281.29599999999999</ele>
        <time>2022-05-22T10:16:38Z</time>
      </trkpt>
      <trkpt lat="28.564838021993637" lon="-16.258829031139612">
        <ele>281.43799999999999</ele>
        <time>2022-05-22T10:16:44Z</time>
      </trkpt>
      <trkpt lat="28.564826035872102" lon="-16.258843028917909">
        <ele>281.56900000000002</ele>
        <time>2022-05-22T10:16:54Z</time>
      </trkpt>
      <trkpt lat="28.564797034487128" lon="-16.258833976462483">
        <ele>280.62900000000002</ele>
        <time>2022-05-22T10:16:57Z</time>
      </trkpt>
      <trkpt lat="28.564781025052071" lon="-16.258843028917909">
        <ele>280.58300000000003</ele>
        <time>2022-05-22T10:17:03Z</time>
      </trkpt>
      <trkpt lat="28.564761998131871" lon="-16.25884797424078">
        <ele>280.27300000000002</ele>
        <time>2022-05-22T10:17:10Z</time>
      </trkpt>
      <trkpt lat="28.564745988696814" lon="-16.258859038352966">
        <ele>280.12</ele>
        <time>2022-05-22T10:17:14Z</time>
      </trkpt>
      <trkpt lat="28.564723022282124" lon="-16.258836993947625">
        <ele>279.12799999999999</ele>
        <time>2022-05-22T10:17:18Z</time>
      </trkpt>
      <trkpt lat="28.564707012847066" lon="-16.258856020867825">
        <ele>279.589</ele>
        <time>2022-05-22T10:17:22Z</time>
      </trkpt>
      <trkpt lat="28.56469402089715" lon="-16.258873958140612">
        <ele>280.017</ele>
        <time>2022-05-22T10:17:26Z</time>
      </trkpt>
      <trkpt lat="28.564674993976951" lon="-16.258879993110895">
        <ele>280.209</ele>
        <time>2022-05-22T10:17:30Z</time>
      </trkpt>
      <trkpt lat="28.564653033390641" lon="-16.258896002545953">
        <ele>280.923</ele>
        <time>2022-05-22T10:17:33Z</time>
      </trkpt>
      <trkpt lat="28.564626965671778" lon="-16.258908994495869">
        <ele>281.79199999999997</ele>
        <time>2022-05-22T10:17:35Z</time>
      </trkpt>
      <trkpt lat="28.564605005085468" lon="-16.258925003930926">
        <ele>282.67500000000001</ele>
        <time>2022-05-22T10:17:36Z</time>
      </trkpt>
      <trkpt lat="28.564592013135552" lon="-16.258948976173997">
        <ele>283.85700000000003</ele>
        <time>2022-05-22T10:17:37Z</time>
      </trkpt>
      <trkpt lat="28.564582038670778" lon="-16.258973032236099">
        <ele>284.93799999999999</ele>
        <time>2022-05-22T10:17:38Z</time>
      </trkpt>
      <trkpt lat="28.564572986215353" lon="-16.258994992822409">
        <ele>286.08800000000002</ele>
        <time>2022-05-22T10:17:39Z</time>
      </trkpt>
      <trkpt lat="28.564566029235721" lon="-16.259016031399369">
        <ele>286.93200000000002</ele>
        <time>2022-05-22T10:17:40Z</time>
      </trkpt>
      <trkpt lat="28.564556976780295" lon="-16.259043021127582">
        <ele>288.11200000000002</ele>
        <time>2022-05-22T10:17:42Z</time>
      </trkpt>
      <trkpt lat="28.564556976780295" lon="-16.259066993370652">
        <ele>289.29899999999998</ele>
        <time>2022-05-22T10:17:44Z</time>
      </trkpt>
      <trkpt lat="28.564547002315521" lon="-16.259090965613723">
        <ele>290.11200000000002</ele>
        <time>2022-05-22T10:17:46Z</time>
      </trkpt>
      <trkpt lat="28.564527975395322" lon="-16.259098006412387">
        <ele>290.33199999999999</ele>
        <time>2022-05-22T10:17:48Z</time>
      </trkpt>
      <trkpt lat="28.564506014809012" lon="-16.25910404138267">
        <ele>290.30500000000001</ele>
        <time>2022-05-22T10:17:50Z</time>
      </trkpt>
      <trkpt lat="28.564477013424039" lon="-16.2591059692204">
        <ele>290.10899999999998</ele>
        <time>2022-05-22T10:17:52Z</time>
      </trkpt>
      <trkpt lat="28.564444994553924" lon="-16.259099012240767">
        <ele>289.69200000000001</ele>
        <time>2022-05-22T10:17:54Z</time>
      </trkpt>
      <trkpt lat="28.564422028139234" lon="-16.259102029725909">
        <ele>289.851</ele>
        <time>2022-05-22T10:17:55Z</time>
      </trkpt>
      <trkpt lat="28.564403001219034" lon="-16.259135976433754">
        <ele>291.01400000000001</ele>
        <time>2022-05-22T10:17:57Z</time>
      </trkpt>
      <trkpt lat="28.564396966248751" lon="-16.259162966161966">
        <ele>291.94600000000003</ele>
        <time>2022-05-22T10:17:58Z</time>
      </trkpt>
      <trkpt lat="28.564396966248751" lon="-16.25919003970921">
        <ele>292.53699999999998</ele>
        <time>2022-05-22T10:17:59Z</time>
      </trkpt>
      <trkpt lat="28.564390009269118" lon="-16.259216023609042">
        <ele>293.14699999999999</ele>
        <time>2022-05-22T10:18:01Z</time>
      </trkpt>
      <trkpt lat="28.564383974298835" lon="-16.259237984195352">
        <ele>293.68099999999998</ele>
        <time>2022-05-22T10:18:03Z</time>
      </trkpt>
      <trkpt lat="28.564383974298835" lon="-16.259272014722228">
        <ele>294.45100000000002</ele>
        <time>2022-05-22T10:18:06Z</time>
      </trkpt>
      <trkpt lat="28.564381040632725" lon="-16.259293975308537">
        <ele>294.97800000000001</ele>
        <time>2022-05-22T10:18:09Z</time>
      </trkpt>
      <trkpt lat="28.564365031197667" lon="-16.259314008057117">
        <ele>295.31400000000002</ele>
        <time>2022-05-22T10:18:13Z</time>
      </trkpt>
      <trkpt lat="28.564346004277468" lon="-16.259319959208369">
        <ele>295.35399999999998</ele>
        <time>2022-05-22T10:18:16Z</time>
      </trkpt>
      <trkpt lat="28.564336029812694" lon="-16.259344015270472">
        <ele>295.709</ele>
        <time>2022-05-22T10:18:18Z</time>
      </trkpt>
      <trkpt lat="28.56432999484241" lon="-16.259376034140587">
        <ele>296.30900000000003</ele>
        <time>2022-05-22T10:18:20Z</time>
      </trkpt>
      <trkpt lat="28.564325971528888" lon="-16.259396988898516">
        <ele>296.71199999999999</ele>
        <time>2022-05-22T10:18:22Z</time>
      </trkpt>
      <trkpt lat="28.564323037862778" lon="-16.259423978626728">
        <ele>297.36099999999999</ele>
        <time>2022-05-22T10:18:25Z</time>
      </trkpt>
      <trkpt lat="28.564320020377636" lon="-16.259445017203689">
        <ele>297.72399999999999</ele>
        <time>2022-05-22T10:18:27Z</time>
      </trkpt>
      <trkpt lat="28.564317002892494" lon="-16.25946999527514">
        <ele>299.04599999999999</ele>
        <time>2022-05-22T10:18:30Z</time>
      </trkpt>
      <trkpt lat="28.564297975972295" lon="-16.259484998881817">
        <ele>299.66699999999997</ele>
        <time>2022-05-22T10:18:32Z</time>
      </trkpt>
      <trkpt lat="28.564275009557605" lon="-16.2594910338521">
        <ele>299.637</ele>
        <time>2022-05-22T10:18:34Z</time>
      </trkpt>
      <trkpt lat="28.564275009557605" lon="-16.259518023580313">
        <ele>301.09100000000001</ele>
        <time>2022-05-22T10:18:36Z</time>
      </trkpt>
      <trkpt lat="28.564266040921211" lon="-16.259541995823383">
        <ele>302.19099999999997</ele>
        <time>2022-05-22T10:18:38Z</time>
      </trkpt>
      <trkpt lat="28.564259000122547" lon="-16.259570997208357">
        <ele>303.56799999999998</ele>
        <time>2022-05-22T10:18:41Z</time>
      </trkpt>
      <trkpt lat="28.564246008172631" lon="-16.259597986936569">
        <ele>304.77699999999999</ele>
        <time>2022-05-22T10:18:44Z</time>
      </trkpt>
      <trkpt lat="28.564229998737574" lon="-16.259618019685149">
        <ele>305.46100000000001</ele>
        <time>2022-05-22T10:18:48Z</time>
      </trkpt>
      <trkpt lat="28.564246008172631" lon="-16.259635034948587">
        <ele>306.62700000000001</ele>
        <time>2022-05-22T10:18:49Z</time>
      </trkpt>
      <trkpt lat="28.564255982637405" lon="-16.259661018848419">
        <ele>308.10899999999998</ele>
        <time>2022-05-22T10:18:50Z</time>
      </trkpt>
      <trkpt lat="28.564259000122547" lon="-16.259690020233393">
        <ele>309.738</ele>
        <time>2022-05-22T10:18:52Z</time>
      </trkpt>
      <trkpt lat="28.564259000122547" lon="-16.259709969162941">
        <ele>310.74700000000001</ele>
        <time>2022-05-22T10:18:56Z</time>
      </trkpt>
      <trkpt lat="28.564250031486154" lon="-16.259730001911521">
        <ele>311.44</ele>
        <time>2022-05-22T10:18:59Z</time>
      </trkpt>
      <trkpt lat="28.564234022051096" lon="-16.259747017174959">
        <ele>311.66199999999998</ele>
        <time>2022-05-22T10:19:02Z</time>
      </trkpt>
      <trkpt lat="28.56422396376729" lon="-16.259774006903172">
        <ele>312.43299999999999</ele>
        <time>2022-05-22T10:19:05Z</time>
      </trkpt>
      <trkpt lat="28.56422103010118" lon="-16.259796973317862">
        <ele>313.28300000000002</ele>
        <time>2022-05-22T10:19:07Z</time>
      </trkpt>
      <trkpt lat="28.564208038151264" lon="-16.259828992187977">
        <ele>314.137</ele>
        <time>2022-05-22T10:19:11Z</time>
      </trkpt>
      <trkpt lat="28.564202003180981" lon="-16.259852964431047">
        <ele>314.93700000000001</ele>
        <time>2022-05-22T10:19:13Z</time>
      </trkpt>
      <trkpt lat="28.564208038151264" lon="-16.259888000786304">
        <ele>316.38400000000001</ele>
        <time>2022-05-22T10:19:16Z</time>
      </trkpt>
      <trkpt lat="28.564210971817374" lon="-16.259911973029375">
        <ele>317.358</ele>
        <time>2022-05-22T10:19:18Z</time>
      </trkpt>
      <trkpt lat="28.564210971817374" lon="-16.259933011606336">
        <ele>318.15199999999999</ele>
        <time>2022-05-22T10:19:20Z</time>
      </trkpt>
      <trkpt lat="28.564218012616038" lon="-16.25996301881969">
        <ele>319.31700000000001</ele>
        <time>2022-05-22T10:19:22Z</time>
      </trkpt>
      <trkpt lat="28.564210971817374" lon="-16.259989002719522">
        <ele>320.209</ele>
        <time>2022-05-22T10:19:28Z</time>
      </trkpt>
      <trkpt lat="28.564213989302516" lon="-16.260012974962592">
        <ele>320.96600000000001</ele>
        <time>2022-05-22T10:19:34Z</time>
      </trkpt>
      <trkpt lat="28.56422396376729" lon="-16.260035019367933">
        <ele>321.46499999999997</ele>
        <time>2022-05-22T10:19:36Z</time>
      </trkpt>
      <trkpt lat="28.564226981252432" lon="-16.260058991611004">
        <ele>321.988</ele>
        <time>2022-05-22T10:19:39Z</time>
      </trkpt>
      <trkpt lat="28.564226981252432" lon="-16.260090004652739">
        <ele>322.48000000000002</ele>
        <time>2022-05-22T10:19:42Z</time>
      </trkpt>
      <trkpt lat="28.564237039536238" lon="-16.260110037401319">
        <ele>322.96100000000001</ele>
        <time>2022-05-22T10:19:44Z</time>
      </trkpt>
      <trkpt lat="28.56424299068749" lon="-16.260129986330867">
        <ele>323.49099999999999</ele>
        <time>2022-05-22T10:19:46Z</time>
      </trkpt>
      <trkpt lat="28.564239973202348" lon="-16.260150019079447">
        <ele>323.66500000000002</ele>
        <time>2022-05-22T10:19:49Z</time>
      </trkpt>
      <trkpt lat="28.564239973202348" lon="-16.260173991322517">
        <ele>324.19499999999999</ele>
        <time>2022-05-22T10:19:52Z</time>
      </trkpt>
      <trkpt lat="28.564234022051096" lon="-16.260197963565588">
        <ele>324.36200000000002</ele>
        <time>2022-05-22T10:19:55Z</time>
      </trkpt>
      <trkpt lat="28.564237039536238" lon="-16.260224031284451">
        <ele>324.96899999999999</ele>
        <time>2022-05-22T10:19:59Z</time>
      </trkpt>
      <trkpt lat="28.564237039536238" lon="-16.260251021012664">
        <ele>325.30399999999997</ele>
        <time>2022-05-22T10:20:02Z</time>
      </trkpt>
      <trkpt lat="28.564239973202348" lon="-16.260280022397637">
        <ele>325.92399999999998</ele>
        <time>2022-05-22T10:20:05Z</time>
      </trkpt>
      <trkpt lat="28.564239973202348" lon="-16.260306006297469">
        <ele>326.30900000000003</ele>
        <time>2022-05-22T10:20:08Z</time>
      </trkpt>
      <trkpt lat="28.564226981252432" lon="-16.260323021560907">
        <ele>326.21699999999998</ele>
        <time>2022-05-22T10:20:14Z</time>
      </trkpt>
      <trkpt lat="28.564210971817374" lon="-16.260339030995965">
        <ele>325.92599999999999</ele>
        <time>2022-05-22T10:20:18Z</time>
      </trkpt>
      <trkpt lat="28.564205020666122" lon="-16.260357974097133">
        <ele>325.96899999999999</ele>
        <time>2022-05-22T10:20:22Z</time>
      </trkpt>
      <trkpt lat="28.564208038151264" lon="-16.260384041815996">
        <ele>326.43099999999998</ele>
        <time>2022-05-22T10:20:25Z</time>
      </trkpt>
      <trkpt lat="28.564208038151264" lon="-16.260412959381938">
        <ele>326.75200000000001</ele>
        <time>2022-05-22T10:20:29Z</time>
      </trkpt>
      <trkpt lat="28.564202003180981" lon="-16.260441960766912">
        <ele>326.822</ele>
        <time>2022-05-22T10:20:32Z</time>
      </trkpt>
      <trkpt lat="28.564197979867458" lon="-16.260471967980266">
        <ele>327.096</ele>
        <time>2022-05-22T10:20:35Z</time>
      </trkpt>
      <trkpt lat="28.564202003180981" lon="-16.260498035699129">
        <ele>327.54599999999999</ele>
        <time>2022-05-22T10:20:37Z</time>
      </trkpt>
      <trkpt lat="28.564197979867458" lon="-16.260526031255722">
        <ele>327.62299999999999</ele>
        <time>2022-05-22T10:20:40Z</time>
      </trkpt>
      <trkpt lat="28.564185993745923" lon="-16.26054598018527">
        <ele>327.12400000000002</ele>
        <time>2022-05-22T10:20:43Z</time>
      </trkpt>
      <trkpt lat="28.564169984310865" lon="-16.260557966306806">
        <ele>326.30399999999997</ele>
        <time>2022-05-22T10:20:47Z</time>
      </trkpt>
      <trkpt lat="28.564150035381317" lon="-16.260556960478425">
        <ele>326.41399999999999</ele>
        <time>2022-05-22T10:20:50Z</time>
      </trkpt>
      <trkpt lat="28.564131008461118" lon="-16.260561989620328">
        <ele>327.00900000000001</ele>
        <time>2022-05-22T10:20:53Z</time>
      </trkpt>
      <trkpt lat="28.564108964055777" lon="-16.260570958256721">
        <ele>327.81299999999999</ele>
        <time>2022-05-22T10:20:57Z</time>
      </trkpt>
      <trkpt lat="28.564090020954609" lon="-16.260585961863399">
        <ele>328.92200000000003</ele>
        <time>2022-05-22T10:21:00Z</time>
      </trkpt>
      <trkpt lat="28.564064037054777" lon="-16.260584034025669">
        <ele>329.29500000000002</ele>
        <time>2022-05-22T10:21:02Z</time>
      </trkpt>
      <trkpt lat="28.564058002084494" lon="-16.260614041239023">
        <ele>330.73700000000002</ele>
        <time>2022-05-22T10:21:05Z</time>
      </trkpt>
      <trkpt lat="28.564045010134578" lon="-16.260638013482094">
        <ele>332.08800000000002</ele>
        <time>2022-05-22T10:21:08Z</time>
      </trkpt>
      <trkpt lat="28.56402900069952" lon="-16.260647987946868">
        <ele>332.65800000000002</ele>
        <time>2022-05-22T10:21:11Z</time>
      </trkpt>
      <trkpt lat="28.564012991264462" lon="-16.260657962411642">
        <ele>333.29199999999997</ele>
        <time>2022-05-22T10:21:15Z</time>
      </trkpt>
      <trkpt lat="28.563996981829405" lon="-16.26067497767508">
        <ele>334.15199999999999</ele>
        <time>2022-05-22T10:21:22Z</time>
      </trkpt>
      <trkpt lat="28.563980972394347" lon="-16.260686041787267">
        <ele>334.78899999999999</ele>
        <time>2022-05-22T10:21:28Z</time>
      </trkpt>
      <trkpt lat="28.563951971009374" lon="-16.260683024302125">
        <ele>334.79500000000002</ele>
        <time>2022-05-22T10:21:32Z</time>
      </trkpt>
      <trkpt lat="28.563933027908206" lon="-16.260687969624996">
        <ele>335.04899999999998</ele>
        <time>2022-05-22T10:21:36Z</time>
      </trkpt>
      <trkpt lat="28.563909977674484" lon="-16.260700961574912">
        <ele>335.62299999999999</ele>
        <time>2022-05-22T10:21:40Z</time>
      </trkpt>
      <trkpt lat="28.563906960189342" lon="-16.260726023465395">
        <ele>336.50900000000001</ele>
        <time>2022-05-22T10:21:44Z</time>
      </trkpt>
      <trkpt lat="28.563909977674484" lon="-16.260752007365227">
        <ele>337.42000000000002</ele>
        <time>2022-05-22T10:21:46Z</time>
      </trkpt>
      <trkpt lat="28.56392003595829" lon="-16.260771034285426">
        <ele>338.089</ele>
        <time>2022-05-22T10:21:51Z</time>
      </trkpt>
      <trkpt lat="28.563901009038091" lon="-16.260770028457046">
        <ele>338.04199999999997</ele>
        <time>2022-05-22T10:21:56Z</time>
      </trkpt>
      <trkpt lat="28.563884999603033" lon="-16.260791989043355">
        <ele>339.04399999999998</ele>
        <time>2022-05-22T10:22:02Z</time>
      </trkpt>
      <trkpt lat="28.563875025138259" lon="-16.26082400791347">
        <ele>340.96499999999997</ele>
        <time>2022-05-22T10:22:06Z</time>
      </trkpt>
      <trkpt lat="28.563862033188343" lon="-16.260844962671399">
        <ele>342.815</ele>
        <time>2022-05-22T10:22:13Z</time>
      </trkpt>
      <trkpt lat="28.56385599821806" lon="-16.260863989591599">
        <ele>344.149</ele>
        <time>2022-05-22T10:22:16Z</time>
      </trkpt>
      <trkpt lat="28.563852980732918" lon="-16.26088603399694">
        <ele>345.36900000000003</ele>
        <time>2022-05-22T10:22:19Z</time>
      </trkpt>
      <trkpt lat="28.56385599821806" lon="-16.260912017896771">
        <ele>346.27600000000001</ele>
        <time>2022-05-22T10:22:22Z</time>
      </trkpt>
      <trkpt lat="28.563859015703201" lon="-16.260933978483081">
        <ele>347.084</ele>
        <time>2022-05-22T10:22:26Z</time>
      </trkpt>
      <trkpt lat="28.563846023753285" lon="-16.260949987918139">
        <ele>348.70699999999999</ele>
        <time>2022-05-22T10:22:31Z</time>
      </trkpt>
      <trkpt lat="28.56383403763175" lon="-16.260970020666718">
        <ele>350.517</ele>
        <time>2022-05-22T10:22:34Z</time>
      </trkpt>
      <trkpt lat="28.563826996833086" lon="-16.261000027880073">
        <ele>352.30900000000003</ele>
        <time>2022-05-22T10:22:37Z</time>
      </trkpt>
      <trkpt lat="28.563826996833086" lon="-16.261020982638001">
        <ele>353.26900000000001</ele>
        <time>2022-05-22T10:22:39Z</time>
      </trkpt>
      <trkpt lat="28.563820961862803" lon="-16.261049984022975">
        <ele>354.88799999999998</ele>
        <time>2022-05-22T10:22:41Z</time>
      </trkpt>
      <trkpt lat="28.563818028196692" lon="-16.261083008721471">
        <ele>356.48099999999999</ele>
        <time>2022-05-22T10:22:43Z</time>
      </trkpt>
      <trkpt lat="28.563820961862803" lon="-16.261108992621303">
        <ele>357.34300000000002</ele>
        <time>2022-05-22T10:22:45Z</time>
      </trkpt>
      <trkpt lat="28.563818028196692" lon="-16.261130031198263">
        <ele>358.51400000000001</ele>
        <time>2022-05-22T10:22:49Z</time>
      </trkpt>
      <trkpt lat="28.563820961862803" lon="-16.261154003441334">
        <ele>359.56400000000002</ele>
        <time>2022-05-22T10:22:51Z</time>
      </trkpt>
      <trkpt lat="28.56381400488317" lon="-16.261174036189914">
        <ele>360.88799999999998</ele>
        <time>2022-05-22T10:22:53Z</time>
      </trkpt>
      <trkpt lat="28.563810987398028" lon="-16.261200020089746">
        <ele>362.298</ele>
        <time>2022-05-22T10:22:58Z</time>
      </trkpt>
      <trkpt lat="28.563807969912887" lon="-16.261220974847674">
        <ele>363.315</ele>
        <time>2022-05-22T10:23:04Z</time>
      </trkpt>
      <trkpt lat="28.563810987398028" lon="-16.261246036738157">
        <ele>364.32299999999998</ele>
        <time>2022-05-22T10:23:11Z</time>
      </trkpt>
      <trkpt lat="28.563797995448112" lon="-16.261261962354183">
        <ele>365.68299999999999</ele>
        <time>2022-05-22T10:23:15Z</time>
      </trkpt>
      <trkpt lat="28.563789026811719" lon="-16.261283000931144">
        <ele>366.911</ele>
        <time>2022-05-22T10:23:21Z</time>
      </trkpt>
      <trkpt lat="28.563776034861803" lon="-16.261299010366201">
        <ele>368.10899999999998</ele>
        <time>2022-05-22T10:23:27Z</time>
      </trkpt>
      <trkpt lat="28.563789026811719" lon="-16.26131996512413">
        <ele>368.53300000000002</ele>
        <time>2022-05-22T10:23:31Z</time>
      </trkpt>
      <trkpt lat="28.563810987398028" lon="-16.261321976780891">
        <ele>367.92200000000003</ele>
        <time>2022-05-22T10:23:33Z</time>
      </trkpt>
      <trkpt lat="28.563830014318228" lon="-16.261312002316117">
        <ele>366.77499999999998</ele>
        <time>2022-05-22T10:23:38Z</time>
      </trkpt>
      <trkpt lat="28.563830014318228" lon="-16.261333040893078">
        <ele>367.74700000000001</ele>
        <time>2022-05-22T10:23:46Z</time>
      </trkpt>
      <trkpt lat="28.563826996833086" lon="-16.261358018964529">
        <ele>369.18799999999999</ele>
        <time>2022-05-22T10:23:51Z</time>
      </trkpt>
      <trkpt lat="28.563810987398028" lon="-16.261380985379219">
        <ele>370.65800000000002</ele>
        <time>2022-05-22T10:23:55Z</time>
      </trkpt>
      <trkpt lat="28.563789026811719" lon="-16.261391965672374">
        <ele>371.572</ele>
        <time>2022-05-22T10:23:57Z</time>
      </trkpt>
      <trkpt lat="28.563776034861803" lon="-16.26140596345067">
        <ele>372.08199999999999</ele>
        <time>2022-05-22T10:23:59Z</time>
      </trkpt>
      <trkpt lat="28.563778968527913" lon="-16.261432031169534">
        <ele>372.089</ele>
        <time>2022-05-22T10:24:01Z</time>
      </trkpt>
      <trkpt lat="28.563781986013055" lon="-16.261453991755843">
        <ele>372.12700000000001</ele>
        <time>2022-05-22T10:24:04Z</time>
      </trkpt>
      <trkpt lat="28.56376999989152" lon="-16.261470001190901">
        <ele>372.66800000000001</ele>
        <time>2022-05-22T10:24:09Z</time>
      </trkpt>
      <trkpt lat="28.56374996714294" lon="-16.261486010625958">
        <ele>373.41399999999999</ele>
        <time>2022-05-22T10:24:14Z</time>
      </trkpt>
      <trkpt lat="28.56374996714294" lon="-16.261520041152835">
        <ele>373.709</ele>
        <time>2022-05-22T10:24:22Z</time>
      </trkpt>
      <trkpt lat="28.563760025426745" lon="-16.261537978425622">
        <ele>373.56299999999999</ele>
        <time>2022-05-22T10:24:24Z</time>
      </trkpt>
      <trkpt lat="28.563778968527913" lon="-16.261538984254003">
        <ele>372.79199999999997</ele>
        <time>2022-05-22T10:24:34Z</time>
      </trkpt>
      <trkpt lat="28.563791960477829" lon="-16.261524986475706">
        <ele>372.13499999999999</ele>
        <time>2022-05-22T10:24:39Z</time>
      </trkpt>
      <trkpt lat="28.56383697129786" lon="-16.261509982869029">
        <ele>370.43700000000001</ele>
        <time>2022-05-22T10:25:16Z</time>
      </trkpt>
      <trkpt lat="28.563843006268144" lon="-16.261530015617609">
        <ele>370.28800000000001</ele>
        <time>2022-05-22T10:25:17Z</time>
      </trkpt>
      <trkpt lat="28.563852980732918" lon="-16.261557005345821">
        <ele>369.88799999999998</ele>
        <time>2022-05-22T10:25:19Z</time>
      </trkpt>
      <trkpt lat="28.563862033188343" lon="-16.261587012559175">
        <ele>369.42200000000003</ele>
        <time>2022-05-22T10:25:21Z</time>
      </trkpt>
      <trkpt lat="28.563872007653117" lon="-16.261605033650994">
        <ele>369.02199999999999</ele>
        <time>2022-05-22T10:25:22Z</time>
      </trkpt>
      <trkpt lat="28.563881982117891" lon="-16.261635040864348">
        <ele>368.46899999999999</ele>
        <time>2022-05-22T10:25:24Z</time>
      </trkpt>
      <trkpt lat="28.563881982117891" lon="-16.261659013107419">
        <ele>368.42399999999998</ele>
        <time>2022-05-22T10:25:26Z</time>
      </trkpt>
      <trkpt lat="28.563881982117891" lon="-16.261688014492393">
        <ele>368.60399999999998</ele>
        <time>2022-05-22T10:25:28Z</time>
      </trkpt>
      <trkpt lat="28.563872007653117" lon="-16.261709975078702">
        <ele>369.31400000000002</ele>
        <time>2022-05-22T10:25:30Z</time>
      </trkpt>
      <trkpt lat="28.563881982117891" lon="-16.261744005605578">
        <ele>369.209</ele>
        <time>2022-05-22T10:25:32Z</time>
      </trkpt>
      <trkpt lat="28.563897991552949" lon="-16.261765966191888">
        <ele>369.29300000000001</ele>
        <time>2022-05-22T10:25:34Z</time>
      </trkpt>
      <trkpt lat="28.56392003595829" lon="-16.261783987283707">
        <ele>369.75200000000001</ele>
        <time>2022-05-22T10:25:36Z</time>
      </trkpt>
      <trkpt lat="28.5639419965446" lon="-16.261803014203906">
        <ele>370.22500000000002</ele>
        <time>2022-05-22T10:25:38Z</time>
      </trkpt>
      <trkpt lat="28.563946019858122" lon="-16.261828998103738">
        <ele>370.56700000000001</ele>
        <time>2022-05-22T10:25:42Z</time>
      </trkpt>
      <trkpt lat="28.563967980444431" lon="-16.261842995882034">
        <ele>371.048</ele>
        <time>2022-05-22T10:25:48Z</time>
      </trkpt>
      <trkpt lat="28.563970997929573" lon="-16.261864034458995">
        <ele>371.22800000000001</ele>
        <time>2022-05-22T10:25:53Z</time>
      </trkpt>
      <trkpt lat="28.563978038728237" lon="-16.261894041672349">
        <ele>371.58199999999999</ele>
        <time>2022-05-22T10:25:59Z</time>
      </trkpt>
      <trkpt lat="28.563970997929573" lon="-16.261925976723433">
        <ele>371.71199999999999</ele>
        <time>2022-05-22T10:26:01Z</time>
      </trkpt>
      <trkpt lat="28.563974015414715" lon="-16.261953972280025">
        <ele>372.18900000000002</ele>
        <time>2022-05-22T10:26:03Z</time>
      </trkpt>
      <trkpt lat="28.563978038728237" lon="-16.261974005028605">
        <ele>372.66800000000001</ele>
        <time>2022-05-22T10:26:06Z</time>
      </trkpt>
      <trkpt lat="28.563983989879489" lon="-16.261997977271676">
        <ele>373.24200000000002</ele>
        <time>2022-05-22T10:26:09Z</time>
      </trkpt>
      <trkpt lat="28.563980972394347" lon="-16.262023961171508">
        <ele>373.726</ele>
        <time>2022-05-22T10:26:11Z</time>
      </trkpt>
      <trkpt lat="28.563987007364631" lon="-16.262044999748468">
        <ele>374.209</ele>
        <time>2022-05-22T10:26:16Z</time>
      </trkpt>
      <trkpt lat="28.563987007364631" lon="-16.262066038325429">
        <ele>374.77699999999999</ele>
        <time>2022-05-22T10:26:18Z</time>
      </trkpt>
      <trkpt lat="28.563970997929573" lon="-16.262084981426597">
        <ele>375.08600000000001</ele>
        <time>2022-05-22T10:26:24Z</time>
      </trkpt>
      <trkpt lat="28.56396202929318" lon="-16.262109959498048">
        <ele>375.589</ele>
        <time>2022-05-22T10:26:32Z</time>
      </trkpt>
      <trkpt lat="28.563951971009374" lon="-16.262130998075008">
        <ele>375.971</ele>
        <time>2022-05-22T10:26:34Z</time>
      </trkpt>
      <trkpt lat="28.563946019858122" lon="-16.262153964489698">
        <ele>376.41199999999998</ele>
        <time>2022-05-22T10:26:36Z</time>
      </trkpt>
      <trkpt lat="28.563935961574316" lon="-16.262170979753137">
        <ele>376.83199999999999</ele>
        <time>2022-05-22T10:26:39Z</time>
      </trkpt>
      <trkpt lat="28.563933027908206" lon="-16.262196963652968">
        <ele>377.42599999999999</ele>
        <time>2022-05-22T10:26:41Z</time>
      </trkpt>
      <trkpt lat="28.56392003595829" lon="-16.262212973088026">
        <ele>377.88600000000002</ele>
        <time>2022-05-22T10:26:44Z</time>
      </trkpt>
      <trkpt lat="28.56392003595829" lon="-16.262241974473">
        <ele>378.91300000000001</ele>
        <time>2022-05-22T10:26:50Z</time>
      </trkpt>
      <trkpt lat="28.56392003595829" lon="-16.26226200722158">
        <ele>379.81799999999998</ele>
        <time>2022-05-22T10:26:53Z</time>
      </trkpt>
      <trkpt lat="28.56392003595829" lon="-16.262291008606553">
        <ele>381.19799999999998</ele>
        <time>2022-05-22T10:26:57Z</time>
      </trkpt>
      <trkpt lat="28.563917018473148" lon="-16.262320009991527">
        <ele>382.41699999999997</ele>
        <time>2022-05-22T10:27:00Z</time>
      </trkpt>
      <trkpt lat="28.5639229696244" lon="-16.262343982234597">
        <ele>383.50900000000001</ele>
        <time>2022-05-22T10:27:03Z</time>
      </trkpt>
      <trkpt lat="28.563906960189342" lon="-16.262354040518403">
        <ele>383.88200000000001</ele>
        <time>2022-05-22T10:27:09Z</time>
      </trkpt>
      <trkpt lat="28.563917018473148" lon="-16.262379018589854">
        <ele>385.08100000000002</ele>
        <time>2022-05-22T10:27:12Z</time>
      </trkpt>
      <trkpt lat="28.563933027908206" lon="-16.262397961691022">
        <ele>386.09399999999999</ele>
        <time>2022-05-22T10:27:15Z</time>
      </trkpt>
      <trkpt lat="28.5639419965446" lon="-16.262422017753124">
        <ele>387.26600000000002</ele>
        <time>2022-05-22T10:27:17Z</time>
      </trkpt>
      <trkpt lat="28.563946019858122" lon="-16.262448001652956">
        <ele>388.41699999999997</ele>
        <time>2022-05-22T10:27:20Z</time>
      </trkpt>
      <trkpt lat="28.56396202929318" lon="-16.262471973896027">
        <ele>389.75700000000001</ele>
        <time>2022-05-22T10:27:23Z</time>
      </trkpt>
      <trkpt lat="28.563983989879489" lon="-16.262489994987845">
        <ele>390.95100000000002</ele>
        <time>2022-05-22T10:27:25Z</time>
      </trkpt>
      <trkpt lat="28.564009973779321" lon="-16.262500975281">
        <ele>391.82100000000003</ele>
        <time>2022-05-22T10:27:28Z</time>
      </trkpt>
      <trkpt lat="28.56402900069952" lon="-16.262507010251284">
        <ele>392.298</ele>
        <time>2022-05-22T10:27:31Z</time>
      </trkpt>
      <trkpt lat="28.56405096128583" lon="-16.262513967230916">
        <ele>392.738</ele>
        <time>2022-05-22T10:27:34Z</time>
      </trkpt>
      <trkpt lat="28.564069988206029" lon="-16.2625200022012">
        <ele>393.17000000000002</ele>
        <time>2022-05-22T10:27:37Z</time>
      </trkpt>
      <trkpt lat="28.564079962670803" lon="-16.262501981109381">
        <ele>392.81700000000001</ele>
        <time>2022-05-22T10:27:40Z</time>
      </trkpt>
      <trkpt lat="28.564106030389667" lon="-16.262512039393187">
        <ele>393.50900000000001</ele>
        <time>2022-05-22T10:27:45Z</time>
      </trkpt>
      <trkpt lat="28.564122039824724" lon="-16.262529976665974">
        <ele>394.29399999999998</ele>
        <time>2022-05-22T10:27:47Z</time>
      </trkpt>
      <trkpt lat="28.564134025946259" lon="-16.262546991929412">
        <ele>394.863</ele>
        <time>2022-05-22T10:27:50Z</time>
      </trkpt>
      <trkpt lat="28.564134025946259" lon="-16.262573981657624">
        <ele>395.64600000000002</ele>
        <time>2022-05-22T10:27:52Z</time>
      </trkpt>
      <trkpt lat="28.564131008461118" lon="-16.262598037719727">
        <ele>396.21800000000002</ele>
        <time>2022-05-22T10:27:56Z</time>
      </trkpt>
      <trkpt lat="28.564118016511202" lon="-16.262615974992514">
        <ele>396.54899999999998</ele>
        <time>2022-05-22T10:28:00Z</time>
      </trkpt>
      <trkpt lat="28.564106030389667" lon="-16.262601977214217">
        <ele>395.98899999999998</ele>
        <time>2022-05-22T10:28:05Z</time>
      </trkpt>
      <trkpt lat="28.564077029004693" lon="-16.262613041326404">
        <ele>395.78300000000002</ele>
        <time>2022-05-22T10:28:07Z</time>
      </trkpt>
      <trkpt lat="28.564053978770971" lon="-16.26262997277081">
        <ele>395.78300000000002</ele>
        <time>2022-05-22T10:28:09Z</time>
      </trkpt>
      <trkpt lat="28.564041992649436" lon="-16.26265000551939">
        <ele>396.07999999999998</ele>
        <time>2022-05-22T10:28:11Z</time>
      </trkpt>
      <trkpt lat="28.564021959900856" lon="-16.26265000551939">
        <ele>395.72800000000001</ele>
        <time>2022-05-22T10:28:15Z</time>
      </trkpt>
      <trkpt lat="28.564009973779321" lon="-16.262664003297687">
        <ele>395.88900000000001</ele>
        <time>2022-05-22T10:28:19Z</time>
      </trkpt>
      <trkpt lat="28.563999999314547" lon="-16.262685963883996">
        <ele>396.21699999999998</ele>
        <time>2022-05-22T10:28:26Z</time>
      </trkpt>
      <trkpt lat="28.563978038728237" lon="-16.262707002460957">
        <ele>396.209</ele>
        <time>2022-05-22T10:28:29Z</time>
      </trkpt>
      <trkpt lat="28.563967980444431" lon="-16.262738015502691">
        <ele>396.88299999999998</ele>
        <time>2022-05-22T10:28:31Z</time>
      </trkpt>
      <trkpt lat="28.56396202929318" lon="-16.262762993574142">
        <ele>397.262</ele>
        <time>2022-05-22T10:28:33Z</time>
      </trkpt>
      <trkpt lat="28.563958005979657" lon="-16.262791994959116">
        <ele>397.84500000000003</ele>
        <time>2022-05-22T10:28:35Z</time>
      </trkpt>
      <trkpt lat="28.563954988494515" lon="-16.262817978858948">
        <ele>398.21699999999998</ele>
        <time>2022-05-22T10:28:37Z</time>
      </trkpt>
      <trkpt lat="28.563946019858122" lon="-16.262837005779147">
        <ele>398.36799999999999</ele>
        <time>2022-05-22T10:28:41Z</time>
      </trkpt>
      <trkpt lat="28.563938979059458" lon="-16.262869024649262">
        <ele>398.738</ele>
        <time>2022-05-22T10:28:44Z</time>
      </trkpt>
      <trkpt lat="28.563935961574316" lon="-16.262890985235572">
        <ele>399.09199999999998</ele>
        <time>2022-05-22T10:28:47Z</time>
      </trkpt>
      <trkpt lat="28.563938979059458" lon="-16.262916969135404">
        <ele>399.572</ele>
        <time>2022-05-22T10:28:49Z</time>
      </trkpt>
      <trkpt lat="28.5639419965446" lon="-16.262941025197506">
        <ele>400.15899999999999</ele>
        <time>2022-05-22T10:28:51Z</time>
      </trkpt>
      <trkpt lat="28.563938979059458" lon="-16.262964997440577">
        <ele>400.49900000000002</ele>
        <time>2022-05-22T10:28:54Z</time>
      </trkpt>
      <trkpt lat="28.563933027908206" lon="-16.262984024360776">
        <ele>400.50700000000001</ele>
        <time>2022-05-22T10:28:56Z</time>
      </trkpt>
      <trkpt lat="28.563949037343264" lon="-16.263007996603847">
        <ele>401.52699999999999</ele>
        <time>2022-05-22T10:28:58Z</time>
      </trkpt>
      <trkpt lat="28.56396496295929" lon="-16.263018976897001">
        <ele>402.30900000000003</ele>
        <time>2022-05-22T10:28:59Z</time>
      </trkpt>
      <trkpt lat="28.563980972394347" lon="-16.263001961633563">
        <ele>402.68000000000001</ele>
        <time>2022-05-22T10:29:02Z</time>
      </trkpt>
      <trkpt lat="28.563990024849772" lon="-16.262977989390492">
        <ele>402.46899999999999</ele>
        <time>2022-05-22T10:29:05Z</time>
      </trkpt>
      <trkpt lat="28.56400603428483" lon="-16.262959968298674">
        <ele>402.52199999999999</ele>
        <time>2022-05-22T10:29:08Z</time>
      </trkpt>
      <trkpt lat="28.564019026234746" lon="-16.262975977733731">
        <ele>403.31400000000002</ele>
        <time>2022-05-22T10:29:13Z</time>
      </trkpt>
      <trkpt lat="28.564035035669804" lon="-16.262998022139072">
        <ele>404.41500000000002</ele>
        <time>2022-05-22T10:29:18Z</time>
      </trkpt>
      <trkpt lat="28.564041992649436" lon="-16.263026017695665">
        <ele>405.34500000000003</ele>
        <time>2022-05-22T10:29:22Z</time>
      </trkpt>
      <trkpt lat="28.564037969335914" lon="-16.263054013252258">
        <ele>405.98899999999998</ele>
        <time>2022-05-22T10:29:24Z</time>
      </trkpt>
      <trkpt lat="28.56405096128583" lon="-16.263074968010187">
        <ele>407.03899999999999</ele>
        <time>2022-05-22T10:29:28Z</time>
      </trkpt>
      <trkpt lat="28.564058002084494" lon="-16.263098018243909">
        <ele>408.01600000000002</ele>
        <time>2022-05-22T10:29:30Z</time>
      </trkpt>
      <trkpt lat="28.564066970720887" lon="-16.263115033507347">
        <ele>408.827</ele>
        <time>2022-05-22T10:29:33Z</time>
      </trkpt>
      <trkpt lat="28.564069988206029" lon="-16.263135988265276">
        <ele>409.66800000000001</ele>
        <time>2022-05-22T10:29:37Z</time>
      </trkpt>
      <trkpt lat="28.564074011519551" lon="-16.263157026842237">
        <ele>410.41399999999999</ele>
        <time>2022-05-22T10:29:40Z</time>
      </trkpt>
      <trkpt lat="28.564066970720887" lon="-16.263178987428546">
        <ele>410.709</ele>
        <time>2022-05-22T10:29:42Z</time>
      </trkpt>
      <trkpt lat="28.564061019569635" lon="-16.263202959671617">
        <ele>411.27300000000002</ele>
        <time>2022-05-22T10:29:45Z</time>
      </trkpt>
      <trkpt lat="28.564074011519551" lon="-16.263221986591816">
        <ele>412.33199999999999</ele>
        <time>2022-05-22T10:29:47Z</time>
      </trkpt>
      <trkpt lat="28.564079962670803" lon="-16.263245958834887">
        <ele>413.315</ele>
        <time>2022-05-22T10:29:50Z</time>
      </trkpt>
      <trkpt lat="28.564090020954609" lon="-16.263265991583467">
        <ele>414.42700000000002</ele>
        <time>2022-05-22T10:29:52Z</time>
      </trkpt>
      <trkpt lat="28.564090020954609" lon="-16.263286024332047">
        <ele>415.01799999999997</ele>
        <time>2022-05-22T10:29:54Z</time>
      </trkpt>
      <trkpt lat="28.564079962670803" lon="-16.263306979089975">
        <ele>415.11799999999999</ele>
        <time>2022-05-22T10:29:57Z</time>
      </trkpt>
      <trkpt lat="28.564079962670803" lon="-16.263331035152078">
        <ele>415.96199999999999</ele>
        <time>2022-05-22T10:30:00Z</time>
      </trkpt>
      <trkpt lat="28.564085997641087" lon="-16.263357019051909">
        <ele>417.27199999999999</ele>
        <time>2022-05-22T10:30:03Z</time>
      </trkpt>
      <trkpt lat="28.564079962670803" lon="-16.263384008780122">
        <ele>418.089</ele>
        <time>2022-05-22T10:30:08Z</time>
      </trkpt>
      <trkpt lat="28.564069988206029" lon="-16.263402029871941">
        <ele>418.39100000000002</ele>
        <time>2022-05-22T10:30:10Z</time>
      </trkpt>
      <trkpt lat="28.564069988206029" lon="-16.26342399045825">
        <ele>419.28100000000001</ele>
        <time>2022-05-22T10:30:14Z</time>
      </trkpt>
      <trkpt lat="28.564066970720887" lon="-16.263447962701321">
        <ele>420.11900000000003</ele>
        <time>2022-05-22T10:30:20Z</time>
      </trkpt>
      <trkpt lat="28.564069988206029" lon="-16.263472018763423">
        <ele>421.209</ele>
        <time>2022-05-22T10:30:27Z</time>
      </trkpt>
      <trkpt lat="28.564085997641087" lon="-16.263481993228197">
        <ele>422.23000000000002</ele>
        <time>2022-05-22T10:30:33Z</time>
      </trkpt>
      <trkpt lat="28.564093038439751" lon="-16.263461960479617">
        <ele>421.72899999999998</ele>
        <time>2022-05-22T10:30:40Z</time>
      </trkpt>
      <trkpt lat="28.564095972105861" lon="-16.263442011550069">
        <ele>421.05200000000002</ele>
        <time>2022-05-22T10:30:44Z</time>
      </trkpt>
      <trkpt lat="28.564118016511202" lon="-16.263458020985126">
        <ele>422.51400000000001</ele>
        <time>2022-05-22T10:31:04Z</time>
      </trkpt>
      <trkpt lat="28.564127990975976" lon="-16.263488028198481">
        <ele>424.185</ele>
        <time>2022-05-22T10:31:06Z</time>
      </trkpt>
      <trkpt lat="28.564134025946259" lon="-16.26353002153337">
        <ele>425.995</ele>
        <time>2022-05-22T10:31:08Z</time>
      </trkpt>
      <trkpt lat="28.564150035381317" lon="-16.263562040403485">
        <ele>427.63900000000001</ele>
        <time>2022-05-22T10:31:10Z</time>
      </trkpt>
      <trkpt lat="28.56415699236095" lon="-16.263586012646556">
        <ele>428.81900000000002</ele>
        <time>2022-05-22T10:31:12Z</time>
      </trkpt>
      <trkpt lat="28.564169984310865" lon="-16.263609984889627">
        <ele>430.166</ele>
        <time>2022-05-22T10:31:15Z</time>
      </trkpt>
      <trkpt lat="28.564165960997343" lon="-16.263630017638206">
        <ele>430.43900000000002</ele>
        <time>2022-05-22T10:31:18Z</time>
      </trkpt>
      <trkpt lat="28.564165960997343" lon="-16.263663964346051">
        <ele>431.101</ele>
        <time>2022-05-22T10:31:22Z</time>
      </trkpt>
      <trkpt lat="28.564163027331233" lon="-16.263685002923012">
        <ele>431.52100000000002</ele>
        <time>2022-05-22T10:31:24Z</time>
      </trkpt>
      <trkpt lat="28.564169984310865" lon="-16.263708975166082">
        <ele>432.30900000000003</ele>
        <time>2022-05-22T10:31:29Z</time>
      </trkpt>
      <trkpt lat="28.564169984310865" lon="-16.263734037056565">
        <ele>432.85399999999998</ele>
        <time>2022-05-22T10:31:32Z</time>
      </trkpt>
      <trkpt lat="28.564160009846091" lon="-16.263758009299636">
        <ele>433.03300000000002</ele>
        <time>2022-05-22T10:31:36Z</time>
      </trkpt>
      <trkpt lat="28.564150035381317" lon="-16.263780975714326">
        <ele>433.29599999999999</ele>
        <time>2022-05-22T10:31:39Z</time>
      </trkpt>
      <trkpt lat="28.564150035381317" lon="-16.263807965442538">
        <ele>433.82799999999997</ele>
        <time>2022-05-22T10:31:42Z</time>
      </trkpt>
      <trkpt lat="28.564144000411034" lon="-16.263835038989782">
        <ele>434.37900000000002</ele>
        <time>2022-05-22T10:31:44Z</time>
      </trkpt>
      <trkpt lat="28.564144000411034" lon="-16.263862028717995">
        <ele>434.97899999999998</ele>
        <time>2022-05-22T10:31:46Z</time>
      </trkpt>
      <trkpt lat="28.564147017896175" lon="-16.263888012617826">
        <ele>435.68299999999999</ele>
        <time>2022-05-22T10:31:48Z</time>
      </trkpt>
      <trkpt lat="28.564150035381317" lon="-16.263908967375755">
        <ele>435.94299999999998</ele>
        <time>2022-05-22T10:31:50Z</time>
      </trkpt>
      <trkpt lat="28.564173001796007" lon="-16.263921959325671">
        <ele>436.98000000000002</ele>
        <time>2022-05-22T10:31:52Z</time>
      </trkpt>
      <trkpt lat="28.564189011231065" lon="-16.263940986245871">
        <ele>438.29500000000002</ele>
        <time>2022-05-22T10:31:54Z</time>
      </trkpt>
      <trkpt lat="28.564192028716207" lon="-16.263965964317322">
        <ele>438.84899999999999</ele>
        <time>2022-05-22T10:31:57Z</time>
      </trkpt>
      <trkpt lat="28.564179036766291" lon="-16.263983985409141">
        <ele>438.22300000000001</ele>
        <time>2022-05-22T10:32:00Z</time>
      </trkpt>
      <trkpt lat="28.564192028716207" lon="-16.264006029814482">
        <ele>439.40899999999999</ele>
        <time>2022-05-22T10:32:03Z</time>
      </trkpt>
      <trkpt lat="28.564205020666122" lon="-16.264021033421159">
        <ele>440.51999999999998</ele>
        <time>2022-05-22T10:32:05Z</time>
      </trkpt>
      <trkpt lat="28.564208038151264" lon="-16.264042994007468">
        <ele>441.16899999999998</ele>
        <time>2022-05-22T10:32:09Z</time>
      </trkpt>
      <trkpt lat="28.56422396376729" lon="-16.264055985957384">
        <ele>442.49200000000002</ele>
        <time>2022-05-22T10:32:14Z</time>
      </trkpt>
      <trkpt lat="28.564237039536238" lon="-16.264071995392442">
        <ele>443.56400000000002</ele>
        <time>2022-05-22T10:32:26Z</time>
      </trkpt>
      <trkpt lat="28.564218012616038" lon="-16.264078030362725">
        <ele>442.375</ele>
        <time>2022-05-22T10:32:30Z</time>
      </trkpt>
      <trkpt lat="28.564197979867458" lon="-16.264081969857216">
        <ele>441.04500000000002</ele>
        <time>2022-05-22T10:32:35Z</time>
      </trkpt>
      <trkpt lat="28.564179036766291" lon="-16.264085993170738">
        <ele>439.79899999999998</ele>
        <time>2022-05-22T10:32:38Z</time>
      </trkpt>
      <trkpt lat="28.564160009846091" lon="-16.264108959585428">
        <ele>439.11900000000003</ele>
        <time>2022-05-22T10:32:41Z</time>
      </trkpt>
      <trkpt lat="28.564147017896175" lon="-16.264123041182756">
        <ele>439.11599999999999</ele>
        <time>2022-05-22T10:32:44Z</time>
      </trkpt>
      <trkpt lat="28.564127990975976" lon="-16.264138966798782">
        <ele>439.02499999999998</ele>
        <time>2022-05-22T10:32:47Z</time>
      </trkpt>
      <trkpt lat="28.564127990975976" lon="-16.264160005375743">
        <ele>439.32600000000002</ele>
        <time>2022-05-22T10:32:50Z</time>
      </trkpt>
      <trkpt lat="28.564131008461118" lon="-16.264181965962052">
        <ele>440.00799999999998</ele>
        <time>2022-05-22T10:32:54Z</time>
      </trkpt>
      <trkpt lat="28.564150035381317" lon="-16.264179032295942">
        <ele>440.209</ele>
        <time>2022-05-22T10:32:58Z</time>
      </trkpt>
      <trkpt lat="28.564169984310865" lon="-16.264169979840517">
        <ele>440.37299999999999</ele>
        <time>2022-05-22T10:33:00Z</time>
      </trkpt>
      <trkpt lat="28.564189011231065" lon="-16.264169979840517">
        <ele>441.77199999999999</ele>
        <time>2022-05-22T10:33:02Z</time>
      </trkpt>
      <trkpt lat="28.564208038151264" lon="-16.264160005375743">
        <ele>442.935</ele>
        <time>2022-05-22T10:33:04Z</time>
      </trkpt>
      <trkpt lat="28.564197979867458" lon="-16.264181965962052">
        <ele>442.77699999999999</ele>
        <time>2022-05-22T10:33:12Z</time>
      </trkpt>
      <trkpt lat="28.564185993745923" lon="-16.264196969568729">
        <ele>442.37799999999999</ele>
        <time>2022-05-22T10:33:15Z</time>
      </trkpt>
      <trkpt lat="28.564179036766291" lon="-16.264219013974071">
        <ele>442.59800000000001</ele>
        <time>2022-05-22T10:33:20Z</time>
      </trkpt>
      <trkpt lat="28.564173001796007" lon="-16.26423804089427">
        <ele>442.71199999999999</ele>
        <time>2022-05-22T10:33:22Z</time>
      </trkpt>
      <trkpt lat="28.564163027331233" lon="-16.264257989823818">
        <ele>442.98200000000003</ele>
        <time>2022-05-22T10:33:27Z</time>
      </trkpt>
      <trkpt lat="28.564147017896175" lon="-16.264285985380411">
        <ele>443.61900000000003</ele>
        <time>2022-05-22T10:33:30Z</time>
      </trkpt>
      <trkpt lat="28.564144000411034" lon="-16.264307023957372">
        <ele>444.21199999999999</ele>
        <time>2022-05-22T10:33:33Z</time>
      </trkpt>
      <trkpt lat="28.564140982925892" lon="-16.264327978715301">
        <ele>444.93200000000002</ele>
        <time>2022-05-22T10:33:36Z</time>
      </trkpt>
      <trkpt lat="28.564134025946259" lon="-16.264349017292261">
        <ele>445.40499999999997</ele>
        <time>2022-05-22T10:33:42Z</time>
      </trkpt>
      <trkpt lat="28.564140982925892" lon="-16.264367960393429">
        <ele>446.209</ele>
        <time>2022-05-22T10:33:46Z</time>
      </trkpt>
      <trkpt lat="28.56413796544075" lon="-16.264388998970389">
        <ele>446.85199999999998</ele>
        <time>2022-05-22T10:33:49Z</time>
      </trkpt>
      <trkpt lat="28.564127990975976" lon="-16.26441003754735">
        <ele>447.33100000000002</ele>
        <time>2022-05-22T10:33:56Z</time>
      </trkpt>
      <trkpt lat="28.564122039824724" lon="-16.264429986476898">
        <ele>447.92399999999998</ele>
        <time>2022-05-22T10:34:01Z</time>
      </trkpt>
      <trkpt lat="28.564127990975976" lon="-16.264453958719969">
        <ele>449.036</ele>
        <time>2022-05-22T10:34:06Z</time>
      </trkpt>
      <trkpt lat="28.564122039824724" lon="-16.264478014782071">
        <ele>450.46699999999998</ele>
        <time>2022-05-22T10:34:13Z</time>
      </trkpt>
      <trkpt lat="28.564122039824724" lon="-16.264500981196761">
        <ele>451.77699999999999</ele>
        <time>2022-05-22T10:34:19Z</time>
      </trkpt>
      <trkpt lat="28.564122039824724" lon="-16.264523025602102">
        <ele>453.161</ele>
        <time>2022-05-22T10:34:23Z</time>
      </trkpt>
      <trkpt lat="28.564131008461118" lon="-16.26454196870327">
        <ele>454.24099999999999</ele>
        <time>2022-05-22T10:34:32Z</time>
      </trkpt>
      <trkpt lat="28.564134025946259" lon="-16.264565018936992">
        <ele>455.64800000000002</ele>
        <time>2022-05-22T10:34:38Z</time>
      </trkpt>
      <trkpt lat="28.564122039824724" lon="-16.264585973694921">
        <ele>456.89699999999999</ele>
        <time>2022-05-22T10:34:43Z</time>
      </trkpt>
      <trkpt lat="28.56411499902606" lon="-16.264606006443501">
        <ele>458.12299999999999</ele>
        <time>2022-05-22T10:34:48Z</time>
      </trkpt>
      <trkpt lat="28.56411499902606" lon="-16.264628972858191">
        <ele>459.52499999999998</ele>
        <time>2022-05-22T10:34:53Z</time>
      </trkpt>
      <trkpt lat="28.56411499902606" lon="-16.264653028920293">
        <ele>460.90899999999999</ele>
        <time>2022-05-22T10:34:58Z</time>
      </trkpt>
      <trkpt lat="28.564106030389667" lon="-16.264671972021461">
        <ele>462.26999999999998</ele>
        <time>2022-05-22T10:35:02Z</time>
      </trkpt>
      <trkpt lat="28.564098989591002" lon="-16.264694016426802">
        <ele>463.79899999999998</ele>
        <time>2022-05-22T10:35:08Z</time>
      </trkpt>
      <trkpt lat="28.564093038439751" lon="-16.264717988669872">
        <ele>465.33199999999999</ele>
        <time>2022-05-22T10:35:14Z</time>
      </trkpt>
      <trkpt lat="28.564095972105861" lon="-16.264741960912943">
        <ele>467.42399999999998</ele>
        <time>2022-05-22T10:35:18Z</time>
      </trkpt>
      <trkpt lat="28.56411499902606" lon="-16.264746990054846">
        <ele>467.565</ele>
        <time>2022-05-22T10:35:24Z</time>
      </trkpt>
      <trkpt lat="28.56413796544075" lon="-16.26473399810493">
        <ele>465.72500000000002</ele>
        <time>2022-05-22T10:35:28Z</time>
      </trkpt>
      <trkpt lat="28.564150035381317" lon="-16.26475403085351">
        <ele>467.32900000000001</ele>
        <time>2022-05-22T10:35:35Z</time>
      </trkpt>
      <trkpt lat="28.564147017896175" lon="-16.264775991439819">
        <ele>469.589</ele>
        <time>2022-05-22T10:35:39Z</time>
      </trkpt>
      <trkpt lat="28.564131008461118" lon="-16.264795018360019">
        <ele>471.67599999999999</ele>
        <time>2022-05-22T10:35:42Z</time>
      </trkpt>
      <trkpt lat="28.564127990975976" lon="-16.264815973117948">
        <ele>473.76600000000002</ele>
        <time>2022-05-22T10:35:46Z</time>
      </trkpt>
      <trkpt lat="28.56413796544075" lon="-16.264838017523289">
        <ele>475.529</ele>
        <time>2022-05-22T10:35:48Z</time>
      </trkpt>
      <trkpt lat="28.564140982925892" lon="-16.26486400142312">
        <ele>477.92099999999999</ele>
        <time>2022-05-22T10:35:53Z</time>
      </trkpt>
      <trkpt lat="28.564134025946259" lon="-16.26488302834332">
        <ele>479.90899999999999</ele>
        <time>2022-05-22T10:35:57Z</time>
      </trkpt>
      <trkpt lat="28.56411499902606" lon="-16.264893002808094">
        <ele>481.37700000000001</ele>
        <time>2022-05-22T10:36:01Z</time>
      </trkpt>
      <trkpt lat="28.564095972105861" lon="-16.264901971444488">
        <ele>482.786</ele>
        <time>2022-05-22T10:36:04Z</time>
      </trkpt>
      <trkpt lat="28.564079962670803" lon="-16.264893002808094">
        <ele>482.21899999999999</ele>
        <time>2022-05-22T10:36:09Z</time>
      </trkpt>
      <trkpt lat="28.564058002084494" lon="-16.26488596200943">
        <ele>482.13099999999997</ele>
        <time>2022-05-22T10:36:13Z</time>
      </trkpt>
      <trkpt lat="28.564037969335914" lon="-16.264871964231133">
        <ele>481.38200000000001</ele>
        <time>2022-05-22T10:36:18Z</time>
      </trkpt>
      <trkpt lat="28.564021959900856" lon="-16.264860983937979">
        <ele>480.69200000000001</ele>
        <time>2022-05-22T10:36:21Z</time>
      </trkpt>
      <trkpt lat="28.56400603428483" lon="-16.264847991988063">
        <ele>479.83600000000001</ele>
        <time>2022-05-22T10:36:26Z</time>
      </trkpt>
      <trkpt lat="28.563990024849772" lon="-16.264831982553005">
        <ele>478.64600000000002</ele>
        <time>2022-05-22T10:36:31Z</time>
      </trkpt>
      <trkpt lat="28.563970997929573" lon="-16.264821002259851">
        <ele>478.02300000000002</ele>
        <time>2022-05-22T10:36:33Z</time>
      </trkpt>
      <trkpt lat="28.56396202929318" lon="-16.264802981168032">
        <ele>476.46800000000002</ele>
        <time>2022-05-22T10:36:37Z</time>
      </trkpt>
      <trkpt lat="28.563951971009374" lon="-16.264785965904593">
        <ele>475.04199999999997</ele>
        <time>2022-05-22T10:36:41Z</time>
      </trkpt>
      <trkpt lat="28.563949037343264" lon="-16.264757970348001">
        <ele>472.32600000000002</ele>
        <time>2022-05-22T10:36:44Z</time>
      </trkpt>
      <trkpt lat="28.5639419965446" lon="-16.264730980619788">
        <ele>469.709</ele>
        <time>2022-05-22T10:36:47Z</time>
      </trkpt>
      <trkpt lat="28.563933027908206" lon="-16.26471396535635">
        <ele>468.47699999999998</ele>
        <time>2022-05-22T10:36:48Z</time>
      </trkpt>
      <trkpt lat="28.56392003595829" lon="-16.264696028083563">
        <ele>467.166</ele>
        <time>2022-05-22T10:36:50Z</time>
      </trkpt>
      <trkpt lat="28.563904026523232" lon="-16.264674989506602">
        <ele>465.59899999999999</ele>
        <time>2022-05-22T10:36:53Z</time>
      </trkpt>
      <trkpt lat="28.563888017088175" lon="-16.264661997556686">
        <ele>464.64100000000002</ele>
        <time>2022-05-22T10:36:56Z</time>
      </trkpt>
      <trkpt lat="28.563872007653117" lon="-16.264641964808106">
        <ele>464.11200000000002</ele>
        <time>2022-05-22T10:36:58Z</time>
      </trkpt>
      <trkpt lat="28.563865972682834" lon="-16.264617992565036">
        <ele>462.43200000000002</ele>
        <time>2022-05-22T10:37:00Z</time>
      </trkpt>
      <trkpt lat="28.563852980732918" lon="-16.264599971473217">
        <ele>461.77600000000001</ele>
        <time>2022-05-22T10:37:02Z</time>
      </trkpt>
      <trkpt lat="28.56383403763175" lon="-16.264594020321965">
        <ele>462.536</ele>
        <time>2022-05-22T10:37:04Z</time>
      </trkpt>
      <trkpt lat="28.563818028196692" lon="-16.264575999230146">
        <ele>462.06299999999999</ele>
        <time>2022-05-22T10:37:06Z</time>
      </trkpt>
      <trkpt lat="28.563797995448112" lon="-16.264568036422133">
        <ele>462.75900000000001</ele>
        <time>2022-05-22T10:37:08Z</time>
      </trkpt>
      <trkpt lat="28.563778968527913" lon="-16.264565018936992">
        <ele>463.803</ele>
        <time>2022-05-22T10:37:10Z</time>
      </trkpt>
      <trkpt lat="28.563760025426745" lon="-16.264550015330315">
        <ele>463.72300000000001</ele>
        <time>2022-05-22T10:37:13Z</time>
      </trkpt>
      <trkpt lat="28.563744015991688" lon="-16.26453903503716">
        <ele>463.80900000000003</ele>
        <time>2022-05-22T10:37:15Z</time>
      </trkpt>
      <trkpt lat="28.56372800655663" lon="-16.264529982581735">
        <ele>464.02600000000001</ele>
        <time>2022-05-22T10:37:17Z</time>
      </trkpt>
      <trkpt lat="28.563702022656798" lon="-16.264517996460199">
        <ele>464.685</ele>
        <time>2022-05-22T10:37:20Z</time>
      </trkpt>
      <trkpt lat="28.563682995736599" lon="-16.264510033652186">
        <ele>465.19799999999998</ele>
        <time>2022-05-22T10:37:22Z</time>
      </trkpt>
      <trkpt lat="28.56366103515029" lon="-16.264509027823806">
        <ele>466.51999999999998</ele>
        <time>2022-05-22T10:37:25Z</time>
      </trkpt>
      <trkpt lat="28.56364200823009" lon="-16.264509027823806">
        <ele>467.82100000000003</ele>
        <time>2022-05-22T10:37:28Z</time>
      </trkpt>
      <trkpt lat="28.56362197548151" lon="-16.264503998681903">
        <ele>468.75099999999998</ele>
        <time>2022-05-22T10:37:31Z</time>
      </trkpt>
      <trkpt lat="28.563600014895201" lon="-16.264503998681903">
        <ele>470.63499999999999</ele>
        <time>2022-05-22T10:37:34Z</time>
      </trkpt>
      <trkpt lat="28.563564978539944" lon="-16.264487989246845">
        <ele>472.77499999999998</ele>
        <time>2022-05-22T10:37:41Z</time>
      </trkpt>
      <trkpt lat="28.563546035438776" lon="-16.264482960104942">
        <ele>474.37200000000001</ele>
        <time>2022-05-22T10:37:44Z</time>
      </trkpt>
      <trkpt lat="28.563532959669828" lon="-16.264468962326646">
        <ele>474.298</ele>
        <time>2022-05-22T10:37:50Z</time>
      </trkpt>
      <trkpt lat="28.563509993255138" lon="-16.264457982033491">
        <ele>475.71499999999997</ele>
        <time>2022-05-22T10:37:54Z</time>
      </trkpt>
      <trkpt lat="28.563490966334939" lon="-16.264448007568717">
        <ele>476.82600000000002</ele>
        <time>2022-05-22T10:37:57Z</time>
      </trkpt>
      <trkpt lat="28.563485015183687" lon="-16.264426968991756">
        <ele>475.50900000000001</ele>
        <time>2022-05-22T10:38:00Z</time>
      </trkpt>
      <trkpt lat="28.563477974385023" lon="-16.264408025890589">
        <ele>474.44</ele>
        <time>2022-05-22T10:38:04Z</time>
      </trkpt>
      <trkpt lat="28.563475040718913" lon="-16.264378018677235">
        <ele>471.92899999999997</ele>
        <time>2022-05-22T10:38:08Z</time>
      </trkpt>
      <trkpt lat="28.563472023233771" lon="-16.264349017292261">
        <ele>469.46199999999999</ele>
        <time>2022-05-22T10:38:11Z</time>
      </trkpt>
      <trkpt lat="28.563461964949965" lon="-16.264330996200442">
        <ele>468.53399999999999</ele>
        <time>2022-05-22T10:38:16Z</time>
      </trkpt>
      <trkpt lat="28.563452996313572" lon="-16.264310041442513">
        <ele>467.27499999999998</ele>
        <time>2022-05-22T10:38:19Z</time>
      </trkpt>
      <trkpt lat="28.563436986878514" lon="-16.264297971501946">
        <ele>467.26499999999999</ele>
        <time>2022-05-22T10:38:21Z</time>
      </trkpt>
      <trkpt lat="28.563433969393373" lon="-16.264277016744018">
        <ele>465.28899999999999</ele>
        <time>2022-05-22T10:38:24Z</time>
      </trkpt>
      <trkpt lat="28.563430029898882" lon="-16.264248015359044">
        <ele>462.47899999999998</ele>
        <time>2022-05-22T10:38:27Z</time>
      </trkpt>
      <trkpt lat="28.563417959958315" lon="-16.264229994267225">
        <ele>461.286</ele>
        <time>2022-05-22T10:38:29Z</time>
      </trkpt>
      <trkpt lat="28.563402034342289" lon="-16.264215996488929">
        <ele>460.637</ele>
        <time>2022-05-22T10:38:31Z</time>
      </trkpt>
      <trkpt lat="28.563378984108567" lon="-16.264196969568729">
        <ele>459.649</ele>
        <time>2022-05-22T10:38:34Z</time>
      </trkpt>
      <trkpt lat="28.563357023522258" lon="-16.264201998710632">
        <ele>461.41300000000001</ele>
        <time>2022-05-22T10:38:37Z</time>
      </trkpt>
      <trkpt lat="28.563333973288536" lon="-16.264205016195774">
        <ele>462.90899999999999</ele>
        <time>2022-05-22T10:38:42Z</time>
      </trkpt>
      <trkpt lat="28.563315030187368" lon="-16.264201998710632">
        <ele>465.32400000000001</ele>
        <time>2022-05-22T10:38:45Z</time>
      </trkpt>
      <trkpt lat="28.563289968296885" lon="-16.264215996488929">
        <ele>470.71300000000002</ele>
        <time>2022-05-22T10:38:49Z</time>
      </trkpt>
      <trkpt lat="28.563270019367337" lon="-16.264219013974071">
        <ele>473.92599999999999</ele>
        <time>2022-05-22T10:38:52Z</time>
      </trkpt>
      <trkpt lat="28.563247974961996" lon="-16.26421800814569">
        <ele>477.02800000000002</ele>
        <time>2022-05-22T10:38:55Z</time>
      </trkpt>
      <trkpt lat="28.563226014375687" lon="-16.264212979003787">
        <ele>479.73899999999998</ele>
        <time>2022-05-22T10:38:59Z</time>
      </trkpt>
      <trkpt lat="28.563205981627107" lon="-16.264212979003787">
        <ele>482.65899999999999</ele>
        <time>2022-05-22T10:39:07Z</time>
      </trkpt>
      <trkpt lat="28.563187038525939" lon="-16.264226976782084">
        <ele>486.83300000000003</ele>
        <time>2022-05-22T10:39:10Z</time>
      </trkpt>
      <trkpt lat="28.563171029090881" lon="-16.264239968731999">
        <ele>490.37299999999999</ele>
        <time>2022-05-22T10:39:12Z</time>
      </trkpt>
      <trkpt lat="28.563152002170682" lon="-16.264244997873902">
        <ele>493.52999999999997</ele>
        <time>2022-05-22T10:39:15Z</time>
      </trkpt>
      <trkpt lat="28.563132975250483" lon="-16.264257989823818">
        <ele>497.39699999999999</ele>
        <time>2022-05-22T10:39:19Z</time>
      </trkpt>
      <trkpt lat="28.563114032149315" lon="-16.264257989823818">
        <ele>499.923</ele>
        <time>2022-05-22T10:39:25Z</time>
      </trkpt>
      <trkpt lat="28.563090981915593" lon="-16.264255978167057">
        <ele>502.92500000000001</ele>
        <time>2022-05-22T10:39:29Z</time>
      </trkpt>
      <trkpt lat="28.563072038814425" lon="-16.264248015359044">
        <ele>504.90899999999999</ele>
        <time>2022-05-22T10:39:32Z</time>
      </trkpt>
      <trkpt lat="28.563053011894226" lon="-16.264250027015805">
        <ele>507.56</ele>
        <time>2022-05-22T10:39:34Z</time>
      </trkpt>
      <trkpt lat="28.563033984974027" lon="-16.264250027015805">
        <ele>508.67899999999997</ele>
        <time>2022-05-22T10:39:37Z</time>
      </trkpt>
      <trkpt lat="28.563008001074195" lon="-16.264244997873902">
        <ele>509.97199999999998</ele>
        <time>2022-05-22T10:39:41Z</time>
      </trkpt>
      <trkpt lat="28.562988974153996" lon="-16.264241980388761">
        <ele>510.964</ele>
        <time>2022-05-22T10:39:45Z</time>
      </trkpt>
      <trkpt lat="28.562970031052828" lon="-16.264244997873902">
        <ele>512.38499999999999</ele>
        <time>2022-05-22T10:39:49Z</time>
      </trkpt>
      <trkpt lat="28.562946980819106" lon="-16.264239968731999">
        <ele>513.495</ele>
        <time>2022-05-22T10:39:53Z</time>
      </trkpt>
      <trkpt lat="28.562925020232797" lon="-16.264241980388761">
        <ele>514.97900000000004</ele>
        <time>2022-05-22T10:39:56Z</time>
      </trkpt>
      <trkpt lat="28.562905993312597" lon="-16.264241980388761">
        <ele>516.03899999999999</ele>
        <time>2022-05-22T10:39:59Z</time>
      </trkpt>
      <trkpt lat="28.562883026897907" lon="-16.264229994267225">
        <ele>516.726</ele>
        <time>2022-05-22T10:40:02Z</time>
      </trkpt>
      <trkpt lat="28.562860982492566" lon="-16.264221025630832">
        <ele>517.62400000000002</ele>
        <time>2022-05-22T10:40:04Z</time>
      </trkpt>
      <trkpt lat="28.562834998592734" lon="-16.264212979003787">
        <ele>518.80399999999997</ele>
        <time>2022-05-22T10:40:07Z</time>
      </trkpt>
      <trkpt lat="28.562815971672535" lon="-16.264201998710632">
        <ele>519.41399999999999</ele>
        <time>2022-05-22T10:40:09Z</time>
      </trkpt>
      <trkpt lat="28.562797028571367" lon="-16.264185989275575">
        <ele>519.80899999999997</ele>
        <time>2022-05-22T10:40:12Z</time>
      </trkpt>
      <trkpt lat="28.562778001651168" lon="-16.264178026467562">
        <ele>520.673</ele>
        <time>2022-05-22T10:40:15Z</time>
      </trkpt>
      <trkpt lat="28.562757968902588" lon="-16.264166040346026">
        <ele>521.072</ele>
        <time>2022-05-22T10:40:19Z</time>
      </trkpt>
      <trkpt lat="28.56273902580142" lon="-16.264150030910969">
        <ele>521.31500000000005</ele>
        <time>2022-05-22T10:40:25Z</time>
      </trkpt>
      <trkpt lat="28.562716981396079" lon="-16.264127986505628">
        <ele>521.62699999999995</ele>
        <time>2022-05-22T10:40:27Z</time>
      </trkpt>
      <trkpt lat="28.562700971961021" lon="-16.264107031747699">
        <ele>521.61800000000005</ele>
        <time>2022-05-22T10:40:29Z</time>
      </trkpt>
      <trkpt lat="28.562690997496247" lon="-16.264090016484261">
        <ele>521.51800000000003</ele>
        <time>2022-05-22T10:40:32Z</time>
      </trkpt>
      <trkpt lat="28.562684962525964" lon="-16.264069983735681">
        <ele>521.12199999999996</ele>
        <time>2022-05-22T10:40:43Z</time>
      </trkpt>
      <trkpt lat="28.562666019424796" lon="-16.264059003442526">
        <ele>521.72199999999998</ele>
        <time>2022-05-22T10:40:48Z</time>
      </trkpt>
      <trkpt lat="28.562650009989738" lon="-16.264050034806132">
        <ele>522.23900000000003</ele>
        <time>2022-05-22T10:40:50Z</time>
      </trkpt>
      <trkpt lat="28.562629977241158" lon="-16.264037964865565">
        <ele>522.83500000000004</ele>
        <time>2022-05-22T10:40:52Z</time>
      </trkpt>
      <trkpt lat="28.562617991119623" lon="-16.264013992622495">
        <ele>522.68600000000004</ele>
        <time>2022-05-22T10:41:02Z</time>
      </trkpt>
      <trkpt lat="28.562617991119623" lon="-16.263987002894282">
        <ele>521.71400000000006</ele>
        <time>2022-05-22T10:41:05Z</time>
      </trkpt>
      <trkpt lat="28.562597958371043" lon="-16.263953978195786">
        <ele>521.60900000000004</ele>
        <time>2022-05-22T10:41:07Z</time>
      </trkpt>
      <trkpt lat="28.562582032755017" lon="-16.263924976810813">
        <ele>521.55399999999997</ele>
        <time>2022-05-22T10:41:08Z</time>
      </trkpt>
      <trkpt lat="28.56256602331996" lon="-16.263904022052884">
        <ele>521.71299999999997</ele>
        <time>2022-05-22T10:41:09Z</time>
      </trkpt>
      <trkpt lat="28.56254699639976" lon="-16.26387401483953">
        <ele>522.06600000000003</ele>
        <time>2022-05-22T10:41:11Z</time>
      </trkpt>
      <trkpt lat="28.562530986964703" lon="-16.263861022889614">
        <ele>522.68799999999999</ele>
        <time>2022-05-22T10:41:12Z</time>
      </trkpt>
      <trkpt lat="28.562511960044503" lon="-16.263845013454556">
        <ele>523.49900000000002</ele>
        <time>2022-05-22T10:41:13Z</time>
      </trkpt>
      <trkpt lat="28.562485976144671" lon="-16.263821041211486">
        <ele>525.17899999999997</ele>
        <time>2022-05-22T10:41:15Z</time>
      </trkpt>
      <trkpt lat="28.56248295865953" lon="-16.263800002634525">
        <ele>524.98299999999995</ele>
        <time>2022-05-22T10:41:17Z</time>
      </trkpt>
      <trkpt lat="28.56248002499342" lon="-16.263776030391455">
        <ele>524.79300000000001</ele>
        <time>2022-05-22T10:41:19Z</time>
      </trkpt>
      <trkpt lat="28.56248002499342" lon="-16.263753985986114">
        <ele>524.17999999999995</ele>
        <time>2022-05-22T10:41:22Z</time>
      </trkpt>
      <trkpt lat="28.562467033043504" lon="-16.263731019571424">
        <ele>524.84500000000003</ele>
        <time>2022-05-22T10:41:24Z</time>
      </trkpt>
      <trkpt lat="28.562469966709614" lon="-16.263704029843211">
        <ele>523.84699999999998</ele>
        <time>2022-05-22T10:41:27Z</time>
      </trkpt>
      <trkpt lat="28.56248002499342" lon="-16.263686008751392">
        <ele>522.41099999999994</ele>
        <time>2022-05-22T10:41:29Z</time>
      </trkpt>
      <trkpt lat="28.562496034428477" lon="-16.263663964346051">
        <ele>520.50900000000001</ele>
        <time>2022-05-22T10:41:32Z</time>
      </trkpt>
      <trkpt lat="28.562501985579729" lon="-16.263642003759742">
        <ele>519.51499999999999</ele>
        <time>2022-05-22T10:41:34Z</time>
      </trkpt>
      <trkpt lat="28.562496034428477" lon="-16.263613002374768">
        <ele>519.35400000000004</ele>
        <time>2022-05-22T10:41:36Z</time>
      </trkpt>
      <trkpt lat="28.562496034428477" lon="-16.263584000989795">
        <ele>518.54700000000003</ele>
        <time>2022-05-22T10:41:39Z</time>
      </trkpt>
      <trkpt lat="28.562489999458194" lon="-16.263557011261582">
        <ele>518.21900000000005</ele>
        <time>2022-05-22T10:41:42Z</time>
      </trkpt>
      <trkpt lat="28.562485976144671" lon="-16.263525998219848">
        <ele>517.63</ele>
        <time>2022-05-22T10:41:45Z</time>
      </trkpt>
      <trkpt lat="28.56248002499342" lon="-16.263505965471268">
        <ele>517.45000000000005</ele>
        <time>2022-05-22T10:41:47Z</time>
      </trkpt>
      <trkpt lat="28.56248002499342" lon="-16.263479981571436">
        <ele>516.71400000000006</ele>
        <time>2022-05-22T10:41:49Z</time>
      </trkpt>
      <trkpt lat="28.562485976144671" lon="-16.263458020985126">
        <ele>515.63400000000001</ele>
        <time>2022-05-22T10:41:51Z</time>
      </trkpt>
      <trkpt lat="28.562485976144671" lon="-16.263430025428534">
        <ele>514.81100000000004</ele>
        <time>2022-05-22T10:41:53Z</time>
      </trkpt>
      <trkpt lat="28.56248002499342" lon="-16.263404963538051">
        <ele>514.52700000000004</ele>
        <time>2022-05-22T10:41:55Z</time>
      </trkpt>
      <trkpt lat="28.562469966709614" lon="-16.26338099129498">
        <ele>514.56799999999998</ele>
        <time>2022-05-22T10:41:57Z</time>
      </trkpt>
      <trkpt lat="28.562469966709614" lon="-16.26335802488029">
        <ele>513.81399999999996</ele>
        <time>2022-05-22T10:41:59Z</time>
      </trkpt>
      <trkpt lat="28.562473990023136" lon="-16.263321982696652">
        <ele>512.50900000000001</ele>
        <time>2022-05-22T10:42:01Z</time>
      </trkpt>
      <trkpt lat="28.562469966709614" lon="-16.263295998796821">
        <ele>512.07299999999998</ele>
        <time>2022-05-22T10:42:02Z</time>
      </trkpt>
      <trkpt lat="28.562469966709614" lon="-16.263269009068608">
        <ele>511.392</ele>
        <time>2022-05-22T10:42:03Z</time>
      </trkpt>
      <trkpt lat="28.562477007508278" lon="-16.263245958834887">
        <ele>510.255</ele>
        <time>2022-05-22T10:42:04Z</time>
      </trkpt>
      <trkpt lat="28.562477007508278" lon="-16.263214023783803">
        <ele>509.42700000000002</ele>
        <time>2022-05-22T10:42:06Z</time>
      </trkpt>
      <trkpt lat="28.562477007508278" lon="-16.263187034055591">
        <ele>508.66800000000001</ele>
        <time>2022-05-22T10:42:08Z</time>
      </trkpt>
      <trkpt lat="28.562467033043504" lon="-16.263162977993488">
        <ele>508.55799999999999</ele>
        <time>2022-05-22T10:42:10Z</time>
      </trkpt>
      <trkpt lat="28.562467033043504" lon="-16.263142023235559">
        <ele>507.92200000000003</ele>
        <time>2022-05-22T10:42:12Z</time>
      </trkpt>
      <trkpt lat="28.562467033043504" lon="-16.263116961345077">
        <ele>507.262</ele>
        <time>2022-05-22T10:42:14Z</time>
      </trkpt>
      <trkpt lat="28.562477007508278" lon="-16.263096006587148">
        <ele>506.23899999999998</ele>
        <time>2022-05-22T10:42:16Z</time>
      </trkpt>
      <trkpt lat="28.562477007508278" lon="-16.263073962181807">
        <ele>505.62599999999998</ele>
        <time>2022-05-22T10:42:18Z</time>
      </trkpt>
      <trkpt lat="28.56248002499342" lon="-16.263050995767117">
        <ele>504.84699999999998</ele>
        <time>2022-05-22T10:42:20Z</time>
      </trkpt>
      <trkpt lat="28.562489999458194" lon="-16.263029035180807">
        <ele>503.411</ele>
        <time>2022-05-22T10:42:23Z</time>
      </trkpt>
      <trkpt lat="28.56248295865953" lon="-16.263001961633563">
        <ele>502.60899999999998</ele>
        <time>2022-05-22T10:42:26Z</time>
      </trkpt>
      <trkpt lat="28.56248002499342" lon="-16.262981006875634">
        <ele>501.94299999999998</ele>
        <time>2022-05-22T10:42:28Z</time>
      </trkpt>
      <trkpt lat="28.562467033043504" lon="-16.262964997440577">
        <ele>502.18200000000002</ele>
        <time>2022-05-22T10:42:30Z</time>
      </trkpt>
      <trkpt lat="28.562451023608446" lon="-16.262949993833899">
        <ele>502.55500000000001</ele>
        <time>2022-05-22T10:42:33Z</time>
      </trkpt>
      <trkpt lat="28.562428979203105" lon="-16.262954017147422">
        <ele>504.04700000000003</ele>
        <time>2022-05-22T10:42:35Z</time>
      </trkpt>
      <trkpt lat="28.562412969768047" lon="-16.262966003268957">
        <ele>505.34800000000001</ele>
        <time>2022-05-22T10:42:37Z</time>
      </trkpt>
      <trkpt lat="28.562410036101937" lon="-16.262988969683647">
        <ele>506.28800000000001</ele>
        <time>2022-05-22T10:42:40Z</time>
      </trkpt>
      <trkpt lat="28.56239696033299" lon="-16.263004979118705">
        <ele>507.46199999999999</ele>
        <time>2022-05-22T10:42:43Z</time>
      </trkpt>
      <trkpt lat="28.562386985868216" lon="-16.263027023524046">
        <ele>508.56200000000001</ele>
        <time>2022-05-22T10:42:46Z</time>
      </trkpt>
      <trkpt lat="28.562365025281906" lon="-16.263017971068621">
        <ele>509.43900000000002</ele>
        <time>2022-05-22T10:42:52Z</time>
      </trkpt>
      <trkpt lat="28.562365025281906" lon="-16.262988969683647">
        <ele>508.77699999999999</ele>
        <time>2022-05-22T10:42:55Z</time>
      </trkpt>
      <trkpt lat="28.5623549669981" lon="-16.262964997440577">
        <ele>508.76100000000002</ele>
        <time>2022-05-22T10:42:58Z</time>
      </trkpt>
      <trkpt lat="28.562345998361707" lon="-16.262946976348758">
        <ele>508.92700000000002</ele>
        <time>2022-05-22T10:43:00Z</time>
      </trkpt>
      <trkpt lat="28.562333006411791" lon="-16.262926021590829">
        <ele>509.30900000000003</ele>
        <time>2022-05-22T10:43:02Z</time>
      </trkpt>
      <trkpt lat="28.562313979491591" lon="-16.262925015762448">
        <ele>510.55799999999999</ele>
        <time>2022-05-22T10:43:05Z</time>
      </trkpt>
      <trkpt lat="28.562310039997101" lon="-16.262946976348758">
        <ele>511.18700000000001</ele>
        <time>2022-05-22T10:43:10Z</time>
      </trkpt>
      <trkpt lat="28.562294030562043" lon="-16.262959968298674">
        <ele>512.35000000000002</ele>
        <time>2022-05-22T10:43:17Z</time>
      </trkpt>
      <trkpt lat="28.562275003641844" lon="-16.262955022975802">
        <ele>513.48199999999997</ele>
        <time>2022-05-22T10:43:22Z</time>
      </trkpt>
      <trkpt lat="28.56226603500545" lon="-16.262938007712364">
        <ele>513.86300000000006</ele>
        <time>2022-05-22T10:43:25Z</time>
      </trkpt>
      <trkpt lat="28.562242984771729" lon="-16.262945970520377">
        <ele>515.37300000000005</ele>
        <time>2022-05-22T10:43:32Z</time>
      </trkpt>
      <trkpt lat="28.562239967286587" lon="-16.262970026582479">
        <ele>515.64700000000005</ele>
        <time>2022-05-22T10:43:38Z</time>
      </trkpt>
      <trkpt lat="28.562237033620477" lon="-16.26299399882555">
        <ele>516.06700000000001</ele>
        <time>2022-05-22T10:43:45Z</time>
      </trkpt>
      <trkpt lat="28.562213983386755" lon="-16.262987041845918">
        <ele>517.37400000000002</ele>
        <time>2022-05-22T10:43:54Z</time>
      </trkpt>
      <trkpt lat="28.562205014750361" lon="-16.263004979118705">
        <ele>517.91899999999998</ele>
        <time>2022-05-22T10:43:59Z</time>
      </trkpt>
      <trkpt lat="28.562192022800446" lon="-16.263018976897001">
        <ele>518.80899999999997</ele>
        <time>2022-05-22T10:44:03Z</time>
      </trkpt>
      <trkpt lat="28.562172995880246" lon="-16.263017971068621">
        <ele>520.01900000000001</ele>
        <time>2022-05-22T10:44:09Z</time>
      </trkpt>
      <trkpt lat="28.562163021415472" lon="-16.26299399882555">
        <ele>520.40899999999999</ele>
        <time>2022-05-22T10:44:13Z</time>
      </trkpt>
      <trkpt lat="28.562150029465556" lon="-16.262975977733731">
        <ele>521.17200000000003</ele>
        <time>2022-05-22T10:44:17Z</time>
      </trkpt>
      <trkpt lat="28.562131002545357" lon="-16.262968014925718">
        <ele>522.29100000000005</ele>
        <time>2022-05-22T10:44:20Z</time>
      </trkpt>
      <trkpt lat="28.562124967575073" lon="-16.262987041845918">
        <ele>522.71400000000006</ele>
        <time>2022-05-22T10:44:24Z</time>
      </trkpt>
      <trkpt lat="28.562111975625157" lon="-16.262970026582479">
        <ele>523.35599999999999</ele>
        <time>2022-05-22T10:44:31Z</time>
      </trkpt>
      <trkpt lat="28.56209303252399" lon="-16.26297396607697">
        <ele>524.56700000000001</ele>
        <time>2022-05-22T10:44:35Z</time>
      </trkpt>
      <trkpt lat="28.562080040574074" lon="-16.262954017147422">
        <ele>525.13699999999994</ele>
        <time>2022-05-22T10:44:38Z</time>
      </trkpt>
      <trkpt lat="28.562064031139016" lon="-16.262933984398842">
        <ele>525.86099999999999</ele>
        <time>2022-05-22T10:44:43Z</time>
      </trkpt>
      <trkpt lat="28.5620510391891" lon="-16.262916969135404">
        <ele>526.46100000000001</ele>
        <time>2022-05-22T10:44:47Z</time>
      </trkpt>
      <trkpt lat="28.562032012268901" lon="-16.262899031862617">
        <ele>527.298</ele>
        <time>2022-05-22T10:44:50Z</time>
      </trkpt>
      <trkpt lat="28.562019020318985" lon="-16.26288503408432">
        <ele>527.81500000000005</ele>
        <time>2022-05-22T10:44:53Z</time>
      </trkpt>
      <trkpt lat="28.562003010883927" lon="-16.262867012992501">
        <ele>528.46500000000003</ele>
        <time>2022-05-22T10:44:56Z</time>
      </trkpt>
      <trkpt lat="28.561980966478586" lon="-16.262854021042585">
        <ele>529.41099999999994</ele>
        <time>2022-05-22T10:45:00Z</time>
      </trkpt>
      <trkpt lat="28.561962023377419" lon="-16.262851003557444">
        <ele>530.40899999999999</ele>
        <time>2022-05-22T10:45:05Z</time>
      </trkpt>
      <trkpt lat="28.561951965093613" lon="-16.262869024649262">
        <ele>531.28200000000004</ele>
        <time>2022-05-22T10:45:10Z</time>
      </trkpt>
      <trkpt lat="28.561933021992445" lon="-16.262849997729063">
        <ele>531.12099999999998</ele>
        <time>2022-05-22T10:45:13Z</time>
      </trkpt>
      <trkpt lat="28.561917012557387" lon="-16.262834994122386">
        <ele>530.654</ele>
        <time>2022-05-22T10:45:16Z</time>
      </trkpt>
      <trkpt lat="28.561922963708639" lon="-16.262856032699347">
        <ele>531.16600000000005</ele>
        <time>2022-05-22T10:45:19Z</time>
      </trkpt>
      <trkpt lat="28.561936039477587" lon="-16.262870030477643">
        <ele>531.53700000000003</ele>
        <time>2022-05-22T10:45:21Z</time>
      </trkpt>
      <trkpt lat="28.561941990628839" lon="-16.262889979407191">
        <ele>532.02700000000004</ele>
        <time>2022-05-22T10:45:23Z</time>
      </trkpt>
      <trkpt lat="28.561946013942361" lon="-16.262910012155771">
        <ele>532.34100000000001</ele>
        <time>2022-05-22T10:45:25Z</time>
      </trkpt>
      <trkpt lat="28.561949031427503" lon="-16.2629309669137">
        <ele>532.57100000000003</ele>
        <time>2022-05-22T10:45:27Z</time>
      </trkpt>
      <trkpt lat="28.561954982578754" lon="-16.262954017147422">
        <ele>532.53800000000001</ele>
        <time>2022-05-22T10:45:30Z</time>
      </trkpt>
      <trkpt lat="28.56196504086256" lon="-16.26297396607697">
        <ele>532.38900000000001</ele>
        <time>2022-05-22T10:45:33Z</time>
      </trkpt>
      <trkpt lat="28.561946013942361" lon="-16.262977989390492">
        <ele>533.50599999999997</ele>
        <time>2022-05-22T10:45:41Z</time>
      </trkpt>
      <trkpt lat="28.561925981193781" lon="-16.262968014925718">
        <ele>533.226</ele>
        <time>2022-05-22T10:45:44Z</time>
      </trkpt>
      <trkpt lat="28.561907038092613" lon="-16.26297396607697">
        <ele>533.00900000000001</ele>
        <time>2022-05-22T10:45:46Z</time>
      </trkpt>
      <trkpt lat="28.56190100312233" lon="-16.262998022139072">
        <ele>533.44899999999996</ele>
        <time>2022-05-22T10:45:49Z</time>
      </trkpt>
      <trkpt lat="28.561904020607471" lon="-16.263027023524046">
        <ele>534.08799999999997</ele>
        <time>2022-05-22T10:45:53Z</time>
      </trkpt>
      <trkpt lat="28.56190100312233" lon="-16.263047978281975">
        <ele>534.471</ele>
        <time>2022-05-22T10:45:55Z</time>
      </trkpt>
      <trkpt lat="28.561904020607471" lon="-16.263069016858935">
        <ele>534.93299999999999</ele>
        <time>2022-05-22T10:45:57Z</time>
      </trkpt>
      <trkpt lat="28.561913995072246" lon="-16.263087959960103">
        <ele>535.56399999999996</ele>
        <time>2022-05-22T10:46:00Z</time>
      </trkpt>
      <trkpt lat="28.561913995072246" lon="-16.263108998537064">
        <ele>536.14400000000001</ele>
        <time>2022-05-22T10:46:02Z</time>
      </trkpt>
      <trkpt lat="28.561913995072246" lon="-16.263135988265276">
        <ele>536.89800000000002</ele>
        <time>2022-05-22T10:46:04Z</time>
      </trkpt>
      <trkpt lat="28.561917012557387" lon="-16.263158032670617">
        <ele>537.43799999999999</ele>
        <time>2022-05-22T10:46:06Z</time>
      </trkpt>
      <trkpt lat="28.561925981193781" lon="-16.263187034055591">
        <ele>538.29499999999996</ele>
        <time>2022-05-22T10:46:09Z</time>
      </trkpt>
      <trkpt lat="28.561933021992445" lon="-16.263214023783803">
        <ele>538.976</ele>
        <time>2022-05-22T10:46:12Z</time>
      </trkpt>
      <trkpt lat="28.561936039477587" lon="-16.263236990198493">
        <ele>539.59000000000003</ele>
        <time>2022-05-22T10:46:15Z</time>
      </trkpt>
      <trkpt lat="28.561933021992445" lon="-16.263259034603834">
        <ele>540.11900000000003</ele>
        <time>2022-05-22T10:46:19Z</time>
      </trkpt>
      <trkpt lat="28.561933021992445" lon="-16.263282001018524">
        <ele>540.70899999999995</ele>
        <time>2022-05-22T10:46:22Z</time>
      </trkpt>
      <trkpt lat="28.561941990628839" lon="-16.263306979089975">
        <ele>541.37800000000004</ele>
        <time>2022-05-22T10:46:25Z</time>
      </trkpt>
      <trkpt lat="28.561941990628839" lon="-16.263328017666936">
        <ele>541.92700000000002</ele>
        <time>2022-05-22T10:46:27Z</time>
      </trkpt>
      <trkpt lat="28.561917012557387" lon="-16.263321982696652">
        <ele>541.78999999999996</ele>
        <time>2022-05-22T10:46:33Z</time>
      </trkpt>
      <trkpt lat="28.561907038092613" lon="-16.263298010453582">
        <ele>541.12199999999996</ele>
        <time>2022-05-22T10:46:38Z</time>
      </trkpt>
      <trkpt lat="28.561891028657556" lon="-16.263283006846905">
        <ele>540.68299999999999</ele>
        <time>2022-05-22T10:46:41Z</time>
      </trkpt>
      <trkpt lat="28.561872001737356" lon="-16.263277977705002">
        <ele>540.57299999999998</ele>
        <time>2022-05-22T10:46:44Z</time>
      </trkpt>
      <trkpt lat="28.561852974817157" lon="-16.263290969654918">
        <ele>540.81700000000001</ele>
        <time>2022-05-22T10:46:46Z</time>
      </trkpt>
      <trkpt lat="28.561834031715989" lon="-16.263308990746737">
        <ele>541.36699999999996</ele>
        <time>2022-05-22T10:46:49Z</time>
      </trkpt>
      <trkpt lat="28.561818022280931" lon="-16.263322988525033">
        <ele>541.76400000000001</ele>
        <time>2022-05-22T10:46:51Z</time>
      </trkpt>
      <trkpt lat="28.561797989532351" lon="-16.263342015445232">
        <ele>542.46900000000005</ele>
        <time>2022-05-22T10:46:54Z</time>
      </trkpt>
      <trkpt lat="28.561786003410816" lon="-16.263361964374781">
        <ele>543.404</ele>
        <time>2022-05-22T10:46:57Z</time>
      </trkpt>
      <trkpt lat="28.561769993975759" lon="-16.263377973809838">
        <ele>544.22400000000005</ele>
        <time>2022-05-22T10:47:00Z</time>
      </trkpt>
      <trkpt lat="28.561749961227179" lon="-16.263397000730038">
        <ele>545.20899999999995</ele>
        <time>2022-05-22T10:47:03Z</time>
      </trkpt>
      <trkpt lat="28.561740992590785" lon="-16.263414015993476">
        <ele>546.06700000000001</ele>
        <time>2022-05-22T10:47:05Z</time>
      </trkpt>
      <trkpt lat="28.561734035611153" lon="-16.263436982408166">
        <ele>547.28599999999994</ele>
        <time>2022-05-22T10:47:08Z</time>
      </trkpt>
      <trkpt lat="28.561734035611153" lon="-16.263463972136378">
        <ele>548.63900000000001</ele>
        <time>2022-05-22T10:47:12Z</time>
      </trkpt>
      <trkpt lat="28.561740992590785" lon="-16.263482999056578">
        <ele>549.52099999999996</ele>
        <time>2022-05-22T10:47:15Z</time>
      </trkpt>
      <trkpt lat="28.561757002025843" lon="-16.263492973521352">
        <ele>549.97199999999998</ele>
        <time>2022-05-22T10:47:18Z</time>
      </trkpt>
      <trkpt lat="28.561778962612152" lon="-16.263492973521352">
        <ele>549.76199999999994</ele>
        <time>2022-05-22T10:47:22Z</time>
      </trkpt>
      <trkpt lat="28.561802012845874" lon="-16.263492973521352">
        <ele>549.52599999999995</ele>
        <time>2022-05-22T10:47:26Z</time>
      </trkpt>
      <trkpt lat="28.561789020895958" lon="-16.26350998878479">
        <ele>550.49599999999998</ele>
        <time>2022-05-22T10:47:31Z</time>
      </trkpt>
      <trkpt lat="28.561769993975759" lon="-16.263521974906325">
        <ele>551.22299999999996</ele>
        <time>2022-05-22T10:47:34Z</time>
      </trkpt>
      <trkpt lat="28.561749961227179" lon="-16.263544019311666">
        <ele>552.52800000000002</ele>
        <time>2022-05-22T10:47:37Z</time>
      </trkpt>
      <trkpt lat="28.561737975105643" lon="-16.263562962412834">
        <ele>553.68899999999996</ele>
        <time>2022-05-22T10:47:40Z</time>
      </trkpt>
      <trkpt lat="28.561718026176095" lon="-16.263570003211498">
        <ele>554.11699999999996</ele>
        <time>2022-05-22T10:47:44Z</time>
      </trkpt>
      <trkpt lat="28.561702016741037" lon="-16.263578971847892">
        <ele>554.80899999999997</ele>
        <time>2022-05-22T10:47:46Z</time>
      </trkpt>
      <trkpt lat="28.56168600730598" lon="-16.263590035960078">
        <ele>555.65300000000002</ele>
        <time>2022-05-22T10:47:48Z</time>
      </trkpt>
      <trkpt lat="28.561674021184444" lon="-16.263610990718007">
        <ele>556.93200000000002</ele>
        <time>2022-05-22T10:47:51Z</time>
      </trkpt>
      <trkpt lat="28.561661029234529" lon="-16.263625994324684">
        <ele>557.67499999999995</ele>
        <time>2022-05-22T10:47:53Z</time>
      </trkpt>
      <trkpt lat="28.561648037284613" lon="-16.263642003759742">
        <ele>558.13699999999994</ele>
        <time>2022-05-22T10:47:55Z</time>
      </trkpt>
      <trkpt lat="28.561629010364413" lon="-16.263656001538038">
        <ele>558.62800000000004</ele>
        <time>2022-05-22T10:47:58Z</time>
      </trkpt>
      <trkpt lat="28.561619035899639" lon="-16.263675028458238">
        <ele>559.38800000000003</ele>
        <time>2022-05-22T10:48:00Z</time>
      </trkpt>
      <trkpt lat="28.561596991494298" lon="-16.263693971559405">
        <ele>560.072</ele>
        <time>2022-05-22T10:48:03Z</time>
      </trkpt>
      <trkpt lat="28.561583999544382" lon="-16.263715010136366">
        <ele>560.98199999999997</ele>
        <time>2022-05-22T10:48:06Z</time>
      </trkpt>
      <trkpt lat="28.561577964574099" lon="-16.263740994036198">
        <ele>562.03899999999999</ele>
        <time>2022-05-22T10:48:08Z</time>
      </trkpt>
      <trkpt lat="28.561562038958073" lon="-16.263762032613158">
        <ele>562.81899999999996</ele>
        <time>2022-05-22T10:48:11Z</time>
      </trkpt>
      <trkpt lat="28.561546029523015" lon="-16.263783993199468">
        <ele>563.80899999999997</ele>
        <time>2022-05-22T10:48:14Z</time>
      </trkpt>
      <trkpt lat="28.561533037573099" lon="-16.263807965442538">
        <ele>564.91899999999998</ele>
        <time>2022-05-22T10:48:16Z</time>
      </trkpt>
      <trkpt lat="28.561517028138041" lon="-16.263825986534357">
        <ele>565.70899999999995</ele>
        <time>2022-05-22T10:48:18Z</time>
      </trkpt>
      <trkpt lat="28.561504036188126" lon="-16.263852976262569">
        <ele>566.93200000000002</ele>
        <time>2022-05-22T10:48:20Z</time>
      </trkpt>
      <trkpt lat="28.561504036188126" lon="-16.263875020667911">
        <ele>567.99099999999999</ele>
        <time>2022-05-22T10:48:22Z</time>
      </trkpt>
      <trkpt lat="28.561504036188126" lon="-16.263901004567742">
        <ele>569.07399999999996</ele>
        <time>2022-05-22T10:48:24Z</time>
      </trkpt>
      <trkpt lat="28.561504036188126" lon="-16.263927994295955">
        <ele>569.88599999999997</ele>
        <time>2022-05-22T10:48:27Z</time>
      </trkpt>
      <trkpt lat="28.561498001217842" lon="-16.263956995680928">
        <ele>570.85699999999997</ele>
        <time>2022-05-22T10:48:30Z</time>
      </trkpt>
      <trkpt lat="28.561488026753068" lon="-16.263980967923999">
        <ele>571.58699999999999</ele>
        <time>2022-05-22T10:48:32Z</time>
      </trkpt>
      <trkpt lat="28.561475034803152" lon="-16.264008041471243">
        <ele>572.471</ele>
        <time>2022-05-22T10:48:34Z</time>
      </trkpt>
      <trkpt lat="28.56147201731801" lon="-16.264028996229172">
        <ele>573.01099999999997</ele>
        <time>2022-05-22T10:48:36Z</time>
      </trkpt>
      <trkpt lat="28.561461959034204" lon="-16.264051040634513">
        <ele>573.798</ele>
        <time>2022-05-22T10:48:38Z</time>
      </trkpt>
      <trkpt lat="28.561461959034204" lon="-16.264071995392442">
        <ele>574.47799999999995</ele>
        <time>2022-05-22T10:48:40Z</time>
      </trkpt>
      <trkpt lat="28.561465982347727" lon="-16.264093033969402">
        <ele>575.03300000000002</ele>
        <time>2022-05-22T10:48:43Z</time>
      </trkpt>
      <trkpt lat="28.561459025368094" lon="-16.26411197707057">
        <ele>575.62599999999998</ele>
        <time>2022-05-22T10:48:47Z</time>
      </trkpt>
      <trkpt lat="28.561449972912669" lon="-16.264136033132672">
        <ele>576.30899999999997</ele>
        <time>2022-05-22T10:48:51Z</time>
      </trkpt>
      <trkpt lat="28.561446033418179" lon="-16.264156987890601">
        <ele>576.928</ele>
        <time>2022-05-22T10:48:55Z</time>
      </trkpt>
      <trkpt lat="28.561427006497979" lon="-16.264166040346026">
        <ele>577.197</ele>
        <time>2022-05-22T10:48:58Z</time>
      </trkpt>
      <trkpt lat="28.56140797957778" lon="-16.264178026467562">
        <ele>577.34000000000003</ele>
        <time>2022-05-22T10:49:01Z</time>
      </trkpt>
      <trkpt lat="28.561389036476612" lon="-16.264192024245858">
        <ele>577.58199999999999</ele>
        <time>2022-05-22T10:49:06Z</time>
      </trkpt>
      <trkpt lat="28.561370009556413" lon="-16.264209961518645">
        <ele>577.423</ele>
        <time>2022-05-22T10:49:09Z</time>
      </trkpt>
      <trkpt lat="28.561357017606497" lon="-16.264229994267225">
        <ele>577.58299999999997</ele>
        <time>2022-05-22T10:49:12Z</time>
      </trkpt>
      <trkpt lat="28.561346959322691" lon="-16.264250027015805">
        <ele>577.79700000000003</ele>
        <time>2022-05-22T10:49:15Z</time>
      </trkpt>
      <trkpt lat="28.561346959322691" lon="-16.264269975945354">
        <ele>578.09699999999998</ele>
        <time>2022-05-22T10:49:17Z</time>
      </trkpt>
      <trkpt lat="28.561344025656581" lon="-16.264294032007456">
        <ele>578.43399999999997</ele>
        <time>2022-05-22T10:49:23Z</time>
      </trkpt>
      <trkpt lat="28.561331033706665" lon="-16.264310041442513">
        <ele>578.44299999999998</ele>
        <time>2022-05-22T10:49:26Z</time>
      </trkpt>
      <trkpt lat="28.561315024271607" lon="-16.264334013685584">
        <ele>578.56399999999996</ele>
        <time>2022-05-22T10:49:30Z</time>
      </trkpt>
      <trkpt lat="28.56129901483655" lon="-16.264357985928655">
        <ele>578.61000000000001</ele>
        <time>2022-05-22T10:49:34Z</time>
      </trkpt>
      <trkpt lat="28.561276970431209" lon="-16.264378018677235">
        <ele>578.50900000000001</ele>
        <time>2022-05-22T10:49:37Z</time>
      </trkpt>
      <trkpt lat="28.561258027330041" lon="-16.264386987313628">
        <ele>578.23500000000001</ele>
        <time>2022-05-22T10:49:38Z</time>
      </trkpt>
      <trkpt lat="28.561237994581461" lon="-16.264396961778402">
        <ele>578.03399999999999</ele>
        <time>2022-05-22T10:49:39Z</time>
      </trkpt>
      <trkpt lat="28.56121301651001" lon="-16.264410959556699">
        <ele>577.79700000000003</ele>
        <time>2022-05-22T10:49:41Z</time>
      </trkpt>
      <trkpt lat="28.561187032610178" lon="-16.264415988698602">
        <ele>577.28899999999999</ele>
        <time>2022-05-22T10:49:43Z</time>
      </trkpt>
      <trkpt lat="28.561161970719695" lon="-16.264428980648518">
        <ele>576.98000000000002</ele>
        <time>2022-05-22T10:49:45Z</time>
      </trkpt>
      <trkpt lat="28.561151996254921" lon="-16.264448007568717">
        <ele>577.04999999999995</ele>
        <time>2022-05-22T10:49:48Z</time>
      </trkpt>
      <trkpt lat="28.561132969334722" lon="-16.264457982033491">
        <ele>576.89400000000001</ele>
        <time>2022-05-22T10:49:52Z</time>
      </trkpt>
      <trkpt lat="28.56110698543489" lon="-16.264458987861872">
        <ele>576.25400000000002</ele>
        <time>2022-05-22T10:49:55Z</time>
      </trkpt>
      <trkpt lat="28.56108795851469" lon="-16.264467034488916">
        <ele>576.15099999999995</ele>
        <time>2022-05-22T10:49:57Z</time>
      </trkpt>
      <trkpt lat="28.561069015413523" lon="-16.264477008953691">
        <ele>575.98299999999995</ele>
        <time>2022-05-22T10:49:59Z</time>
      </trkpt>
      <trkpt lat="28.561045965179801" lon="-16.264482960104942">
        <ele>575.625</ele>
        <time>2022-05-22T10:50:01Z</time>
      </trkpt>
      <trkpt lat="28.561027022078633" lon="-16.264482960104942">
        <ele>575.21699999999998</ele>
        <time>2022-05-22T10:50:03Z</time>
      </trkpt>
      <trkpt lat="28.561007995158434" lon="-16.264480026438832">
        <ele>574.80899999999997</ele>
        <time>2022-05-22T10:50:05Z</time>
      </trkpt>
      <trkpt lat="28.560988968238235" lon="-16.264485977590084">
        <ele>574.65899999999999</ele>
        <time>2022-05-22T10:50:07Z</time>
      </trkpt>
      <trkpt lat="28.560962984338403" lon="-16.264478014782071">
        <ele>573.94799999999998</ele>
        <time>2022-05-22T10:50:11Z</time>
      </trkpt>
      <trkpt lat="28.560941023752093" lon="-16.264458987861872">
        <ele>573.26099999999997</ele>
        <time>2022-05-22T10:50:14Z</time>
      </trkpt>
      <trkpt lat="28.560921996831894" lon="-16.264457982033491">
        <ele>572.81299999999999</ele>
        <time>2022-05-22T10:50:16Z</time>
      </trkpt>
      <trkpt lat="28.560901964083314" lon="-16.26445597037673">
        <ele>572.43399999999997</ele>
        <time>2022-05-22T10:50:19Z</time>
      </trkpt>
      <trkpt lat="28.560883020982146" lon="-16.264444990083575">
        <ele>571.95399999999995</ele>
        <time>2022-05-22T10:50:21Z</time>
      </trkpt>
      <trkpt lat="28.560863994061947" lon="-16.264444990083575">
        <ele>571.66800000000001</ele>
        <time>2022-05-22T10:50:23Z</time>
      </trkpt>
      <trkpt lat="28.560844967141747" lon="-16.264451025053859">
        <ele>571.32799999999997</ele>
        <time>2022-05-22T10:50:25Z</time>
      </trkpt>
      <trkpt lat="28.560818983241916" lon="-16.264450019225478">
        <ele>571.26499999999999</ele>
        <time>2022-05-22T10:50:27Z</time>
      </trkpt>
      <trkpt lat="28.560789981856942" lon="-16.264451025053859">
        <ele>571.46400000000006</ele>
        <time>2022-05-22T10:50:29Z</time>
      </trkpt>
      <trkpt lat="28.560755029320717" lon="-16.264460999518633">
        <ele>571.80600000000004</ele>
        <time>2022-05-22T10:50:31Z</time>
      </trkpt>
      <trkpt lat="28.560742037370801" lon="-16.264474997296929">
        <ele>572.01599999999996</ele>
        <time>2022-05-22T10:50:32Z</time>
      </trkpt>
      <trkpt lat="28.560726027935743" lon="-16.264487989246845">
        <ele>572.30899999999997</ele>
        <time>2022-05-22T10:50:33Z</time>
      </trkpt>
      <trkpt lat="28.560694009065628" lon="-16.264507016167045">
        <ele>572.78700000000003</ele>
        <time>2022-05-22T10:50:35Z</time>
      </trkpt>
      <trkpt lat="28.560671964660287" lon="-16.264517996460199">
        <ele>572.95600000000002</ele>
        <time>2022-05-22T10:50:36Z</time>
      </trkpt>
      <trkpt lat="28.560656039044261" lon="-16.264533000066876">
        <ele>573.19899999999996</ele>
        <time>2022-05-22T10:50:37Z</time>
      </trkpt>
      <trkpt lat="28.56063399463892" lon="-16.26454196870327">
        <ele>573.36099999999999</ele>
        <time>2022-05-22T10:50:38Z</time>
      </trkpt>
      <trkpt lat="28.560604993253946" lon="-16.264563007280231">
        <ele>573.67200000000003</ele>
        <time>2022-05-22T10:50:40Z</time>
      </trkpt>
      <trkpt lat="28.560572974383831" lon="-16.264583962038159">
        <ele>573.96199999999999</ele>
        <time>2022-05-22T10:50:42Z</time>
      </trkpt>
      <trkpt lat="28.560543972998857" lon="-16.264585973694921">
        <ele>574.64599999999996</ele>
        <time>2022-05-22T10:50:44Z</time>
      </trkpt>
      <trkpt lat="28.56052502989769" lon="-16.264588991180062">
        <ele>575.76599999999996</ele>
        <time>2022-05-22T10:50:46Z</time>
      </trkpt>
      <trkpt lat="28.560498962178826" lon="-16.264597959816456">
        <ele>577.11300000000006</ele>
        <time>2022-05-22T10:50:48Z</time>
      </trkpt>
      <trkpt lat="28.5604830365628" lon="-16.264613969251513">
        <ele>578.03200000000004</ele>
        <time>2022-05-22T10:50:50Z</time>
      </trkpt>
      <trkpt lat="28.560467027127743" lon="-16.264626961201429">
        <ele>578.99199999999996</ele>
        <time>2022-05-22T10:50:52Z</time>
      </trkpt>
      <trkpt lat="28.560451017692685" lon="-16.264641964808106">
        <ele>579.81100000000004</ele>
        <time>2022-05-22T10:50:54Z</time>
      </trkpt>
      <trkpt lat="28.560426039621234" lon="-16.26464799977839">
        <ele>581.00900000000001</ele>
        <time>2022-05-22T10:50:56Z</time>
      </trkpt>
      <trkpt lat="28.56039997190237" lon="-16.264655962586403">
        <ele>582.33399999999995</ele>
        <time>2022-05-22T10:50:58Z</time>
      </trkpt>
      <trkpt lat="28.560381028801203" lon="-16.264658980071545">
        <ele>583.39300000000003</ele>
        <time>2022-05-22T10:50:59Z</time>
      </trkpt>
      <trkpt lat="28.560357978567481" lon="-16.264678006991744">
        <ele>584.49599999999998</ele>
        <time>2022-05-22T10:51:01Z</time>
      </trkpt>
      <trkpt lat="28.56033300049603" lon="-16.264696028083563">
        <ele>585.58799999999997</ele>
        <time>2022-05-22T10:51:04Z</time>
      </trkpt>
      <trkpt lat="28.560316991060972" lon="-16.264722011983395">
        <ele>586.22900000000004</ele>
        <time>2022-05-22T10:51:07Z</time>
      </trkpt>
      <trkpt lat="28.560294024646282" lon="-16.26473399810493">
        <ele>587.24900000000002</ele>
        <time>2022-05-22T10:51:09Z</time>
      </trkpt>
      <trkpt lat="28.560268962755799" lon="-16.264739027246833">
        <ele>588.32299999999998</ele>
        <time>2022-05-22T10:51:11Z</time>
      </trkpt>
      <trkpt lat="28.560250019654632" lon="-16.264741960912943">
        <ele>589.14300000000003</ele>
        <time>2022-05-22T10:51:13Z</time>
      </trkpt>
      <trkpt lat="28.5602240357548" lon="-16.264749001711607">
        <ele>590.13999999999999</ele>
        <time>2022-05-22T10:51:15Z</time>
      </trkpt>
      <trkpt lat="28.560195034369826" lon="-16.264761993661523">
        <ele>591.05600000000004</ele>
        <time>2022-05-22T10:51:17Z</time>
      </trkpt>
      <trkpt lat="28.560179024934769" lon="-16.264772973954678">
        <ele>591.35900000000004</ele>
        <time>2022-05-22T10:51:18Z</time>
      </trkpt>
      <trkpt lat="28.560159998014569" lon="-16.264785965904593">
        <ele>591.71400000000006</ele>
        <time>2022-05-22T10:51:19Z</time>
      </trkpt>
      <trkpt lat="28.560143988579512" lon="-16.26479803584516">
        <ele>591.90899999999999</ele>
        <time>2022-05-22T10:51:20Z</time>
      </trkpt>
      <trkpt lat="28.560127979144454" lon="-16.264815973117948">
        <ele>591.87599999999998</ele>
        <time>2022-05-22T10:51:21Z</time>
      </trkpt>
      <trkpt lat="28.560114987194538" lon="-16.264829970896244">
        <ele>591.72500000000002</ele>
        <time>2022-05-22T10:51:22Z</time>
      </trkpt>
      <trkpt lat="28.560106018558145" lon="-16.264853021129966">
        <ele>591.05799999999999</ele>
        <time>2022-05-22T10:51:23Z</time>
      </trkpt>
      <trkpt lat="28.560093026608229" lon="-16.264871964231133">
        <ele>590.51999999999998</ele>
        <time>2022-05-22T10:51:24Z</time>
      </trkpt>
      <trkpt lat="28.560077017173171" lon="-16.264898031949997">
        <ele>589.79100000000005</ele>
        <time>2022-05-22T10:51:26Z</time>
      </trkpt>
      <trkpt lat="28.560048015788198" lon="-16.264923010021448">
        <ele>588.98099999999999</ele>
        <time>2022-05-22T10:51:28Z</time>
      </trkpt>
      <trkpt lat="28.560028988867998" lon="-16.264929967001081">
        <ele>588.85500000000002</ele>
        <time>2022-05-22T10:51:29Z</time>
      </trkpt>
      <trkpt lat="28.560009961947799" lon="-16.264929967001081">
        <ele>588.94500000000005</ele>
        <time>2022-05-22T10:51:30Z</time>
      </trkpt>
      <trkpt lat="28.55999001301825" lon="-16.264923010021448">
        <ele>589.97199999999998</ele>
        <time>2022-05-22T10:51:31Z</time>
      </trkpt>
      <trkpt lat="28.559970986098051" lon="-16.264919992536306">
        <ele>591.01199999999994</ele>
        <time>2022-05-22T10:51:32Z</time>
      </trkpt>
      <trkpt lat="28.5599460080266" lon="-16.264923010021448">
        <ele>592.03200000000004</ele>
        <time>2022-05-22T10:51:34Z</time>
      </trkpt>
      <trkpt lat="28.559929998591542" lon="-16.264932984486222">
        <ele>592.10500000000002</ele>
        <time>2022-05-22T10:51:35Z</time>
      </trkpt>
      <trkpt lat="28.559907032176852" lon="-16.26494999974966">
        <ele>592.00900000000001</ele>
        <time>2022-05-22T10:51:36Z</time>
      </trkpt>
      <trkpt lat="28.559884987771511" lon="-16.264959974214435">
        <ele>592.27200000000005</ele>
        <time>2022-05-22T10:51:37Z</time>
      </trkpt>
      <trkpt lat="28.559865960851312" lon="-16.26497003249824">
        <ele>592.221</ele>
        <time>2022-05-22T10:51:38Z</time>
      </trkpt>
      <trkpt lat="28.55983997695148" lon="-16.264984030276537">
        <ele>592.11400000000003</ele>
        <time>2022-05-22T10:51:40Z</time>
      </trkpt>
      <trkpt lat="28.55981801636517" lon="-16.264997022226453">
        <ele>591.83600000000001</ele>
        <time>2022-05-22T10:51:42Z</time>
      </trkpt>
      <trkpt lat="28.55979798361659" lon="-16.265011020004749">
        <ele>591.59699999999998</ele>
        <time>2022-05-22T10:51:44Z</time>
      </trkpt>
      <trkpt lat="28.559792032465339" lon="-16.265033986419439">
        <ele>590.15700000000004</ele>
        <time>2022-05-22T10:51:46Z</time>
      </trkpt>
      <trkpt lat="28.559781974181533" lon="-16.265053013339639">
        <ele>589.11099999999999</ele>
        <time>2022-05-22T10:51:48Z</time>
      </trkpt>
      <trkpt lat="28.559769988059998" lon="-16.265076985582709">
        <ele>587.93100000000004</ele>
        <time>2022-05-22T10:51:50Z</time>
      </trkpt>
      <trkpt lat="28.55975397862494" lon="-16.265094000846148">
        <ele>587.39800000000002</ele>
        <time>2022-05-22T10:51:52Z</time>
      </trkpt>
      <trkpt lat="28.559740986675024" lon="-16.265110010281205">
        <ele>586.79499999999996</ele>
        <time>2022-05-22T10:51:54Z</time>
      </trkpt>
      <trkpt lat="28.559724977239966" lon="-16.265119984745979">
        <ele>586.74900000000002</ele>
        <time>2022-05-22T10:51:56Z</time>
      </trkpt>
      <trkpt lat="28.559706034138799" lon="-16.265132976695895">
        <ele>586.52300000000002</ele>
        <time>2022-05-22T10:51:59Z</time>
      </trkpt>
      <trkpt lat="28.559682983905077" lon="-16.265149991959333">
        <ele>586.10900000000004</ele>
        <time>2022-05-22T10:52:02Z</time>
      </trkpt>
      <trkpt lat="28.559664040803909" lon="-16.265152003616095">
        <ele>586.62</ele>
        <time>2022-05-22T10:52:05Z</time>
      </trkpt>
      <trkpt lat="28.559648031368852" lon="-16.26516499556601">
        <ele>586.37900000000002</ele>
        <time>2022-05-22T10:52:07Z</time>
      </trkpt>
      <trkpt lat="28.559632021933794" lon="-16.265182010829449">
        <ele>585.87199999999996</ele>
        <time>2022-05-22T10:52:10Z</time>
      </trkpt>
      <trkpt lat="28.559612995013595" lon="-16.265191985294223">
        <ele>585.86400000000003</ele>
        <time>2022-05-22T10:52:13Z</time>
      </trkpt>
      <trkpt lat="28.559600003063679" lon="-16.265210006386042">
        <ele>585.245</ele>
        <time>2022-05-22T10:52:15Z</time>
      </trkpt>
      <trkpt lat="28.559577958658338" lon="-16.265218975022435">
        <ele>585.42499999999995</ele>
        <time>2022-05-22T10:52:18Z</time>
      </trkpt>
      <trkpt lat="28.559562033042312" lon="-16.265210006386042">
        <ele>586.61900000000003</ele>
        <time>2022-05-22T10:52:20Z</time>
      </trkpt>
      <trkpt lat="28.559546023607254" lon="-16.265200031921268">
        <ele>587.83900000000006</ele>
        <time>2022-05-22T10:52:22Z</time>
      </trkpt>
      <trkpt lat="28.559522973373532" lon="-16.265191985294223">
        <ele>589.11599999999999</ele>
        <time>2022-05-22T10:52:24Z</time>
      </trkpt>
      <trkpt lat="28.559493971988559" lon="-16.265181005001068">
        <ele>590.84699999999998</ele>
        <time>2022-05-22T10:52:27Z</time>
      </trkpt>
      <trkpt lat="28.559472011402249" lon="-16.265175975859165">
        <ele>591.92899999999997</ele>
        <time>2022-05-22T10:52:29Z</time>
      </trkpt>
      <trkpt lat="28.559456001967192" lon="-16.265158038586378">
        <ele>593.52099999999996</ele>
        <time>2022-05-22T10:52:33Z</time>
      </trkpt>
      <trkpt lat="28.55943001806736" lon="-16.265144040808082">
        <ele>594.80899999999997</ele>
        <time>2022-05-22T10:52:36Z</time>
      </trkpt>
      <trkpt lat="28.559410991147161" lon="-16.265133982524276">
        <ele>595.59500000000003</ele>
        <time>2022-05-22T10:52:38Z</time>
      </trkpt>
      <trkpt lat="28.559394981712103" lon="-16.265123002231121">
        <ele>596.22400000000005</ele>
        <time>2022-05-22T10:52:40Z</time>
      </trkpt>
      <trkpt lat="28.559376038610935" lon="-16.265109004452825">
        <ele>597.24699999999996</ele>
        <time>2022-05-22T10:52:43Z</time>
      </trkpt>
      <trkpt lat="28.559360029175878" lon="-16.265094000846148">
        <ele>598.23900000000003</ele>
        <time>2022-05-22T10:52:45Z</time>
      </trkpt>
      <trkpt lat="28.559341002255678" lon="-16.265076985582709">
        <ele>599.42999999999995</ele>
        <time>2022-05-22T10:52:47Z</time>
      </trkpt>
      <trkpt lat="28.559315018355846" lon="-16.265066005289555">
        <ele>600.37</ele>
        <time>2022-05-22T10:52:49Z</time>
      </trkpt>
      <trkpt lat="28.559295991435647" lon="-16.265063993632793">
        <ele>600.54399999999998</ele>
        <time>2022-05-22T10:52:50Z</time>
      </trkpt>
      <trkpt lat="28.559276964515448" lon="-16.265066005289555">
        <ele>600.61400000000003</ele>
        <time>2022-05-22T10:52:51Z</time>
      </trkpt>
      <trkpt lat="28.559261038899422" lon="-16.265076985582709">
        <ele>600.09100000000001</ele>
        <time>2022-05-22T10:52:52Z</time>
      </trkpt>
      <trkpt lat="28.559245029464364" lon="-16.265090983361006">
        <ele>599.29700000000003</ele>
        <time>2022-05-22T10:52:54Z</time>
      </trkpt>
      <trkpt lat="28.559226002544165" lon="-16.265094000846148">
        <ele>599.12300000000005</ele>
        <time>2022-05-22T10:52:56Z</time>
      </trkpt>
      <trkpt lat="28.559203036129475" lon="-16.26509902998805">
        <ele>599.02499999999998</ele>
        <time>2022-05-22T10:52:59Z</time>
      </trkpt>
      <trkpt lat="28.559180991724133" lon="-16.26510196365416">
        <ele>598.90899999999999</ele>
        <time>2022-05-22T10:53:01Z</time>
      </trkpt>
      <trkpt lat="28.559155007824302" lon="-16.26510196365416">
        <ele>599.55999999999995</ele>
        <time>2022-05-22T10:53:04Z</time>
      </trkpt>
      <trkpt lat="28.559135980904102" lon="-16.265105986967683">
        <ele>600.17899999999997</ele>
        <time>2022-05-22T10:53:06Z</time>
      </trkpt>
      <trkpt lat="28.559117037802935" lon="-16.265109004452825">
        <ele>600.75199999999995</ele>
        <time>2022-05-22T10:53:08Z</time>
      </trkpt>
      <trkpt lat="28.559098010882735" lon="-16.26512199640274">
        <ele>600.66399999999999</ele>
        <time>2022-05-22T10:53:10Z</time>
      </trkpt>
      <trkpt lat="28.559085018932819" lon="-16.265139011666179">
        <ele>599.98500000000001</ele>
        <time>2022-05-22T10:53:12Z</time>
      </trkpt>
      <trkpt lat="28.559061968699098" lon="-16.265152003616095">
        <ele>599.82500000000005</ele>
        <time>2022-05-22T10:53:15Z</time>
      </trkpt>
      <trkpt lat="28.55904595926404" lon="-16.265168013051152">
        <ele>599.36900000000003</ele>
        <time>2022-05-22T10:53:17Z</time>
      </trkpt>
      <trkpt lat="28.559020981192589" lon="-16.265178993344307">
        <ele>599.42899999999997</ele>
        <time>2022-05-22T10:53:20Z</time>
      </trkpt>
      <trkpt lat="28.559002038091421" lon="-16.265168013051152">
        <ele>601.08600000000001</ele>
        <time>2022-05-22T10:53:23Z</time>
      </trkpt>
      <trkpt lat="28.558986028656363" lon="-16.265148986130953">
        <ele>603.23699999999997</ele>
        <time>2022-05-22T10:53:27Z</time>
      </trkpt>
      <trkpt lat="28.558978987857699" lon="-16.265129959210753">
        <ele>605.04899999999998</ele>
        <time>2022-05-22T10:53:30Z</time>
      </trkpt>
      <trkpt lat="28.558962978422642" lon="-16.265112021937966">
        <ele>607.11300000000006</ele>
        <time>2022-05-22T10:53:34Z</time>
      </trkpt>
      <trkpt lat="28.558944035321474" lon="-16.265114033594728">
        <ele>607.80899999999997</ele>
        <time>2022-05-22T10:53:49Z</time>
      </trkpt>
      <trkpt lat="28.558933977037668" lon="-16.265096012502909">
        <ele>609.71400000000006</ele>
        <time>2022-05-22T10:54:01Z</time>
      </trkpt>
      <trkpt lat="28.558928025886416" lon="-16.265076985582709">
        <ele>611.63300000000004</ele>
        <time>2022-05-22T10:54:06Z</time>
      </trkpt>
      <trkpt lat="28.558917967602611" lon="-16.265054019168019">
        <ele>614.07600000000002</ele>
        <time>2022-05-22T10:54:10Z</time>
      </trkpt>
      <trkpt lat="28.558901958167553" lon="-16.265037003904581">
        <ele>616.23800000000006</ele>
        <time>2022-05-22T10:54:14Z</time>
      </trkpt>
      <trkpt lat="28.558876980096102" lon="-16.265022000297904">
        <ele>617.97900000000004</ele>
        <time>2022-05-22T10:54:17Z</time>
      </trkpt>
      <trkpt lat="28.558858036994934" lon="-16.265010014176369">
        <ele>618.69899999999996</ele>
        <time>2022-05-22T10:54:20Z</time>
      </trkpt>
      <trkpt lat="28.558834986761212" lon="-16.26499199308455">
        <ele>619.35299999999995</ele>
        <time>2022-05-22T10:54:23Z</time>
      </trkpt>
      <trkpt lat="28.558815959841013" lon="-16.264972966164351">
        <ele>619.64300000000003</ele>
        <time>2022-05-22T10:54:26Z</time>
      </trkpt>
      <trkpt lat="28.558797016739845" lon="-16.264957040548325">
        <ele>619.72000000000003</ele>
        <time>2022-05-22T10:54:29Z</time>
      </trkpt>
      <trkpt lat="28.558773966506124" lon="-16.264942036941648">
        <ele>619.86199999999997</ele>
        <time>2022-05-22T10:54:32Z</time>
      </trkpt>
      <trkpt lat="28.558755023404956" lon="-16.264930972829461">
        <ele>619.88300000000004</ele>
        <time>2022-05-22T10:54:34Z</time>
      </trkpt>
      <trkpt lat="28.558735996484756" lon="-16.264914041385055">
        <ele>620.01099999999997</ele>
        <time>2022-05-22T10:54:36Z</time>
      </trkpt>
      <trkpt lat="28.558716969564557" lon="-16.264900965616107">
        <ele>620.10900000000004</ele>
        <time>2022-05-22T10:54:38Z</time>
      </trkpt>
      <trkpt lat="28.558694003149867" lon="-16.264900965616107">
        <ele>619.73699999999997</ele>
        <time>2022-05-22T10:54:40Z</time>
      </trkpt>
      <trkpt lat="28.558674976229668" lon="-16.264893002808094">
        <ele>619.68600000000004</ele>
        <time>2022-05-22T10:54:43Z</time>
      </trkpt>
      <trkpt lat="28.558653015643358" lon="-16.264894008636475">
        <ele>619.279</ele>
        <time>2022-05-22T10:54:46Z</time>
      </trkpt>
      <trkpt lat="28.558633988723159" lon="-16.264900965616107">
        <ele>618.63099999999997</ele>
        <time>2022-05-22T10:54:50Z</time>
      </trkpt>
      <trkpt lat="28.558611022308469" lon="-16.264900965616107">
        <ele>618.27200000000005</ele>
        <time>2022-05-22T10:54:53Z</time>
      </trkpt>
      <trkpt lat="28.558588977903128" lon="-16.264901971444488">
        <ele>618.31200000000001</ele>
        <time>2022-05-22T10:54:55Z</time>
      </trkpt>
      <trkpt lat="28.558559976518154" lon="-16.26490700058639">
        <ele>618.25599999999997</ele>
        <time>2022-05-22T10:54:57Z</time>
      </trkpt>
      <trkpt lat="28.558538015931845" lon="-16.264916975051165">
        <ele>618.08600000000001</ele>
        <time>2022-05-22T10:54:59Z</time>
      </trkpt>
      <trkpt lat="28.558517983183265" lon="-16.264923010021448">
        <ele>617.81299999999999</ele>
        <time>2022-05-22T10:55:01Z</time>
      </trkpt>
      <trkpt lat="28.558501973748207" lon="-16.264941031113267">
        <ele>617.31899999999996</ele>
        <time>2022-05-22T10:55:04Z</time>
      </trkpt>
      <trkpt lat="28.558485964313149" lon="-16.264957040548325">
        <ele>616.80899999999997</ele>
        <time>2022-05-22T10:55:11Z</time>
      </trkpt>
      <trkpt lat="28.558470038697124" lon="-16.264973971992731">
        <ele>616.41899999999998</ele>
        <time>2022-05-22T10:55:18Z</time>
      </trkpt>
      <trkpt lat="28.558451011776924" lon="-16.264971038326621">
        <ele>616.50900000000001</ele>
        <time>2022-05-22T10:55:21Z</time>
      </trkpt>
      <trkpt lat="28.558428967371583" lon="-16.264973971992731">
        <ele>616.59199999999998</ele>
        <time>2022-05-22T10:55:24Z</time>
      </trkpt>
      <trkpt lat="28.558410024270415" lon="-16.264984030276537">
        <ele>616.25099999999998</ele>
        <time>2022-05-22T10:55:27Z</time>
      </trkpt>
      <trkpt lat="28.558381022885442" lon="-16.264997022226453">
        <ele>615.98400000000004</ele>
        <time>2022-05-22T10:55:30Z</time>
      </trkpt>
      <trkpt lat="28.558361995965242" lon="-16.265011020004749">
        <ele>615.61599999999999</ele>
        <time>2022-05-22T10:55:33Z</time>
      </trkpt>
      <trkpt lat="28.558345986530185" lon="-16.265022000297904">
        <ele>615.31700000000001</ele>
        <time>2022-05-22T10:55:36Z</time>
      </trkpt>
      <trkpt lat="28.558329977095127" lon="-16.265040021389723">
        <ele>614.84699999999998</ele>
        <time>2022-05-22T10:55:39Z</time>
      </trkpt>
      <trkpt lat="28.558307010680437" lon="-16.26505603082478">
        <ele>614.42100000000005</ele>
        <time>2022-05-22T10:55:42Z</time>
      </trkpt>
      <trkpt lat="28.558294018730521" lon="-16.265072040259838">
        <ele>613.95100000000002</ele>
        <time>2022-05-22T10:55:44Z</time>
      </trkpt>
      <trkpt lat="28.55827197432518" lon="-16.265082014724612">
        <ele>613.69799999999998</ele>
        <time>2022-05-22T10:55:47Z</time>
      </trkpt>
      <trkpt lat="28.558253031224012" lon="-16.265101041644812">
        <ele>613.03599999999994</ele>
        <time>2022-05-22T10:55:50Z</time>
      </trkpt>
      <trkpt lat="28.558242972940207" lon="-16.265117973089218">
        <ele>612.51700000000005</ele>
        <time>2022-05-22T10:55:52Z</time>
      </trkpt>
      <trkpt lat="28.558226963505149" lon="-16.265129959210753">
        <ele>612.11800000000005</ele>
        <time>2022-05-22T10:55:55Z</time>
      </trkpt>
      <trkpt lat="28.558205002918839" lon="-16.265119984745979">
        <ele>612.30899999999997</ele>
        <time>2022-05-22T10:55:58Z</time>
      </trkpt>
      <trkpt lat="28.558188993483782" lon="-16.26509902998805">
        <ele>613.06399999999996</ele>
        <time>2022-05-22T10:56:01Z</time>
      </trkpt>
      <trkpt lat="28.558169966563582" lon="-16.265086038038135">
        <ele>613.38300000000004</ele>
        <time>2022-05-22T10:56:03Z</time>
      </trkpt>
      <trkpt lat="28.558156974613667" lon="-16.265070028603077">
        <ele>613.86599999999999</ele>
        <time>2022-05-22T10:56:05Z</time>
      </trkpt>
      <trkpt lat="28.558147000148892" lon="-16.265043038874865">
        <ele>614.77800000000002</ele>
        <time>2022-05-22T10:56:07Z</time>
      </trkpt>
      <trkpt lat="28.558122022077441" lon="-16.265020994469523">
        <ele>615.399</ele>
        <time>2022-05-22T10:56:09Z</time>
      </trkpt>
      <trkpt lat="28.558090003207326" lon="-16.264997022226453">
        <ele>616.17899999999997</ele>
        <time>2022-05-22T10:56:11Z</time>
      </trkpt>
      <trkpt lat="28.558069970458746" lon="-16.264984030276537">
        <ele>616.47299999999996</ele>
        <time>2022-05-22T10:56:12Z</time>
      </trkpt>
      <trkpt lat="28.558051027357578" lon="-16.26497003249824">
        <ele>616.74300000000005</ele>
        <time>2022-05-22T10:56:13Z</time>
      </trkpt>
      <trkpt lat="28.558035017922521" lon="-16.264955028891563">
        <ele>617.07000000000005</ele>
        <time>2022-05-22T10:56:14Z</time>
      </trkpt>
      <trkpt lat="28.558019008487463" lon="-16.264943964779377">
        <ele>617.11599999999999</ele>
        <time>2022-05-22T10:56:15Z</time>
      </trkpt>
      <trkpt lat="28.557994030416012" lon="-16.264923010021448">
        <ele>617.57600000000002</ele>
        <time>2022-05-22T10:56:17Z</time>
      </trkpt>
      <trkpt lat="28.557978020980954" lon="-16.26490599475801">
        <ele>617.81299999999999</ele>
        <time>2022-05-22T10:56:19Z</time>
      </trkpt>
      <trkpt lat="28.557952037081122" lon="-16.264893002808094">
        <ele>618.00900000000001</ele>
        <time>2022-05-22T10:56:22Z</time>
      </trkpt>
      <trkpt lat="28.557929992675781" lon="-16.26488302834332">
        <ele>618.08199999999999</ele>
        <time>2022-05-22T10:56:24Z</time>
      </trkpt>
      <trkpt lat="28.557904008775949" lon="-16.264882022514939">
        <ele>617.91099999999994</ele>
        <time>2022-05-22T10:56:26Z</time>
      </trkpt>
      <trkpt lat="28.557875007390976" lon="-16.264871964231133">
        <ele>617.95399999999995</ele>
        <time>2022-05-22T10:56:29Z</time>
      </trkpt>
      <trkpt lat="28.557852962985635" lon="-16.264873975887895">
        <ele>617.75599999999997</ele>
        <time>2022-05-22T10:56:30Z</time>
      </trkpt>
      <trkpt lat="28.557834019884467" lon="-16.264871964231133">
        <ele>617.68700000000001</ele>
        <time>2022-05-22T10:56:31Z</time>
      </trkpt>
      <trkpt lat="28.557813987135887" lon="-16.264867018908262">
        <ele>617.62699999999995</ele>
        <time>2022-05-22T10:56:32Z</time>
      </trkpt>
      <trkpt lat="28.557794960215688" lon="-16.26486400142312">
        <ele>617.67100000000005</ele>
        <time>2022-05-22T10:56:34Z</time>
      </trkpt>
      <trkpt lat="28.557792026549578" lon="-16.264837011694908">
        <ele>618.28099999999995</ele>
        <time>2022-05-22T10:56:36Z</time>
      </trkpt>
      <trkpt lat="28.557785991579294" lon="-16.264817984774709">
        <ele>618.62800000000004</ele>
        <time>2022-05-22T10:56:37Z</time>
      </trkpt>
      <trkpt lat="28.55777601711452" lon="-16.26479803584516">
        <ele>619.19100000000003</ele>
        <time>2022-05-22T10:56:38Z</time>
      </trkpt>
      <trkpt lat="28.557769982144237" lon="-16.264775991439819">
        <ele>619.58100000000002</ele>
        <time>2022-05-22T10:56:39Z</time>
      </trkpt>
      <trkpt lat="28.557760007679462" lon="-16.26475696451962">
        <ele>619.91899999999998</ele>
        <time>2022-05-22T10:56:40Z</time>
      </trkpt>
      <trkpt lat="28.557743998244405" lon="-16.264732992276549">
        <ele>620.20899999999995</ele>
        <time>2022-05-22T10:56:42Z</time>
      </trkpt>
      <trkpt lat="28.557718014344573" lon="-16.264722011983395">
        <ele>620.17999999999995</ele>
        <time>2022-05-22T10:56:44Z</time>
      </trkpt>
      <trkpt lat="28.557695969939232" lon="-16.264716982841492">
        <ele>619.85900000000004</ele>
        <time>2022-05-22T10:56:46Z</time>
      </trkpt>
      <trkpt lat="28.557677026838064" lon="-16.264701979234815">
        <ele>619.68200000000002</ele>
        <time>2022-05-22T10:56:48Z</time>
      </trkpt>
      <trkpt lat="28.557664034888148" lon="-16.264684963971376">
        <ele>619.45399999999995</ele>
        <time>2022-05-22T10:56:50Z</time>
      </trkpt>
      <trkpt lat="28.557653976604342" lon="-16.264667026698589">
        <ele>619.31500000000005</ele>
        <time>2022-05-22T10:56:52Z</time>
      </trkpt>
      <trkpt lat="28.557635033503175" lon="-16.264653028920293">
        <ele>619.18499999999995</ele>
        <time>2022-05-22T10:56:54Z</time>
      </trkpt>
      <trkpt lat="28.557612989097834" lon="-16.264638025313616">
        <ele>618.86900000000003</ele>
        <time>2022-05-22T10:56:57Z</time>
      </trkpt>
      <trkpt lat="28.557596979662776" lon="-16.264626961201429">
        <ele>618.58900000000006</ele>
        <time>2022-05-22T10:57:00Z</time>
      </trkpt>
      <trkpt lat="28.557570995762944" lon="-16.264618998393416">
        <ele>618.13599999999997</ele>
        <time>2022-05-22T10:57:03Z</time>
      </trkpt>
      <trkpt lat="28.557546017691493" lon="-16.264613969251513">
        <ele>617.79100000000005</ele>
        <time>2022-05-22T10:57:06Z</time>
      </trkpt>
      <trkpt lat="28.557525984942913" lon="-16.264610029757023">
        <ele>617.48099999999999</ele>
        <time>2022-05-22T10:57:08Z</time>
      </trkpt>
      <trkpt lat="28.557501006871462" lon="-16.264592008665204">
        <ele>617.01900000000001</ele>
        <time>2022-05-22T10:57:11Z</time>
      </trkpt>
      <trkpt lat="28.557478040456772" lon="-16.26458203420043">
        <ele>616.80899999999997</ele>
        <time>2022-05-22T10:57:14Z</time>
      </trkpt>
      <trkpt lat="28.557459013536572" lon="-16.264578010886908">
        <ele>616.76999999999998</ele>
        <time>2022-05-22T10:57:17Z</time>
      </trkpt>
      <trkpt lat="28.557436969131231" lon="-16.264559989795089">
        <ele>616.56899999999996</ele>
        <time>2022-05-22T10:57:20Z</time>
      </trkpt>
      <trkpt lat="28.557420959696174" lon="-16.264550015330315">
        <ele>616.44200000000001</ele>
        <time>2022-05-22T10:57:22Z</time>
      </trkpt>
      <trkpt lat="28.557397993281484" lon="-16.264550015330315">
        <ele>616.28399999999999</ele>
        <time>2022-05-22T10:57:24Z</time>
      </trkpt>
      <trkpt lat="28.557369997724891" lon="-16.264556972309947">
        <ele>616.05499999999995</ele>
        <time>2022-05-22T10:57:27Z</time>
      </trkpt>
      <trkpt lat="28.557349964976311" lon="-16.264550015330315">
        <ele>615.82500000000005</ele>
        <time>2022-05-22T10:57:29Z</time>
      </trkpt>
      <trkpt lat="28.55732498690486" lon="-16.264550015330315">
        <ele>615.68899999999996</ele>
        <time>2022-05-22T10:57:32Z</time>
      </trkpt>
      <trkpt lat="28.55730595998466" lon="-16.264549009501934">
        <ele>615.46900000000005</ele>
        <time>2022-05-22T10:57:34Z</time>
      </trkpt>
      <trkpt lat="28.557279976084828" lon="-16.264545992016792">
        <ele>615.24599999999998</ele>
        <time>2022-05-22T10:57:37Z</time>
      </trkpt>
      <trkpt lat="28.557253992184997" lon="-16.264538029208779">
        <ele>614.947</ele>
        <time>2022-05-22T10:57:39Z</time>
      </trkpt>
      <trkpt lat="28.557225996628404" lon="-16.264536017552018">
        <ele>614.72900000000004</ele>
        <time>2022-05-22T10:57:41Z</time>
      </trkpt>
      <trkpt lat="28.557205963879824" lon="-16.264534005895257">
        <ele>614.721</ele>
        <time>2022-05-22T10:57:42Z</time>
      </trkpt>
      <trkpt lat="28.557180985808372" lon="-16.264527970924973">
        <ele>614.70899999999995</ele>
        <time>2022-05-22T10:57:43Z</time>
      </trkpt>
      <trkpt lat="28.557158019393682" lon="-16.264525037258863">
        <ele>614.85500000000002</ele>
        <time>2022-05-22T10:57:44Z</time>
      </trkpt>
      <trkpt lat="28.557135974988341" lon="-16.264525037258863">
        <ele>614.86400000000003</ele>
        <time>2022-05-22T10:57:45Z</time>
      </trkpt>
      <trkpt lat="28.557106973603368" lon="-16.264525959268212">
        <ele>614.92700000000002</ele>
        <time>2022-05-22T10:57:46Z</time>
      </trkpt>
      <trkpt lat="28.557077972218394" lon="-16.264527970924973">
        <ele>615.029</ele>
        <time>2022-05-22T10:57:47Z</time>
      </trkpt>
      <trkpt lat="28.557056011632085" lon="-16.264525959268212">
        <ele>615.17999999999995</ele>
        <time>2022-05-22T10:57:48Z</time>
      </trkpt>
      <trkpt lat="28.557036984711885" lon="-16.264525037258863">
        <ele>615.15999999999997</ele>
        <time>2022-05-22T10:57:49Z</time>
      </trkpt>
      <trkpt lat="28.557011000812054" lon="-16.264523025602102">
        <ele>615.23400000000004</ele>
        <time>2022-05-22T10:57:50Z</time>
      </trkpt>
      <trkpt lat="28.556989040225744" lon="-16.264520008116961">
        <ele>615.36400000000003</ele>
        <time>2022-05-22T10:57:52Z</time>
      </trkpt>
      <trkpt lat="28.556962972506881" lon="-16.264529982581735">
        <ele>615.38099999999997</ele>
        <time>2022-05-22T10:57:54Z</time>
      </trkpt>
      <trkpt lat="28.55693799443543" lon="-16.26454196870327">
        <ele>615.471</ele>
        <time>2022-05-22T10:57:56Z</time>
      </trkpt>
      <trkpt lat="28.55691796168685" lon="-16.264559989795089">
        <ele>615.74099999999999</ele>
        <time>2022-05-22T10:57:58Z</time>
      </trkpt>
      <trkpt lat="28.556899018585682" lon="-16.264565018936992">
        <ele>616.01499999999999</ele>
        <time>2022-05-22T10:58:00Z</time>
      </trkpt>
      <trkpt lat="28.556876974180341" lon="-16.264563007280231">
        <ele>616.50900000000001</ele>
        <time>2022-05-22T10:58:02Z</time>
      </trkpt>
      <trkpt lat="28.556858031079173" lon="-16.264568036422133">
        <ele>616.87800000000004</ele>
        <time>2022-05-22T10:58:04Z</time>
      </trkpt>
      <trkpt lat="28.5568290296942" lon="-16.264579016715288">
        <ele>617.34699999999998</ele>
        <time>2022-05-22T10:58:06Z</time>
      </trkpt>
      <trkpt lat="28.556805979460478" lon="-16.264588991180062">
        <ele>617.74000000000001</ele>
        <time>2022-05-22T10:58:08Z</time>
      </trkpt>
      <trkpt lat="28.556784018874168" lon="-16.26460500061512">
        <ele>618.06200000000001</ele>
        <time>2022-05-22T10:58:10Z</time>
      </trkpt>
      <trkpt lat="28.556764991953969" lon="-16.264622015878558">
        <ele>618.23299999999995</ele>
        <time>2022-05-22T10:58:12Z</time>
      </trkpt>
      <trkpt lat="28.55674596503377" lon="-16.264631990343332">
        <ele>618.553</ele>
        <time>2022-05-22T10:58:14Z</time>
      </trkpt>
      <trkpt lat="28.55672299861908" lon="-16.26464799977839">
        <ele>618.77700000000004</ele>
        <time>2022-05-22T10:58:16Z</time>
      </trkpt>
      <trkpt lat="28.556710006669164" lon="-16.264664009213448">
        <ele>618.87699999999995</ele>
        <time>2022-05-22T10:58:18Z</time>
      </trkpt>
      <trkpt lat="28.556693997234106" lon="-16.264674989506602">
        <ele>619.06399999999996</ele>
        <time>2022-05-22T10:58:20Z</time>
      </trkpt>
      <trkpt lat="28.556669019162655" lon="-16.264684963971376">
        <ele>619.476</ele>
        <time>2022-05-22T10:58:23Z</time>
      </trkpt>
      <trkpt lat="28.556656027212739" lon="-16.264698961749673">
        <ele>619.49000000000001</ele>
        <time>2022-05-22T10:58:25Z</time>
      </trkpt>
      <trkpt lat="28.556643035262823" lon="-16.264717988669872">
        <ele>619.51900000000001</ele>
        <time>2022-05-22T10:58:27Z</time>
      </trkpt>
      <trkpt lat="28.556624008342624" lon="-16.264732992276549">
        <ele>619.70899999999995</ele>
        <time>2022-05-22T10:58:29Z</time>
      </trkpt>
      <trkpt lat="28.556601963937283" lon="-16.264738021418452">
        <ele>620.07799999999997</ele>
        <time>2022-05-22T10:58:31Z</time>
      </trkpt>
      <trkpt lat="28.556582015007734" lon="-16.264746990054846">
        <ele>620.39700000000005</ele>
        <time>2022-05-22T10:58:33Z</time>
      </trkpt>
      <trkpt lat="28.556562988087535" lon="-16.264757970348001">
        <ele>620.65999999999997</ele>
        <time>2022-05-22T10:58:35Z</time>
      </trkpt>
      <trkpt lat="28.556541027501225" lon="-16.264761993661523">
        <ele>621.03200000000004</ele>
        <time>2022-05-22T10:58:37Z</time>
      </trkpt>
      <trkpt lat="28.556522000581026" lon="-16.264772973954678">
        <ele>621.27300000000002</ele>
        <time>2022-05-22T10:58:39Z</time>
      </trkpt>
      <trkpt lat="28.556501967832446" lon="-16.264785965904593">
        <ele>621.58299999999997</ele>
        <time>2022-05-22T10:58:41Z</time>
      </trkpt>
      <trkpt lat="28.556480007246137" lon="-16.264802981168032">
        <ele>621.947</ele>
        <time>2022-05-22T10:58:44Z</time>
      </trkpt>
      <trkpt lat="28.556460980325937" lon="-16.264813039451838">
        <ele>622.21699999999998</ele>
        <time>2022-05-22T10:58:46Z</time>
      </trkpt>
      <trkpt lat="28.55644497089088" lon="-16.264826031401753">
        <ele>622.54399999999998</ele>
        <time>2022-05-22T10:58:48Z</time>
      </trkpt>
      <trkpt lat="28.556426027789712" lon="-16.264827037230134">
        <ele>622.93100000000004</ele>
        <time>2022-05-22T10:58:50Z</time>
      </trkpt>
      <trkpt lat="28.556415969505906" lon="-16.264844974502921">
        <ele>623.06100000000004</ele>
        <time>2022-05-22T10:58:52Z</time>
      </trkpt>
      <trkpt lat="28.556389985606074" lon="-16.264856038615108">
        <ele>623.50699999999995</ele>
        <time>2022-05-22T10:58:55Z</time>
      </trkpt>
      <trkpt lat="28.556370958685875" lon="-16.264861989766359">
        <ele>623.50900000000001</ele>
        <time>2022-05-22T10:58:57Z</time>
      </trkpt>
      <trkpt lat="28.556352015584707" lon="-16.264874981716275">
        <ele>623.63400000000001</ele>
        <time>2022-05-22T10:58:59Z</time>
      </trkpt>
      <trkpt lat="28.556332988664508" lon="-16.26488302834332">
        <ele>623.65300000000002</ele>
        <time>2022-05-22T10:59:01Z</time>
      </trkpt>
      <trkpt lat="28.556313961744308" lon="-16.264898031949997">
        <ele>623.89599999999996</ele>
        <time>2022-05-22T10:59:03Z</time>
      </trkpt>
      <trkpt lat="28.55629401281476" lon="-16.26490700058639">
        <ele>623.93799999999999</ele>
        <time>2022-05-22T10:59:05Z</time>
      </trkpt>
      <trkpt lat="28.556274985894561" lon="-16.264923010021448">
        <ele>624.13900000000001</ele>
        <time>2022-05-22T10:59:07Z</time>
      </trkpt>
      <trkpt lat="28.556255958974361" lon="-16.264930972829461">
        <ele>624.33900000000006</ele>
        <time>2022-05-22T10:59:09Z</time>
      </trkpt>
      <trkpt lat="28.556240033358335" lon="-16.264941031113267">
        <ele>624.65300000000002</ele>
        <time>2022-05-22T10:59:11Z</time>
      </trkpt>
      <trkpt lat="28.556217988952994" lon="-16.264936001971364">
        <ele>624.74300000000005</ele>
        <time>2022-05-22T10:59:13Z</time>
      </trkpt>
      <trkpt lat="28.556198040023446" lon="-16.264941031113267">
        <ele>624.95000000000005</ele>
        <time>2022-05-22T10:59:15Z</time>
      </trkpt>
      <trkpt lat="28.556172978132963" lon="-16.264946982264519">
        <ele>625.37800000000004</ele>
        <time>2022-05-22T10:59:18Z</time>
      </trkpt>
      <trkpt lat="28.556154035031796" lon="-16.264943964779377">
        <ele>625.43299999999999</ele>
        <time>2022-05-22T10:59:20Z</time>
      </trkpt>
      <trkpt lat="28.556114975363016" lon="-16.264938013628125">
        <ele>625.62599999999998</ele>
        <time>2022-05-22T10:59:22Z</time>
      </trkpt>
      <trkpt lat="28.556093014776707" lon="-16.264936001971364">
        <ele>625.50900000000001</ele>
        <time>2022-05-22T10:59:23Z</time>
      </trkpt>
      <trkpt lat="28.556064013391733" lon="-16.264943964779377">
        <ele>625.56799999999998</ele>
        <time>2022-05-22T10:59:24Z</time>
      </trkpt>
      <trkpt lat="28.556038029491901" lon="-16.264943964779377">
        <ele>625.39700000000005</ele>
        <time>2022-05-22T10:59:25Z</time>
      </trkpt>
      <trkpt lat="28.55601598508656" lon="-16.264945976436138">
        <ele>625.28999999999996</ele>
        <time>2022-05-22T10:59:26Z</time>
      </trkpt>
      <trkpt lat="28.555994024500251" lon="-16.264945976436138">
        <ele>625.17200000000003</ele>
        <time>2022-05-22T10:59:27Z</time>
      </trkpt>
      <trkpt lat="28.555968040600419" lon="-16.264946982264519">
        <ele>624.94299999999998</ele>
        <time>2022-05-22T10:59:28Z</time>
      </trkpt>
      <trkpt lat="28.55594901368022" lon="-16.264946982264519">
        <ele>624.85299999999995</ele>
        <time>2022-05-22T10:59:29Z</time>
      </trkpt>
      <trkpt lat="28.555925963446498" lon="-16.26494999974966">
        <ele>624.84699999999998</ele>
        <time>2022-05-22T10:59:30Z</time>
      </trkpt>
      <trkpt lat="28.555904002860188" lon="-16.264952011406422">
        <ele>624.74699999999996</ele>
        <time>2022-05-22T10:59:31Z</time>
      </trkpt>
      <trkpt lat="28.555884975939989" lon="-16.264954023063183">
        <ele>624.76400000000001</ele>
        <time>2022-05-22T10:59:32Z</time>
      </trkpt>
      <trkpt lat="28.555866032838821" lon="-16.264957040548325">
        <ele>624.63599999999997</ele>
        <time>2022-05-22T10:59:33Z</time>
      </trkpt>
      <trkpt lat="28.555839965119958" lon="-16.264959974214435">
        <ele>624.61699999999996</ele>
        <time>2022-05-22T10:59:35Z</time>
      </trkpt>
      <trkpt lat="28.55582102201879" lon="-16.264962991699576">
        <ele>624.51800000000003</ele>
        <time>2022-05-22T10:59:37Z</time>
      </trkpt>
      <trkpt lat="28.555797971785069" lon="-16.264965003356338">
        <ele>624.30899999999997</ele>
        <time>2022-05-22T10:59:39Z</time>
      </trkpt>
      <trkpt lat="28.555779028683901" lon="-16.264961985871196">
        <ele>624.04399999999998</ele>
        <time>2022-05-22T10:59:41Z</time>
      </trkpt>
      <trkpt lat="28.555760001763701" lon="-16.264957040548325">
        <ele>623.673</ele>
        <time>2022-05-22T10:59:43Z</time>
      </trkpt>
      <trkpt lat="28.555740974843502" lon="-16.264955028891563">
        <ele>623.346</ele>
        <time>2022-05-22T10:59:45Z</time>
      </trkpt>
      <trkpt lat="28.555718008428812" lon="-16.264957040548325">
        <ele>623.05799999999999</ele>
        <time>2022-05-22T10:59:47Z</time>
      </trkpt>
      <trkpt lat="28.555695964023471" lon="-16.264957040548325">
        <ele>622.85900000000004</ele>
        <time>2022-05-22T10:59:49Z</time>
      </trkpt>
      <trkpt lat="28.555674003437161" lon="-16.264955028891563">
        <ele>622.56899999999996</ele>
        <time>2022-05-22T10:59:51Z</time>
      </trkpt>
      <trkpt lat="28.555651037022471" lon="-16.26494999974966">
        <ele>622.07299999999998</ele>
        <time>2022-05-22T10:59:53Z</time>
      </trkpt>
      <trkpt lat="28.555625975131989" lon="-16.264946982264519">
        <ele>621.79300000000001</ele>
        <time>2022-05-22T10:59:56Z</time>
      </trkpt>
      <trkpt lat="28.55560602620244" lon="-16.26494999974966">
        <ele>621.55999999999995</ele>
        <time>2022-05-22T10:59:58Z</time>
      </trkpt>
      <trkpt lat="28.555583981797099" lon="-16.264946982264519">
        <ele>621.28499999999997</ele>
        <time>2022-05-22T11:00:00Z</time>
      </trkpt>
      <trkpt lat="28.55556202121079" lon="-16.264943964779377">
        <ele>620.98900000000003</ele>
        <time>2022-05-22T11:00:01Z</time>
      </trkpt>
      <trkpt lat="28.55554198846221" lon="-16.264941031113267">
        <ele>620.31700000000001</ele>
        <time>2022-05-22T11:00:02Z</time>
      </trkpt>
      <trkpt lat="28.5555200278759" lon="-16.264933990314603">
        <ele>619.50900000000001</ele>
        <time>2022-05-22T11:00:03Z</time>
      </trkpt>
      <trkpt lat="28.555497983470559" lon="-16.264930972829461">
        <ele>618.85900000000004</ele>
        <time>2022-05-22T11:00:04Z</time>
      </trkpt>
      <trkpt lat="28.555478034541011" lon="-16.264925021678209">
        <ele>618.21799999999996</ele>
        <time>2022-05-22T11:00:05Z</time>
      </trkpt>
      <trkpt lat="28.555452972650528" lon="-16.264919992536306">
        <ele>617.43100000000004</ele>
        <time>2022-05-22T11:00:06Z</time>
      </trkpt>
      <trkpt lat="28.555430006235838" lon="-16.26490700058639">
        <ele>616.74300000000005</ele>
        <time>2022-05-22T11:00:07Z</time>
      </trkpt>
      <trkpt lat="28.555410979315639" lon="-16.264896020293236">
        <ele>616.18399999999997</ele>
        <time>2022-05-22T11:00:08Z</time>
      </trkpt>
      <trkpt lat="28.555389018729329" lon="-16.264882022514939">
        <ele>615.58399999999995</ele>
        <time>2022-05-22T11:00:09Z</time>
      </trkpt>
      <trkpt lat="28.555363034829497" lon="-16.264866013079882">
        <ele>614.88800000000003</ele>
        <time>2022-05-22T11:00:10Z</time>
      </trkpt>
      <trkpt lat="28.555344007909298" lon="-16.264851009473205">
        <ele>614.49800000000005</ele>
        <time>2022-05-22T11:00:11Z</time>
      </trkpt>
      <trkpt lat="28.55532799847424" lon="-16.264833994209766">
        <ele>614.11500000000001</ele>
        <time>2022-05-22T11:00:12Z</time>
      </trkpt>
      <trkpt lat="28.555306037887931" lon="-16.264815973117948">
        <ele>613.88400000000001</ele>
        <time>2022-05-22T11:00:13Z</time>
      </trkpt>
      <trkpt lat="28.555286005139351" lon="-16.264805998653173">
        <ele>613.50699999999995</ele>
        <time>2022-05-22T11:00:14Z</time>
      </trkpt>
      <trkpt lat="28.5552610270679" lon="-16.264794012531638">
        <ele>613.81700000000001</ele>
        <time>2022-05-22T11:00:16Z</time>
      </trkpt>
      <trkpt lat="28.555237976834178" lon="-16.264785965904593">
        <ele>614.20899999999995</ele>
        <time>2022-05-22T11:00:19Z</time>
      </trkpt>
      <trkpt lat="28.555216016247869" lon="-16.264775991439819">
        <ele>614.86900000000003</ele>
        <time>2022-05-22T11:00:22Z</time>
      </trkpt>
      <trkpt lat="28.555193971842527" lon="-16.264770962297916">
        <ele>615.38800000000003</ele>
        <time>2022-05-22T11:00:27Z</time>
      </trkpt>
      <trkpt lat="28.555174022912979" lon="-16.264752019196749">
        <ele>616.07100000000003</ele>
        <time>2022-05-22T11:00:30Z</time>
      </trkpt>
      <trkpt lat="28.55515499599278" lon="-16.264723017811775">
        <ele>617.19299999999998</ele>
        <time>2022-05-22T11:00:33Z</time>
      </trkpt>
      <trkpt lat="28.55513303540647" lon="-16.264687981456518">
        <ele>617.42399999999998</ele>
        <time>2022-05-22T11:00:35Z</time>
      </trkpt>
      <trkpt lat="28.555119959637523" lon="-16.264667026698589">
        <ele>617.774</ele>
        <time>2022-05-22T11:00:36Z</time>
      </trkpt>
      <trkpt lat="28.555093975737691" lon="-16.264631990343332">
        <ele>618.38800000000003</ele>
        <time>2022-05-22T11:00:38Z</time>
      </trkpt>
      <trkpt lat="28.555085007101297" lon="-16.264610029757023">
        <ele>618.57799999999997</ele>
        <time>2022-05-22T11:00:39Z</time>
      </trkpt>
      <trkpt lat="28.555072015151381" lon="-16.264586979523301">
        <ele>618.92499999999995</ele>
        <time>2022-05-22T11:00:40Z</time>
      </trkpt>
      <trkpt lat="28.555062040686607" lon="-16.264566024765372">
        <ele>619.27499999999998</ele>
        <time>2022-05-22T11:00:41Z</time>
      </trkpt>
      <trkpt lat="28.555056005716324" lon="-16.264545992016792">
        <ele>619.52800000000002</ele>
        <time>2022-05-22T11:00:42Z</time>
      </trkpt>
      <trkpt lat="28.555043013766408" lon="-16.264523025602102">
        <ele>620.01999999999998</ele>
        <time>2022-05-22T11:00:43Z</time>
      </trkpt>
      <trkpt lat="28.555033961310983" lon="-16.264503998681903">
        <ele>620.40899999999999</ele>
        <time>2022-05-22T11:00:44Z</time>
      </trkpt>
      <trkpt lat="28.555007977411151" lon="-16.264485977590084">
        <ele>621.59799999999996</ele>
        <time>2022-05-22T11:00:46Z</time>
      </trkpt>
      <trkpt lat="28.554986016824841" lon="-16.264493018388748">
        <ele>622.54700000000003</ele>
        <time>2022-05-22T11:00:48Z</time>
      </trkpt>
      <trkpt lat="28.555125994607806" lon="-16.264746990054846">
        <ele>617.21699999999998</ele>
      </trkpt>
      <trkpt lat="28.554970007389784" lon="-16.264613969251513">
        <ele>622.68700000000001</ele>
      </trkpt>
      <trkpt lat="28.55369595810771" lon="-16.264773979783058">
        <ele>654.21500000000003</ele>
      </trkpt>
      <trkpt lat="28.552611004561186" lon="-16.265371022745967">
        <ele>661.90899999999999</ele>
      </trkpt>
      <trkpt lat="28.552191993221641" lon="-16.265450986102223">
        <ele>672.23199999999997</ele>
      </trkpt>
      <trkpt lat="28.551529990509152" lon="-16.265362976118922">
        <ele>674.351</ele>
      </trkpt>
      <trkpt lat="28.550963038578629" lon="-16.264870036393404">
        <ele>691.77700000000004</ele>
      </trkpt>
      <trkpt lat="28.550620973110199" lon="-16.264770962297916">
        <ele>702.93799999999999</ele>
      </trkpt>
      <trkpt lat="28.550005992874503" lon="-16.264930972829461">
        <ele>719.13099999999997</ele>
      </trkpt>
      <trkpt lat="28.549350025132298" lon="-16.265483004972339">
        <ele>679.47400000000005</ele>
      </trkpt>
      <trkpt lat="28.549209963530302" lon="-16.264784038066864">
        <ele>719.47299999999996</ele>
      </trkpt>
      <trkpt lat="28.54860202409327" lon="-16.264428980648518">
        <ele>710.12099999999998</ele>
      </trkpt>
      <trkpt lat="28.548282003030181" lon="-16.264458987861872">
        <ele>698.16200000000003</ele>
      </trkpt>
      <trkpt lat="28.548083016648889" lon="-16.264206022024155">
        <ele>695.24199999999996</ele>
      </trkpt>
      <trkpt lat="28.547541964799166" lon="-16.264723017811775">
        <ele>685.22199999999998</ele>
      </trkpt>
      <trkpt lat="28.546893037855625" lon="-16.265010014176369">
        <ele>688.51400000000001</ele>
      </trkpt>
      <trkpt lat="28.546812990680337" lon="-16.265325006097555">
        <ele>693.80899999999997</ele>
      </trkpt>
      <trkpt lat="28.546684999018908" lon="-16.265195002779365">
        <ele>694.68499999999995</ele>
      </trkpt>
      <trkpt lat="28.54656295850873" lon="-16.265629017725587">
        <ele>697.74400000000003</ele>
      </trkpt>
      <trkpt lat="28.546534040942788" lon="-16.265531033277512">
        <ele>699.02999999999997</ele>
      </trkpt>
      <trkpt lat="28.546265987679362" lon="-16.265866979956627">
        <ele>710.78099999999995</ele>
      </trkpt>
      <trkpt lat="28.546256013214588" lon="-16.265776036307216">
        <ele>710.79399999999998</ele>
      </trkpt>
      <trkpt lat="28.544981963932514" lon="-16.265996983274817">
        <ele>756.76700000000005</ele>
      </trkpt>
      <trkpt lat="28.544466979801655" lon="-16.265610996633768">
        <ele>787.37599999999998</ele>
      </trkpt>
      <trkpt lat="28.544083004817367" lon="-16.265538996085525">
        <ele>785.62400000000002</ele>
      </trkpt>
      <trkpt lat="28.543657958507538" lon="-16.265868991613388">
        <ele>788.34500000000003</ele>
      </trkpt>
      <trkpt lat="28.543139034882188" lon="-16.265661036595702">
        <ele>798.61099999999999</ele>
      </trkpt>
      <trkpt lat="28.542853966355324" lon="-16.265738988295197">
        <ele>808.82100000000003</ele>
      </trkpt>
      <trkpt lat="28.541519986465573" lon="-16.266468968242407">
        <ele>849.40300000000002</ele>
      </trkpt>
      <trkpt lat="28.541667005047202" lon="-16.266118017956614">
        <ele>847.00900000000001</ele>
      </trkpt>
      <trkpt lat="28.541328040882945" lon="-16.266306024044752">
        <ele>863.25199999999995</ele>
      </trkpt>
      <trkpt lat="28.541354024782777" lon="-16.266134027391672">
        <ele>866.17100000000005</ele>
      </trkpt>
      <trkpt lat="28.541126037016511" lon="-16.266032019630075">
        <ele>877.04700000000003</ele>
      </trkpt>
      <trkpt lat="28.540733009576797" lon="-16.266165040433407">
        <ele>890.94799999999998</ele>
      </trkpt>
      <trkpt lat="28.540597977116704" lon="-16.266262019053102">
        <ele>895.47699999999998</ele>
      </trkpt>
      <trkpt lat="28.539977967739105" lon="-16.266170991584659">
        <ele>907.86599999999999</ele>
      </trkpt>
      <trkpt lat="28.539955001324415" lon="-16.266309963539243">
        <ele>910.06200000000001</ele>
      </trkpt>
      <trkpt lat="28.538828976452351" lon="-16.267018988728523">
        <ele>933.83299999999997</ele>
      </trkpt>
      <trkpt lat="28.538946993649006" lon="-16.267733965069056">
        <ele>935.57600000000002</ele>
      </trkpt>
      <trkpt lat="28.538592020049691" lon="-16.268317010253668">
        <ele>947.01900000000001</ele>
      </trkpt>
      <trkpt lat="28.538482971489429" lon="-16.268812967464328">
        <ele>953.65800000000002</ele>
      </trkpt>
      <trkpt lat="28.538230005651712" lon="-16.268669972196221">
        <ele>966.01599999999996</ele>
      </trkpt>
      <trkpt lat="28.53824601508677" lon="-16.268854038789868">
        <ele>966.04700000000003</ele>
      </trkpt>
      <trkpt lat="28.537987014278769" lon="-16.268615992739797">
        <ele>977.87900000000002</ele>
      </trkpt>
      <trkpt lat="28.538034958764911" lon="-16.268190024420619">
        <ele>976.90499999999997</ele>
      </trkpt>
      <trkpt lat="28.537699012085795" lon="-16.26840602606535">
        <ele>993.42499999999995</ele>
      </trkpt>
      <trkpt lat="28.537658024579287" lon="-16.268887985497713">
        <ele>1002.609</ele>
      </trkpt>
      <trkpt lat="28.537312019616365" lon="-16.268317010253668">
        <ele>1008.198</ele>
      </trkpt>
      <trkpt lat="28.535888018086553" lon="-16.268877005204558">
        <ele>1014.7670000000001</ele>
      </trkpt>
      <trkpt lat="28.535724990069866" lon="-16.268543992191553">
        <ele>1003.053</ele>
      </trkpt>
      <trkpt lat="28.535354007035494" lon="-16.268242998048663">
        <ele>995.99400000000003</ele>
      </trkpt>
      <trkpt lat="28.535033985972404" lon="-16.26836302690208">
        <ele>990.99699999999996</ele>
      </trkpt>
      <trkpt lat="28.534979000687599" lon="-16.268546003848314">
        <ele>985.78999999999996</ele>
      </trkpt>
      <trkpt lat="28.535312013700604" lon="-16.267868997529149">
        <ele>996.59900000000005</ele>
      </trkpt>
      <trkpt lat="28.53513297624886" lon="-16.267237002030015">
        <ele>985.76700000000005</ele>
      </trkpt>
      <trkpt lat="28.534698039293289" lon="-16.266941037029028">
        <ele>981.48800000000006</ele>
      </trkpt>
      <trkpt lat="28.534098984673619" lon="-16.266912035644054">
        <ele>985.31500000000005</ele>
      </trkpt>
      <trkpt lat="28.533922964707017" lon="-16.266700979322195">
        <ele>999.86500000000001</ele>
      </trkpt>
      <trkpt lat="28.533859010785818" lon="-16.265908973291516">
        <ele>969.71100000000001</ele>
      </trkpt>
      <trkpt lat="28.53414399549365" lon="-16.264325967058539">
        <ele>939.10900000000004</ele>
      </trkpt>
      <trkpt lat="28.534093033522367" lon="-16.263933023437858">
        <ele>929.66200000000003</ele>
      </trkpt>
      <trkpt lat="28.533875020220876" lon="-16.263504037633538">
        <ele>923.351</ele>
      </trkpt>
      <trkpt lat="28.533307062461972" lon="-16.263150405138731">
        <ele>1080.6500000000001</ele>
      </trkpt>
      <trkpt lat="28.532870030030608" lon="-16.262713959440589">
        <ele>908.62300000000005</ele>
        <time>2025-05-31T10:46:24Z</time>
      </trkpt>
      <trkpt lat="28.532863995060325" lon="-16.262745978310704">
        <ele>909.00300000000004</ele>
        <time>2025-05-31T10:46:23Z</time>
      </trkpt>
      <trkpt lat="28.532863995060325" lon="-16.2627790030092">
        <ele>909.45899999999995</ele>
        <time>2025-05-31T10:46:22Z</time>
      </trkpt>
      <trkpt lat="28.532867012545466" lon="-16.262810016050935">
        <ele>909.65800000000002</ele>
        <time>2025-05-31T10:46:21Z</time>
      </trkpt>
      <trkpt lat="28.532873969525099" lon="-16.262837005779147">
        <ele>909.822</ele>
        <time>2025-05-31T10:46:20Z</time>
      </trkpt>
      <trkpt lat="28.532870030030608" lon="-16.262861983850598">
        <ele>910.24300000000005</ele>
        <time>2025-05-31T10:46:19Z</time>
      </trkpt>
      <trkpt lat="28.532870030030608" lon="-16.262889979407191">
        <ele>910.41499999999996</ele>
        <time>2025-05-31T10:46:18Z</time>
      </trkpt>
      <trkpt lat="28.532873969525099" lon="-16.262912023812532">
        <ele>910.89300000000003</ele>
        <time>2025-05-31T10:46:17Z</time>
      </trkpt>
      <trkpt lat="28.532880004495382" lon="-16.262935996055603">
        <ele>911.24300000000005</ele>
        <time>2025-05-31T10:46:16Z</time>
      </trkpt>
      <trkpt lat="28.532889978960156" lon="-16.262959968298674">
        <ele>911.42899999999997</ele>
        <time>2025-05-31T10:46:15Z</time>
      </trkpt>
      <trkpt lat="28.532892996445298" lon="-16.262984024360776">
        <ele>911.86500000000001</ele>
        <time>2025-05-31T10:46:14Z</time>
      </trkpt>
      <trkpt lat="28.532905988395214" lon="-16.263004979118705">
        <ele>912.28599999999994</ele>
        <time>2025-05-31T10:46:13Z</time>
      </trkpt>
      <trkpt lat="28.532912023365498" lon="-16.263024006038904">
        <ele>912.40899999999999</ele>
        <time>2025-05-31T10:46:12Z</time>
      </trkpt>
      <trkpt lat="28.532921997830272" lon="-16.263043032959104">
        <ele>912.81700000000001</ele>
        <time>2025-05-31T10:46:11Z</time>
      </trkpt>
      <trkpt lat="28.532930966466665" lon="-16.263060970231891">
        <ele>913.06100000000004</ele>
        <time>2025-05-31T10:46:10Z</time>
      </trkpt>
      <trkpt lat="28.532938007265329" lon="-16.26307999715209">
        <ele>913.44799999999998</ele>
        <time>2025-05-31T10:46:09Z</time>
      </trkpt>
      <trkpt lat="28.532949993386865" lon="-16.263108998537064">
        <ele>913.65599999999995</ele>
        <time>2025-05-31T10:46:08Z</time>
      </trkpt>
      <trkpt lat="28.532966002821922" lon="-16.263119978830218">
        <ele>914.09000000000003</ele>
        <time>2025-05-31T10:46:07Z</time>
      </trkpt>
      <trkpt lat="28.532998021692038" lon="-16.263128025457263">
        <ele>914.67100000000005</ele>
        <time>2025-05-31T10:46:05Z</time>
      </trkpt>
      <trkpt lat="28.533020988106728" lon="-16.263133976608515">
        <ele>915.22299999999996</ele>
        <time>2025-05-31T10:46:03Z</time>
      </trkpt>
      <trkpt lat="28.533049989491701" lon="-16.263135988265276">
        <ele>916.28099999999995</ele>
        <time>2025-05-31T10:46:01Z</time>
      </trkpt>
      <trkpt lat="28.533053006976843" lon="-16.263159960508347">
        <ele>917.43100000000004</ele>
        <time>2025-05-31T10:45:58Z</time>
      </trkpt>
      <trkpt lat="28.533027023077011" lon="-16.263173036277294">
        <ele>918.22699999999998</ele>
        <time>2025-05-31T10:45:56Z</time>
      </trkpt>
      <trkpt lat="28.533011013641953" lon="-16.263187034055591">
        <ele>918.86300000000006</ele>
        <time>2025-05-31T10:45:54Z</time>
      </trkpt>
      <trkpt lat="28.532991986721754" lon="-16.263194996863604">
        <ele>919.46400000000006</ele>
        <time>2025-05-31T10:45:52Z</time>
      </trkpt>
      <trkpt lat="28.532970026135445" lon="-16.263191979378462">
        <ele>920.00900000000001</ele>
        <time>2025-05-31T10:45:50Z</time>
      </trkpt>
      <trkpt lat="28.532946975901723" lon="-16.263187034055591">
        <ele>920.60500000000002</ele>
        <time>2025-05-31T10:45:49Z</time>
      </trkpt>
      <trkpt lat="28.532928032800555" lon="-16.263191979378462">
        <ele>921.04100000000005</ele>
        <time>2025-05-31T10:45:48Z</time>
      </trkpt>
      <trkpt lat="28.532909005880356" lon="-16.263194996863604">
        <ele>921.42100000000005</ele>
        <time>2025-05-31T10:45:47Z</time>
      </trkpt>
      <trkpt lat="28.532867012545466" lon="-16.26318896189332">
        <ele>922.49300000000005</ele>
        <time>2025-05-31T10:45:45Z</time>
      </trkpt>
      <trkpt lat="28.532844968140125" lon="-16.263187034055591">
        <ele>922.88699999999994</ele>
        <time>2025-05-31T10:45:44Z</time>
      </trkpt>
      <trkpt lat="28.532828958705068" lon="-16.263175969943404">
        <ele>923.41800000000001</ele>
        <time>2025-05-31T10:45:43Z</time>
      </trkpt>
      <trkpt lat="28.532813033089042" lon="-16.263162977993488">
        <ele>924.05999999999995</ele>
        <time>2025-05-31T10:45:42Z</time>
      </trkpt>
      <trkpt lat="28.532794006168842" lon="-16.263154009357095">
        <ele>924.47799999999995</ele>
        <time>2025-05-31T10:45:41Z</time>
      </trkpt>
      <trkpt lat="28.532777996733785" lon="-16.263142023235559">
        <ele>925.02800000000002</ele>
        <time>2025-05-31T10:45:40Z</time>
      </trkpt>
      <trkpt lat="28.532765004783869" lon="-16.263128025457263">
        <ele>925.61400000000003</ele>
        <time>2025-05-31T10:45:39Z</time>
      </trkpt>
      <trkpt lat="28.532739020884037" lon="-16.263108998537064">
        <ele>926.88999999999999</ele>
        <time>2025-05-31T10:45:37Z</time>
      </trkpt>
      <trkpt lat="28.532707002013922" lon="-16.263099024072289">
        <ele>928.05100000000004</ele>
        <time>2025-05-31T10:45:35Z</time>
      </trkpt>
      <trkpt lat="28.532682023942471" lon="-16.263087959960103">
        <ele>929.20899999999995</ele>
        <time>2025-05-31T10:45:33Z</time>
      </trkpt>
      <trkpt lat="28.532656040042639" lon="-16.26307999715209">
        <ele>930.02599999999995</ele>
        <time>2025-05-31T10:45:32Z</time>
      </trkpt>
      <trkpt lat="28.532629972323775" lon="-16.263063987717032">
        <ele>931.01499999999999</ele>
        <time>2025-05-31T10:45:30Z</time>
      </trkpt>
      <trkpt lat="28.532656040042639" lon="-16.263056024909019">
        <ele>933.298</ele>
        <time>2025-05-31T10:45:26Z</time>
      </trkpt>
      <trkpt lat="28.532653022557497" lon="-16.263033980503678">
        <ele>933.88599999999997</ele>
        <time>2025-05-31T10:45:25Z</time>
      </trkpt>
      <trkpt lat="28.532642964273691" lon="-16.263011014088988">
        <ele>934.21000000000004</ele>
        <time>2025-05-31T10:45:24Z</time>
      </trkpt>
      <trkpt lat="28.532624021172523" lon="-16.262989975512028">
        <ele>934.86099999999999</ele>
        <time>2025-05-31T10:45:23Z</time>
      </trkpt>
      <trkpt lat="28.532613962888718" lon="-16.262966003268957">
        <ele>935.29300000000001</ele>
        <time>2025-05-31T10:45:22Z</time>
      </trkpt>
      <trkpt lat="28.53261798620224" lon="-16.262938007712364">
        <ele>935.69100000000003</ele>
        <time>2025-05-31T10:45:21Z</time>
      </trkpt>
      <trkpt lat="28.53261798620224" lon="-16.262909006327391">
        <ele>935.89099999999996</ele>
        <time>2025-05-31T10:45:20Z</time>
      </trkpt>
      <trkpt lat="28.53261798620224" lon="-16.262871958315372">
        <ele>936.27700000000004</ele>
        <time>2025-05-31T10:45:19Z</time>
      </trkpt>
      <trkpt lat="28.532611029222608" lon="-16.262837005779147">
        <ele>936.49300000000005</ele>
        <time>2025-05-31T10:45:18Z</time>
      </trkpt>
      <trkpt lat="28.532588984817266" lon="-16.262797024101019">
        <ele>936.88400000000001</ele>
        <time>2025-05-31T10:45:17Z</time>
      </trkpt>
      <trkpt lat="28.532575992867351" lon="-16.262756958603859">
        <ele>937.00900000000001</ele>
        <time>2025-05-31T10:45:16Z</time>
      </trkpt>
      <trkpt lat="28.532554032281041" lon="-16.262719994410872">
        <ele>937.41099999999994</ele>
        <time>2025-05-31T10:45:15Z</time>
      </trkpt>
      <trkpt lat="28.532530982047319" lon="-16.262678001075983">
        <ele>937.88300000000004</ele>
        <time>2025-05-31T10:45:14Z</time>
      </trkpt>
      <trkpt lat="28.532506003975868" lon="-16.262642964720726">
        <ele>938.22299999999996</ele>
        <time>2025-05-31T10:45:13Z</time>
      </trkpt>
      <trkpt lat="28.532498963177204" lon="-16.262602983042598">
        <ele>938.67700000000002</ele>
        <time>2025-05-31T10:45:12Z</time>
      </trkpt>
      <trkpt lat="28.532493012025952" lon="-16.262552021071315">
        <ele>939.29100000000005</ele>
        <time>2025-05-31T10:45:11Z</time>
      </trkpt>
      <trkpt lat="28.532473985105753" lon="-16.262510027736425">
        <ele>939.66200000000003</ele>
        <time>2025-05-31T10:45:10Z</time>
      </trkpt>
      <trkpt lat="28.532454036176205" lon="-16.262467028573155">
        <ele>940.28399999999999</ele>
        <time>2025-05-31T10:45:09Z</time>
      </trkpt>
      <trkpt lat="28.532438026741147" lon="-16.26243400387466">
        <ele>940.68200000000002</ele>
        <time>2025-05-31T10:45:08Z</time>
      </trkpt>
      <trkpt lat="28.532428974285722" lon="-16.262410031631589">
        <ele>941.02200000000005</ele>
        <time>2025-05-31T10:45:07Z</time>
      </trkpt>
      <trkpt lat="28.532426040619612" lon="-16.262383963912725">
        <ele>941.64800000000002</ele>
        <time>2025-05-31T10:45:06Z</time>
      </trkpt>
      <trkpt lat="28.532418999820948" lon="-16.262363009154797">
        <ele>942.25400000000002</ele>
        <time>2025-05-31T10:45:05Z</time>
      </trkpt>
      <trkpt lat="28.532410031184554" lon="-16.262345993891358">
        <ele>942.875</ele>
        <time>2025-05-31T10:45:04Z</time>
      </trkpt>
      <trkpt lat="28.532399972900748" lon="-16.262322021648288">
        <ele>943.80899999999997</ele>
        <time>2025-05-31T10:45:02Z</time>
      </trkpt>
      <trkpt lat="28.532397039234638" lon="-16.262300983071327">
        <ele>944.21699999999998</ele>
        <time>2025-05-31T10:45:01Z</time>
      </trkpt>
      <trkpt lat="28.532389998435974" lon="-16.26228203997016">
        <ele>944.87</ele>
        <time>2025-05-31T10:45:00Z</time>
      </trkpt>
      <trkpt lat="28.532383963465691" lon="-16.26226200722158">
        <ele>945.23800000000006</ele>
        <time>2025-05-31T10:44:59Z</time>
      </trkpt>
      <trkpt lat="28.532378012314439" lon="-16.262239962816238">
        <ele>945.81600000000003</ele>
        <time>2025-05-31T10:44:58Z</time>
      </trkpt>
      <trkpt lat="28.532365020364523" lon="-16.262221019715071">
        <ele>946.28999999999996</ele>
        <time>2025-05-31T10:44:57Z</time>
      </trkpt>
      <trkpt lat="28.532352028414607" lon="-16.262190006673336">
        <ele>946.89099999999996</ele>
        <time>2025-05-31T10:44:55Z</time>
      </trkpt>
      <trkpt lat="28.532339036464691" lon="-16.262170979753137">
        <ele>947.21299999999997</ele>
        <time>2025-05-31T10:44:54Z</time>
      </trkpt>
      <trkpt lat="28.532325960695744" lon="-16.262150024995208">
        <ele>947.45100000000002</ele>
        <time>2025-05-31T10:44:53Z</time>
      </trkpt>
      <trkpt lat="28.532313974574208" lon="-16.262122029438615">
        <ele>947.68100000000004</ele>
        <time>2025-05-31T10:44:51Z</time>
      </trkpt>
      <trkpt lat="28.532300982624292" lon="-16.262093028053641">
        <ele>947.64700000000005</ele>
        <time>2025-05-31T10:44:49Z</time>
      </trkpt>
      <trkpt lat="28.532284973189235" lon="-16.262080036103725">
        <ele>947.49300000000005</ele>
        <time>2025-05-31T10:44:46Z</time>
      </trkpt>
      <trkpt lat="28.532274998724461" lon="-16.262061009183526">
        <ele>947.44399999999996</ele>
        <time>2025-05-31T10:44:45Z</time>
      </trkpt>
      <trkpt lat="28.532266030088067" lon="-16.262037958949804">
        <ele>947.20899999999995</ele>
        <time>2025-05-31T10:44:44Z</time>
      </trkpt>
      <trkpt lat="28.532255971804261" lon="-16.262013986706734">
        <ele>947.21400000000006</ele>
        <time>2025-05-31T10:44:43Z</time>
      </trkpt>
      <trkpt lat="28.532253038138151" lon="-16.261989008635283">
        <ele>947.00400000000002</ele>
        <time>2025-05-31T10:44:41Z</time>
      </trkpt>
      <trkpt lat="28.532253038138151" lon="-16.261965036392212">
        <ele>947.024</ele>
        <time>2025-05-31T10:44:39Z</time>
      </trkpt>
      <trkpt lat="28.532245997339487" lon="-16.26194198615849">
        <ele>947.06200000000001</ele>
        <time>2025-05-31T10:44:37Z</time>
      </trkpt>
      <trkpt lat="28.532237028703094" lon="-16.261906027793884">
        <ele>947.26599999999996</ele>
        <time>2025-05-31T10:44:34Z</time>
      </trkpt>
      <trkpt lat="28.532221019268036" lon="-16.261884989216924">
        <ele>947.24699999999996</ele>
        <time>2025-05-31T10:44:32Z</time>
      </trkpt>
      <trkpt lat="28.53221096098423" lon="-16.261859005317092">
        <ele>947.029</ele>
        <time>2025-05-31T10:44:29Z</time>
      </trkpt>
      <trkpt lat="28.53220802731812" lon="-16.261837966740131">
        <ele>946.88699999999994</ele>
        <time>2025-05-31T10:44:27Z</time>
      </trkpt>
      <trkpt lat="28.532195035368204" lon="-16.261822041124105">
        <ele>946.697</ele>
        <time>2025-05-31T10:44:25Z</time>
      </trkpt>
      <trkpt lat="28.532189000397921" lon="-16.261797985062003">
        <ele>946.21299999999997</ele>
        <time>2025-05-31T10:44:22Z</time>
      </trkpt>
      <trkpt lat="28.532176008448005" lon="-16.261783987283707">
        <ele>946.08900000000006</ele>
        <time>2025-05-31T10:44:21Z</time>
      </trkpt>
      <trkpt lat="28.532166033983231" lon="-16.261765966191888">
        <ele>945.83000000000004</ele>
        <time>2025-05-31T10:44:20Z</time>
      </trkpt>
      <trkpt lat="28.532143989577889" lon="-16.261735958978534">
        <ele>945.20899999999995</ele>
        <time>2025-05-31T10:44:18Z</time>
      </trkpt>
      <trkpt lat="28.532127980142832" lon="-16.261722967028618">
        <ele>944.82600000000002</ele>
        <time>2025-05-31T10:44:17Z</time>
      </trkpt>
      <trkpt lat="28.532114988192916" lon="-16.261707041412592">
        <ele>944.64200000000005</ele>
        <time>2025-05-31T10:44:16Z</time>
      </trkpt>
      <trkpt lat="28.532109037041664" lon="-16.261688014492393">
        <ele>944.28700000000003</ele>
        <time>2025-05-31T10:44:15Z</time>
      </trkpt>
      <trkpt lat="28.532085986807942" lon="-16.261655995622277">
        <ele>943.63800000000003</ele>
        <time>2025-05-31T10:44:13Z</time>
      </trkpt>
      <trkpt lat="28.532066959887743" lon="-16.261637974530458">
        <ele>942.88199999999995</ele>
        <time>2025-05-31T10:44:11Z</time>
      </trkpt>
      <trkpt lat="28.532041981816292" lon="-16.261623976752162">
        <ele>942.45299999999997</ele>
        <time>2025-05-31T10:44:08Z</time>
      </trkpt>
      <trkpt lat="28.53201599791646" lon="-16.261610984802246">
        <ele>942.04499999999996</ele>
        <time>2025-05-31T10:44:06Z</time>
      </trkpt>
      <trkpt lat="28.531986996531487" lon="-16.261603021994233">
        <ele>941.82299999999998</ele>
        <time>2025-05-31T10:44:04Z</time>
      </trkpt>
      <trkpt lat="28.531954977661371" lon="-16.261600004509091">
        <ele>941.43299999999999</ele>
        <time>2025-05-31T10:44:02Z</time>
      </trkpt>
      <trkpt lat="28.531938968226314" lon="-16.261576032266021">
        <ele>941.07899999999995</ele>
        <time>2025-05-31T10:44:00Z</time>
      </trkpt>
      <trkpt lat="28.531917007640004" lon="-16.261569997295737">
        <ele>940.68499999999995</ele>
        <time>2025-05-31T10:43:57Z</time>
      </trkpt>
      <trkpt lat="28.531888006255031" lon="-16.261562034487724">
        <ele>940.48599999999999</ele>
        <time>2025-05-31T10:43:55Z</time>
      </trkpt>
      <trkpt lat="28.531862022355199" lon="-16.261548958718777">
        <ele>940.20899999999995</ele>
        <time>2025-05-31T10:43:53Z</time>
      </trkpt>
      <trkpt lat="28.531842995434999" lon="-16.261540995910764">
        <ele>940.22199999999998</ele>
        <time>2025-05-31T10:43:51Z</time>
      </trkpt>
      <trkpt lat="28.5318239685148" lon="-16.261538984254003">
        <ele>940.00199999999995</ele>
        <time>2025-05-31T10:43:49Z</time>
      </trkpt>
      <trkpt lat="28.531797984614968" lon="-16.261534038931131">
        <ele>939.84900000000005</ele>
        <time>2025-05-31T10:43:47Z</time>
      </trkpt>
      <trkpt lat="28.531773006543517" lon="-16.261528003960848">
        <ele>939.43100000000004</ele>
        <time>2025-05-31T10:43:45Z</time>
      </trkpt>
      <trkpt lat="28.531747022643685" lon="-16.261520041152835">
        <ele>939.04499999999996</ele>
        <time>2025-05-31T10:43:43Z</time>
      </trkpt>
      <trkpt lat="28.531721960753202" lon="-16.261517023667693">
        <ele>938.24599999999998</ele>
        <time>2025-05-31T10:43:39Z</time>
      </trkpt>
      <trkpt lat="28.531695976853371" lon="-16.261518029496074">
        <ele>937.86800000000005</ele>
        <time>2025-05-31T10:43:36Z</time>
      </trkpt>
      <trkpt lat="28.531666975468397" lon="-16.26151199452579">
        <ele>937.23599999999999</ele>
        <time>2025-05-31T10:43:33Z</time>
      </trkpt>
      <trkpt lat="28.531648032367229" lon="-16.261504031717777">
        <ele>936.63599999999997</ele>
        <time>2025-05-31T10:43:30Z</time>
      </trkpt>
      <trkpt lat="28.53162900544703" lon="-16.261497996747494">
        <ele>935.81200000000001</ele>
        <time>2025-05-31T10:43:27Z</time>
      </trkpt>
      <trkpt lat="28.531609978526831" lon="-16.261493973433971">
        <ele>934.83799999999997</ele>
        <time>2025-05-31T10:43:22Z</time>
      </trkpt>
      <trkpt lat="28.531587012112141" lon="-16.261486010625958">
        <ele>934.63900000000001</ele>
        <time>2025-05-31T10:43:19Z</time>
      </trkpt>
      <trkpt lat="28.531562034040689" lon="-16.261499002575874">
        <ele>933.80899999999997</ele>
        <time>2025-05-31T10:43:10Z</time>
      </trkpt>
      <trkpt lat="28.531542001292109" lon="-16.261495985090733">
        <ele>933.21400000000006</ele>
        <time>2025-05-31T10:43:08Z</time>
      </trkpt>
      <trkpt lat="28.53152297437191" lon="-16.261490033939481">
        <ele>933.01300000000003</ele>
        <time>2025-05-31T10:43:07Z</time>
      </trkpt>
      <trkpt lat="28.531497996300459" lon="-16.261486010625958">
        <ele>932.072</ele>
        <time>2025-05-31T10:43:04Z</time>
      </trkpt>
      <trkpt lat="28.531477963551879" lon="-16.261497996747494">
        <ele>930.64599999999996</ele>
        <time>2025-05-31T10:43:00Z</time>
      </trkpt>
      <trkpt lat="28.531452985480428" lon="-16.261501014232635">
        <ele>929.88</ele>
        <time>2025-05-31T10:42:57Z</time>
      </trkpt>
      <trkpt lat="28.531430019065738" lon="-16.261495985090733">
        <ele>928.26099999999997</ele>
        <time>2025-05-31T10:42:52Z</time>
      </trkpt>
      <trkpt lat="28.531410992145538" lon="-16.261485004797578">
        <ele>927.45299999999997</ele>
        <time>2025-05-31T10:42:49Z</time>
      </trkpt>
      <trkpt lat="28.531391965225339" lon="-16.261465977877378">
        <ele>926.63099999999997</ele>
        <time>2025-05-31T10:42:47Z</time>
      </trkpt>
      <trkpt lat="28.531378973275423" lon="-16.26144502311945">
        <ele>925.89099999999996</ele>
        <time>2025-05-31T10:42:45Z</time>
      </trkpt>
      <trkpt lat="28.53137000463903" lon="-16.261416021734476">
        <ele>925.06700000000001</ele>
        <time>2025-05-31T10:42:42Z</time>
      </trkpt>
      <trkpt lat="28.53134997189045" lon="-16.261400012299418">
        <ele>923.88300000000004</ele>
        <time>2025-05-31T10:42:37Z</time>
      </trkpt>
      <trkpt lat="28.531341003254056" lon="-16.2613819912076">
        <ele>923.64400000000001</ele>
        <time>2025-05-31T10:42:35Z</time>
      </trkpt>
      <trkpt lat="28.531321976333857" lon="-16.261371010914445">
        <ele>923.40899999999999</ele>
        <time>2025-05-31T10:42:33Z</time>
      </trkpt>
      <trkpt lat="28.531302027404308" lon="-16.26136003062129">
        <ele>922.81100000000004</ele>
        <time>2025-05-31T10:42:30Z</time>
      </trkpt>
      <trkpt lat="28.531292974948883" lon="-16.26133899204433">
        <ele>922.447</ele>
        <time>2025-05-31T10:42:27Z</time>
      </trkpt>
      <trkpt lat="28.531290041282773" lon="-16.261318037286401">
        <ele>922.226</ele>
        <time>2025-05-31T10:42:25Z</time>
      </trkpt>
      <trkpt lat="28.531286017969251" lon="-16.261298004537821">
        <ele>921.68700000000001</ele>
        <time>2025-05-31T10:42:22Z</time>
      </trkpt>
      <trkpt lat="28.531270008534193" lon="-16.261277971789241">
        <ele>921.23099999999999</ele>
        <time>2025-05-31T10:42:19Z</time>
      </trkpt>
      <trkpt lat="28.531250981613994" lon="-16.261265985667706">
        <ele>920.83199999999999</ele>
        <time>2025-05-31T10:42:16Z</time>
      </trkpt>
      <trkpt lat="28.531229021027684" lon="-16.261265985667706">
        <ele>920.45399999999995</ele>
        <time>2025-05-31T10:42:12Z</time>
      </trkpt>
      <trkpt lat="28.531203037127852" lon="-16.261269003152847">
        <ele>920.02200000000005</ele>
        <time>2025-05-31T10:42:08Z</time>
      </trkpt>
      <trkpt lat="28.531174035742879" lon="-16.261272020637989">
        <ele>919.64200000000005</ele>
        <time>2025-05-31T10:42:05Z</time>
      </trkpt>
      <trkpt lat="28.531164983287454" lon="-16.26125299371779">
        <ele>919.41800000000001</ele>
        <time>2025-05-31T10:42:02Z</time>
      </trkpt>
      <trkpt lat="28.531151991337538" lon="-16.261237990111113">
        <ele>919.42399999999998</ele>
        <time>2025-05-31T10:41:59Z</time>
      </trkpt>
      <trkpt lat="28.531130030751228" lon="-16.261229021474719">
        <ele>919.625</ele>
        <time>2025-05-31T10:41:55Z</time>
      </trkpt>
      <trkpt lat="28.531109998002648" lon="-16.261229021474719">
        <ele>919.60900000000004</ele>
        <time>2025-05-31T10:41:53Z</time>
      </trkpt>
      <trkpt lat="28.531090971082449" lon="-16.26123396679759">
        <ele>919.61800000000005</ele>
        <time>2025-05-31T10:41:51Z</time>
      </trkpt>
      <trkpt lat="28.53106901049614" lon="-16.26123396679759">
        <ele>919.61699999999996</ele>
        <time>2025-05-31T10:41:49Z</time>
      </trkpt>
      <trkpt lat="28.531045960262418" lon="-16.261232038959861">
        <ele>919.43600000000004</ele>
        <time>2025-05-31T10:41:47Z</time>
      </trkpt>
      <trkpt lat="28.531020982190967" lon="-16.2612300273031">
        <ele>919.41899999999998</ele>
        <time>2025-05-31T10:41:45Z</time>
      </trkpt>
      <trkpt lat="28.530994998291135" lon="-16.261227009817958">
        <ele>919.49300000000005</ele>
        <time>2025-05-31T10:41:42Z</time>
      </trkpt>
      <trkpt lat="28.530975971370935" lon="-16.261237990111113">
        <ele>919.69399999999996</ele>
        <time>2025-05-31T10:41:38Z</time>
      </trkpt>
      <trkpt lat="28.530954010784626" lon="-16.261240001767874">
        <ele>919.46600000000001</ele>
        <time>2025-05-31T10:41:37Z</time>
      </trkpt>
      <trkpt lat="28.530930960550904" lon="-16.261249976232648">
        <ele>919.29399999999998</ele>
        <time>2025-05-31T10:41:36Z</time>
      </trkpt>
      <trkpt lat="28.530912017449737" lon="-16.261258022859693">
        <ele>919.29399999999998</ele>
        <time>2025-05-31T10:41:35Z</time>
      </trkpt>
      <trkpt lat="28.530892990529537" lon="-16.261261040344834">
        <ele>919.05999999999995</ele>
        <time>2025-05-31T10:41:34Z</time>
      </trkpt>
      <trkpt lat="28.530867006629705" lon="-16.261270008981228">
        <ele>918.86599999999999</ele>
        <time>2025-05-31T10:41:33Z</time>
      </trkpt>
      <trkpt lat="28.530826019123197" lon="-16.261283000931144">
        <ele>918.65700000000004</ele>
        <time>2025-05-31T10:41:31Z</time>
      </trkpt>
      <trkpt lat="28.530797017738223" lon="-16.261290963739157">
        <ele>918.40899999999999</ele>
        <time>2025-05-31T10:41:28Z</time>
      </trkpt>
      <trkpt lat="28.530784025788307" lon="-16.261306973174214">
        <ele>917.81700000000001</ele>
        <time>2025-05-31T10:41:26Z</time>
      </trkpt>
      <trkpt lat="28.53076801635325" lon="-16.261322982609272">
        <ele>917.25199999999995</ele>
        <time>2025-05-31T10:41:24Z</time>
      </trkpt>
      <trkpt lat="28.530755024403334" lon="-16.261341003701091">
        <ele>916.65800000000002</ele>
        <time>2025-05-31T10:41:22Z</time>
      </trkpt>
      <trkpt lat="28.530739014968276" lon="-16.261358018964529">
        <ele>916.41600000000005</ele>
        <time>2025-05-31T10:41:21Z</time>
      </trkpt>
      <trkpt lat="28.53072602301836" lon="-16.261376040056348">
        <ele>916.28999999999996</ele>
        <time>2025-05-31T10:41:20Z</time>
      </trkpt>
      <trkpt lat="28.530706996098161" lon="-16.261387020349503">
        <ele>915.63099999999997</ele>
        <time>2025-05-31T10:41:18Z</time>
      </trkpt>
      <trkpt lat="28.530685035511851" lon="-16.261405041441321">
        <ele>915.25300000000004</ele>
        <time>2025-05-31T10:41:16Z</time>
      </trkpt>
      <trkpt lat="28.530677994713187" lon="-16.261427002027631">
        <ele>915.05100000000004</ele>
        <time>2025-05-31T10:41:14Z</time>
      </trkpt>
      <trkpt lat="28.530669026076794" lon="-16.261458015069366">
        <ele>915.07100000000003</ele>
        <time>2025-05-31T10:41:12Z</time>
      </trkpt>
      <trkpt lat="28.530649999156594" lon="-16.261477963998914">
        <ele>915.06700000000001</ele>
        <time>2025-05-31T10:41:10Z</time>
      </trkpt>
      <trkpt lat="28.530620997771621" lon="-16.261490033939481">
        <ele>915.053</ele>
        <time>2025-05-31T10:41:08Z</time>
      </trkpt>
      <trkpt lat="28.530601970851421" lon="-16.261490033939481">
        <ele>915.24400000000003</ele>
        <time>2025-05-31T10:41:06Z</time>
      </trkpt>
      <trkpt lat="28.530570035800338" lon="-16.261495985090733">
        <ele>915.00900000000001</ele>
        <time>2025-05-31T10:41:02Z</time>
      </trkpt>
      <trkpt lat="28.530543968081474" lon="-16.261501014232635">
        <ele>914.62</ele>
        <time>2025-05-31T10:40:59Z</time>
      </trkpt>
      <trkpt lat="28.530525024980307" lon="-16.26151199452579">
        <ele>913.39999999999998</ele>
        <time>2025-05-31T10:40:55Z</time>
      </trkpt>
      <trkpt lat="28.530505998060107" lon="-16.261524986475706">
        <ele>913.029</ele>
        <time>2025-05-31T10:40:53Z</time>
      </trkpt>
      <trkpt lat="28.530485965311527" lon="-16.261535966768861">
        <ele>912.41999999999996</ele>
        <time>2025-05-31T10:40:51Z</time>
      </trkpt>
      <trkpt lat="28.53046702221036" lon="-16.261547030881047">
        <ele>911.84400000000005</ele>
        <time>2025-05-31T10:40:49Z</time>
      </trkpt>
      <trkpt lat="28.530441960319877" lon="-16.261564968153834">
        <ele>910.85500000000002</ele>
        <time>2025-05-31T10:40:46Z</time>
      </trkpt>
      <trkpt lat="28.530426034703851" lon="-16.261578965932131">
        <ele>910.08699999999999</ele>
        <time>2025-05-31T10:40:44Z</time>
      </trkpt>
      <trkpt lat="28.530410025268793" lon="-16.261590030044317">
        <ele>909.08500000000004</ele>
        <time>2025-05-31T10:40:42Z</time>
      </trkpt>
      <trkpt lat="28.530397033318877" lon="-16.261609978973866">
        <ele>908.245</ele>
        <time>2025-05-31T10:40:40Z</time>
      </trkpt>
      <trkpt lat="28.530389992520213" lon="-16.261634035035968">
        <ele>906.84100000000001</ele>
        <time>2025-05-31T10:40:37Z</time>
      </trkpt>
      <trkpt lat="28.530389992520213" lon="-16.261653983965516">
        <ele>905.81700000000001</ele>
        <time>2025-05-31T10:40:34Z</time>
      </trkpt>
      <trkpt lat="28.530399966984987" lon="-16.261686002835631">
        <ele>904.27800000000002</ele>
        <time>2025-05-31T10:40:30Z</time>
      </trkpt>
      <trkpt lat="28.530378006398678" lon="-16.261684997007251">
        <ele>903.40899999999999</ele>
        <time>2025-05-31T10:40:28Z</time>
      </trkpt>
      <trkpt lat="28.530357973650098" lon="-16.261674016714096">
        <ele>902.82399999999996</ele>
        <time>2025-05-31T10:40:23Z</time>
      </trkpt>
      <trkpt lat="28.53033903054893" lon="-16.261665970087051">
        <ele>902.80399999999997</ele>
        <time>2025-05-31T10:40:17Z</time>
      </trkpt>
      <trkpt lat="28.530316986143589" lon="-16.261665970087051">
        <ele>902.66899999999998</ele>
        <time>2025-05-31T10:40:15Z</time>
      </trkpt>
      <trkpt lat="28.530287984758615" lon="-16.261655995622277">
        <ele>902.44000000000005</ele>
        <time>2025-05-31T10:40:13Z</time>
      </trkpt>
      <trkpt lat="28.530258983373642" lon="-16.261643003672361">
        <ele>902.43399999999997</ele>
        <time>2025-05-31T10:40:11Z</time>
      </trkpt>
      <trkpt lat="28.530242973938584" lon="-16.261629005894065">
        <ele>902.47500000000002</ele>
        <time>2025-05-31T10:40:09Z</time>
      </trkpt>
      <trkpt lat="28.530226964503527" lon="-16.261619031429291">
        <ele>902.28700000000003</ele>
        <time>2025-05-31T10:40:07Z</time>
      </trkpt>
      <trkpt lat="28.530205003917217" lon="-16.261616013944149">
        <ele>902.04499999999996</ele>
        <time>2025-05-31T10:40:04Z</time>
      </trkpt>
      <trkpt lat="28.53016996756196" lon="-16.261629005894065">
        <ele>900.26499999999999</ele>
        <time>2025-05-31T10:39:58Z</time>
      </trkpt>
      <trkpt lat="28.530156975612044" lon="-16.261645015329123">
        <ele>899.42100000000005</ele>
        <time>2025-05-31T10:39:55Z</time>
      </trkpt>
      <trkpt lat="28.530134009197354" lon="-16.261653983965516">
        <ele>898.86699999999996</ele>
        <time>2025-05-31T10:39:53Z</time>
      </trkpt>
      <trkpt lat="28.530114982277155" lon="-16.261665970087051">
        <ele>898.45799999999997</ele>
        <time>2025-05-31T10:39:51Z</time>
      </trkpt>
      <trkpt lat="28.530085980892181" lon="-16.261675022542477">
        <ele>897.60900000000004</ele>
        <time>2025-05-31T10:39:49Z</time>
      </trkpt>
      <trkpt lat="28.530064020305872" lon="-16.261688014492393">
        <ele>896.81399999999996</ele>
        <time>2025-05-31T10:39:47Z</time>
      </trkpt>
      <trkpt lat="28.530041975900531" lon="-16.261707041412592">
        <ele>896.26800000000003</ele>
        <time>2025-05-31T10:39:45Z</time>
      </trkpt>
      <trkpt lat="28.530019009485841" lon="-16.261722967028618">
        <ele>895.86500000000001</ele>
        <time>2025-05-31T10:39:43Z</time>
      </trkpt>
      <trkpt lat="28.52999403141439" lon="-16.261727996170521">
        <ele>895.66999999999996</ele>
        <time>2025-05-31T10:39:41Z</time>
      </trkpt>
      <trkpt lat="28.529967963695526" lon="-16.261734031140804">
        <ele>895.66399999999999</ele>
        <time>2025-05-31T10:39:38Z</time>
      </trkpt>
      <trkpt lat="28.529949020594358" lon="-16.261734031140804">
        <ele>895.61500000000001</ele>
        <time>2025-05-31T10:39:35Z</time>
      </trkpt>
      <trkpt lat="28.529923036694527" lon="-16.261722967028618">
        <ele>895.65700000000004</ele>
        <time>2025-05-31T10:39:33Z</time>
      </trkpt>
      <trkpt lat="28.529894035309553" lon="-16.261718021705747">
        <ele>895.41499999999996</ele>
        <time>2025-05-31T10:39:31Z</time>
      </trkpt>
      <trkpt lat="28.52986603975296" lon="-16.261722967028618">
        <ele>894.82500000000005</ele>
        <time>2025-05-31T10:39:29Z</time>
      </trkpt>
      <trkpt lat="28.529842989519238" lon="-16.261737970635295">
        <ele>894.26099999999997</ele>
        <time>2025-05-31T10:39:27Z</time>
      </trkpt>
      <trkpt lat="28.529818011447787" lon="-16.261750040575862">
        <ele>893.49699999999996</ele>
        <time>2025-05-31T10:39:24Z</time>
      </trkpt>
      <trkpt lat="28.529792027547956" lon="-16.261758003383875">
        <ele>892.66800000000001</ele>
        <time>2025-05-31T10:39:22Z</time>
      </trkpt>
      <trkpt lat="28.529776018112898" lon="-16.26176998950541">
        <ele>892.00900000000001</ele>
        <time>2025-05-31T10:39:19Z</time>
      </trkpt>
      <trkpt lat="28.529753973707557" lon="-16.261778958141804">
        <ele>891.41899999999998</ele>
        <time>2025-05-31T10:39:16Z</time>
      </trkpt>
      <trkpt lat="28.529731007292867" lon="-16.261793961748481">
        <ele>891.28099999999995</ele>
        <time>2025-05-31T10:39:14Z</time>
      </trkpt>
      <trkpt lat="28.529722038656473" lon="-16.261813994497061">
        <ele>890.66700000000003</ele>
        <time>2025-05-31T10:39:10Z</time>
      </trkpt>
      <trkpt lat="28.52969597093761" lon="-16.26181298866868">
        <ele>889.88199999999995</ele>
        <time>2025-05-31T10:39:07Z</time>
      </trkpt>
      <trkpt lat="28.529669987037778" lon="-16.261799996718764">
        <ele>888.87599999999998</ele>
        <time>2025-05-31T10:39:04Z</time>
      </trkpt>
      <trkpt lat="28.529650960117579" lon="-16.261785998940468">
        <ele>887.62699999999995</ele>
        <time>2025-05-31T10:39:01Z</time>
      </trkpt>
      <trkpt lat="28.529628999531269" lon="-16.261773006990552">
        <ele>887.01900000000001</ele>
        <time>2025-05-31T10:38:59Z</time>
      </trkpt>
      <trkpt lat="28.529612990096211" lon="-16.261756997555494">
        <ele>885.85699999999997</ele>
        <time>2025-05-31T10:38:56Z</time>
      </trkpt>
      <trkpt lat="28.529603015631437" lon="-16.261730007827282">
        <ele>885.22699999999998</ele>
        <time>2025-05-31T10:38:54Z</time>
      </trkpt>
      <trkpt lat="28.52958700619638" lon="-16.261709975078702">
        <ele>884.69299999999998</ele>
        <time>2025-05-31T10:38:50Z</time>
      </trkpt>
      <trkpt lat="28.529564961791039" lon="-16.261695977300406">
        <ele>884.04899999999998</ele>
        <time>2025-05-31T10:38:47Z</time>
      </trkpt>
      <trkpt lat="28.529546018689871" lon="-16.261693965643644">
        <ele>883.48000000000002</ele>
        <time>2025-05-31T10:38:44Z</time>
      </trkpt>
      <trkpt lat="28.529522968456149" lon="-16.26170402392745">
        <ele>883.00900000000001</ele>
        <time>2025-05-31T10:38:41Z</time>
      </trkpt>
      <trkpt lat="28.529504025354981" lon="-16.261724978685379">
        <ele>882.61699999999996</ele>
        <time>2025-05-31T10:38:39Z</time>
      </trkpt>
      <trkpt lat="28.529488015919924" lon="-16.261734031140804">
        <ele>882.28899999999999</ele>
        <time>2025-05-31T10:38:37Z</time>
      </trkpt>
      <trkpt lat="28.529465971514583" lon="-16.261730007827282">
        <ele>882.08500000000004</ele>
        <time>2025-05-31T10:38:36Z</time>
      </trkpt>
      <trkpt lat="28.529436970129609" lon="-16.261724978685379">
        <ele>881.27700000000004</ele>
        <time>2025-05-31T10:38:34Z</time>
      </trkpt>
      <trkpt lat="28.529414003714919" lon="-16.261718021705747">
        <ele>880.49099999999999</ele>
        <time>2025-05-31T10:38:32Z</time>
      </trkpt>
      <trkpt lat="28.52939497679472" lon="-16.261727996170521">
        <ele>879.21199999999999</ele>
        <time>2025-05-31T10:38:28Z</time>
      </trkpt>
      <trkpt lat="28.529376033693552" lon="-16.261737970635295">
        <ele>878.63400000000001</ele>
        <time>2025-05-31T10:38:26Z</time>
      </trkpt>
      <trkpt lat="28.529347032308578" lon="-16.261741993948817">
        <ele>878.06200000000001</ele>
        <time>2025-05-31T10:38:24Z</time>
      </trkpt>
      <trkpt lat="28.529328005388379" lon="-16.261750040575862">
        <ele>877.66200000000003</ele>
        <time>2025-05-31T10:38:22Z</time>
      </trkpt>
      <trkpt lat="28.529305960983038" lon="-16.261749034747481">
        <ele>877.44799999999998</ele>
        <time>2025-05-31T10:38:19Z</time>
      </trkpt>
      <trkpt lat="28.52928601205349" lon="-16.26174601726234">
        <ele>877.08399999999995</ele>
        <time>2025-05-31T10:38:17Z</time>
      </trkpt>
      <trkpt lat="28.529263967648149" lon="-16.261735958978534">
        <ele>876.69500000000005</ele>
        <time>2025-05-31T10:38:15Z</time>
      </trkpt>
      <trkpt lat="28.529245024546981" lon="-16.261724978685379">
        <ele>876.20899999999995</ele>
        <time>2025-05-31T10:38:13Z</time>
      </trkpt>
      <trkpt lat="28.529229015111923" lon="-16.261707041412592">
        <ele>875.81100000000004</ele>
        <time>2025-05-31T10:38:11Z</time>
      </trkpt>
      <trkpt lat="28.529209988191724" lon="-16.261693965643644">
        <ele>875.29200000000003</ele>
        <time>2025-05-31T10:38:09Z</time>
      </trkpt>
      <trkpt lat="28.529184004291892" lon="-16.261688014492393">
        <ele>874.63199999999995</ele>
        <time>2025-05-31T10:38:07Z</time>
      </trkpt>
      <trkpt lat="28.529164977371693" lon="-16.261684997007251">
        <ele>874.22900000000004</ele>
        <time>2025-05-31T10:38:06Z</time>
      </trkpt>
      <trkpt lat="28.529135975986719" lon="-16.261679967865348">
        <ele>873.64300000000003</ele>
        <time>2025-05-31T10:38:04Z</time>
      </trkpt>
      <trkpt lat="28.529101023450494" lon="-16.261668987572193">
        <ele>873.25400000000002</ele>
        <time>2025-05-31T10:38:02Z</time>
      </trkpt>
      <trkpt lat="28.529077973216772" lon="-16.261653983965516">
        <ele>873.01599999999996</ele>
        <time>2025-05-31T10:37:59Z</time>
      </trkpt>
      <trkpt lat="28.529065987095237" lon="-16.261637974530458">
        <ele>873.07399999999996</ele>
        <time>2025-05-31T10:37:56Z</time>
      </trkpt>
      <trkpt lat="28.529046038165689" lon="-16.261626994237304">
        <ele>873.05399999999997</ele>
        <time>2025-05-31T10:37:53Z</time>
      </trkpt>
      <trkpt lat="28.529027011245489" lon="-16.261614002287388">
        <ele>873.01999999999998</ele>
        <time>2025-05-31T10:37:49Z</time>
      </trkpt>
      <trkpt lat="28.52900798432529" lon="-16.26161802560091">
        <ele>873.03599999999994</ele>
        <time>2025-05-31T10:37:46Z</time>
      </trkpt>
      <trkpt lat="28.528989041224122" lon="-16.26162095926702">
        <ele>872.81700000000001</ele>
        <time>2025-05-31T10:37:44Z</time>
      </trkpt>
      <trkpt lat="28.5289659909904" lon="-16.26162095926702">
        <ele>872.80899999999997</ele>
        <time>2025-05-31T10:37:42Z</time>
      </trkpt>
      <trkpt lat="28.528946964070201" lon="-16.261616013944149">
        <ele>872.81100000000004</ele>
        <time>2025-05-31T10:37:39Z</time>
      </trkpt>
      <trkpt lat="28.528925003483891" lon="-16.261619031429291">
        <ele>873.05600000000004</ele>
        <time>2025-05-31T10:37:34Z</time>
      </trkpt>
      <trkpt lat="28.528908994048834" lon="-16.261630011722445">
        <ele>872.85400000000004</ele>
        <time>2025-05-31T10:37:30Z</time>
      </trkpt>
      <trkpt lat="28.528889967128634" lon="-16.261646021157503">
        <ele>872.04999999999995</ele>
        <time>2025-05-31T10:37:26Z</time>
      </trkpt>
      <trkpt lat="28.52887999266386" lon="-16.261629005894065">
        <ele>871.274</ele>
        <time>2025-05-31T10:37:22Z</time>
      </trkpt>
      <trkpt lat="28.52887999266386" lon="-16.261606039479375">
        <ele>870.02499999999998</ele>
        <time>2025-05-31T10:37:19Z</time>
      </trkpt>
      <trkpt lat="28.528892984613776" lon="-16.261590030044317">
        <ele>867.64700000000005</ele>
        <time>2025-05-31T10:37:15Z</time>
      </trkpt>
      <trkpt lat="28.528892984613776" lon="-16.261569997295737">
        <ele>865.42499999999995</ele>
        <time>2025-05-31T10:37:11Z</time>
      </trkpt>
      <trkpt lat="28.528896002098918" lon="-16.261547030881047">
        <ele>864.245</ele>
        <time>2025-05-31T10:37:08Z</time>
      </trkpt>
      <trkpt lat="28.528896002098918" lon="-16.261518029496074">
        <ele>864.07100000000003</ele>
        <time>2025-05-31T10:37:07Z</time>
      </trkpt>
      <trkpt lat="28.528908994048834" lon="-16.261497996747494">
        <ele>863.87699999999995</ele>
        <time>2025-05-31T10:37:04Z</time>
      </trkpt>
      <trkpt lat="28.528925003483891" lon="-16.261477963998914">
        <ele>862.86800000000005</ele>
        <time>2025-05-31T10:36:58Z</time>
      </trkpt>
      <trkpt lat="28.528946964070201" lon="-16.261470001190901">
        <ele>862.20899999999995</ele>
        <time>2025-05-31T10:36:54Z</time>
      </trkpt>
      <trkpt lat="28.5289659909904" lon="-16.261453991755843">
        <ele>862.01599999999996</ele>
        <time>2025-05-31T10:36:51Z</time>
      </trkpt>
      <trkpt lat="28.528949981555343" lon="-16.26144502311945">
        <ele>862.20600000000002</ele>
        <time>2025-05-31T10:36:47Z</time>
      </trkpt>
      <trkpt lat="28.528928020969033" lon="-16.261429013684392">
        <ele>861.86400000000003</ele>
        <time>2025-05-31T10:36:43Z</time>
      </trkpt>
      <trkpt lat="28.528908994048834" lon="-16.261432031169534">
        <ele>861.62800000000004</ele>
        <time>2025-05-31T10:36:41Z</time>
      </trkpt>
      <trkpt lat="28.528886027634144" lon="-16.26144502311945">
        <ele>861.63199999999995</ele>
        <time>2025-05-31T10:36:39Z</time>
      </trkpt>
      <trkpt lat="28.528867000713944" lon="-16.26144602894783">
        <ele>861.25300000000004</ele>
        <time>2025-05-31T10:36:37Z</time>
      </trkpt>
      <trkpt lat="28.528847973793745" lon="-16.261439993977547">
        <ele>860.82500000000005</ele>
        <time>2025-05-31T10:36:35Z</time>
      </trkpt>
      <trkpt lat="28.528826013207436" lon="-16.261442005634308">
        <ele>860.65300000000002</ele>
        <time>2025-05-31T10:36:33Z</time>
      </trkpt>
      <trkpt lat="28.528800029307604" lon="-16.261449968442321">
        <ele>860.46299999999997</ele>
        <time>2025-05-31T10:36:31Z</time>
      </trkpt>
      <trkpt lat="28.528781002387404" lon="-16.261456003412604">
        <ele>860.28899999999999</ele>
        <time>2025-05-31T10:36:29Z</time>
      </trkpt>
      <trkpt lat="28.528761975467205" lon="-16.261453991755843">
        <ele>860.05499999999995</ele>
        <time>2025-05-31T10:36:27Z</time>
      </trkpt>
      <trkpt lat="28.528735991567373" lon="-16.261466983705759">
        <ele>859.65599999999995</ele>
        <time>2025-05-31T10:36:25Z</time>
      </trkpt>
      <trkpt lat="28.528714030981064" lon="-16.261475030332804">
        <ele>859.40899999999999</ele>
        <time>2025-05-31T10:36:22Z</time>
      </trkpt>
      <trkpt lat="28.528690980747342" lon="-16.261477963998914">
        <ele>858.81500000000005</ele>
        <time>2025-05-31T10:36:18Z</time>
      </trkpt>
      <trkpt lat="28.528677988797426" lon="-16.261501014232635">
        <ele>858.005</ele>
        <time>2025-05-31T10:36:14Z</time>
      </trkpt>
      <trkpt lat="28.528658961877227" lon="-16.261506965383887">
        <ele>856.44399999999996</ele>
        <time>2025-05-31T10:36:09Z</time>
      </trkpt>
      <trkpt lat="28.528640018776059" lon="-16.261521968990564">
        <ele>855.29700000000003</ele>
        <time>2025-05-31T10:36:05Z</time>
      </trkpt>
      <trkpt lat="28.528617974370718" lon="-16.26153102144599">
        <ele>854.49099999999999</ele>
        <time>2025-05-31T10:36:03Z</time>
      </trkpt>
      <trkpt lat="28.528604982420802" lon="-16.26155398786068">
        <ele>853.87199999999996</ele>
        <time>2025-05-31T10:36:01Z</time>
      </trkpt>
      <trkpt lat="28.528591990470886" lon="-16.26157796010375">
        <ele>853.09400000000005</ele>
        <time>2025-05-31T10:35:59Z</time>
      </trkpt>
      <trkpt lat="28.528575981035829" lon="-16.261587012559175">
        <ele>852.27200000000005</ele>
        <time>2025-05-31T10:35:57Z</time>
      </trkpt>
      <trkpt lat="28.528559971600771" lon="-16.26157402060926">
        <ele>851.68200000000002</ele>
        <time>2025-05-31T10:35:55Z</time>
      </trkpt>
      <trkpt lat="28.528554020449519" lon="-16.261549964547157">
        <ele>851.07799999999997</ele>
        <time>2025-05-31T10:35:50Z</time>
      </trkpt>
      <trkpt lat="28.528541028499603" lon="-16.261528003960848">
        <ele>850.87400000000002</ele>
        <time>2025-05-31T10:35:45Z</time>
      </trkpt>
      <trkpt lat="28.528522001579404" lon="-16.261517023667693">
        <ele>850.88499999999999</ele>
        <time>2025-05-31T10:35:43Z</time>
      </trkpt>
      <trkpt lat="28.528501968830824" lon="-16.261505959555507">
        <ele>851.20899999999995</ele>
        <time>2025-05-31T10:35:38Z</time>
      </trkpt>
      <trkpt lat="28.528483025729656" lon="-16.261508977040648">
        <ele>851.41300000000001</ele>
        <time>2025-05-31T10:35:36Z</time>
      </trkpt>
      <trkpt lat="28.528467016294599" lon="-16.261518029496074">
        <ele>851.44899999999996</ele>
        <time>2025-05-31T10:35:35Z</time>
      </trkpt>
      <trkpt lat="28.528431979939342" lon="-16.261517023667693">
        <ele>851.43700000000001</ele>
        <time>2025-05-31T10:35:34Z</time>
      </trkpt>
      <trkpt lat="28.528397027403116" lon="-16.261534038931131">
        <ele>851.27099999999996</ele>
        <time>2025-05-31T10:35:32Z</time>
      </trkpt>
      <trkpt lat="28.528381017968059" lon="-16.261544013395905">
        <ele>851.09500000000003</ele>
        <time>2025-05-31T10:35:31Z</time>
      </trkpt>
      <trkpt lat="28.528361991047859" lon="-16.26155398786068">
        <ele>850.49599999999998</ele>
        <time>2025-05-31T10:35:29Z</time>
      </trkpt>
      <trkpt lat="28.528336007148027" lon="-16.261562034487724">
        <ele>849.88800000000003</ele>
        <time>2025-05-31T10:35:27Z</time>
      </trkpt>
      <trkpt lat="28.528307005763054" lon="-16.261564968153834">
        <ele>849.25599999999997</ele>
        <time>2025-05-31T10:35:24Z</time>
      </trkpt>
      <trkpt lat="28.528284961357713" lon="-16.261565973982215">
        <ele>849.23599999999999</ele>
        <time>2025-05-31T10:35:22Z</time>
      </trkpt>
      <trkpt lat="28.528261994943023" lon="-16.261580977588892">
        <ele>849.01199999999994</ele>
        <time>2025-05-31T10:35:20Z</time>
      </trkpt>
      <trkpt lat="28.528242968022823" lon="-16.26157796010375">
        <ele>848.83799999999997</ele>
        <time>2025-05-31T10:35:19Z</time>
      </trkpt>
      <trkpt lat="28.528224024921656" lon="-16.26157402060926">
        <ele>848.61900000000003</ele>
        <time>2025-05-31T10:35:18Z</time>
      </trkpt>
      <trkpt lat="28.528204998001456" lon="-16.26157796010375">
        <ele>848.60900000000004</ele>
        <time>2025-05-31T10:35:17Z</time>
      </trkpt>
      <trkpt lat="28.528179014101624" lon="-16.261580977588892">
        <ele>848.62</ele>
        <time>2025-05-31T10:35:16Z</time>
      </trkpt>
      <trkpt lat="28.528146995231509" lon="-16.261580977588892">
        <ele>848.62800000000004</ele>
        <time>2025-05-31T10:35:15Z</time>
      </trkpt>
      <trkpt lat="28.528122017160058" lon="-16.261578965932131">
        <ele>848.67499999999995</ele>
        <time>2025-05-31T10:35:14Z</time>
      </trkpt>
      <trkpt lat="28.52808597497642" lon="-16.26157796010375">
        <ele>848.67100000000005</ele>
        <time>2025-05-31T10:35:13Z</time>
      </trkpt>
      <trkpt lat="28.528057979419827" lon="-16.26157796010375">
        <ele>848.68499999999995</ele>
        <time>2025-05-31T10:35:12Z</time>
      </trkpt>
      <trkpt lat="28.528038030490279" lon="-16.26157796010375">
        <ele>848.83600000000001</ele>
        <time>2025-05-31T10:35:11Z</time>
      </trkpt>
      <trkpt lat="28.528015986084938" lon="-16.261580977588892">
        <ele>849.06799999999998</ele>
        <time>2025-05-31T10:35:10Z</time>
      </trkpt>
      <trkpt lat="28.527983967214823" lon="-16.261587012559175">
        <ele>849.096</ele>
        <time>2025-05-31T10:35:09Z</time>
      </trkpt>
      <trkpt lat="28.527954965829849" lon="-16.261590030044317">
        <ele>849.28599999999994</ele>
        <time>2025-05-31T10:35:08Z</time>
      </trkpt>
      <trkpt lat="28.527920013293624" lon="-16.261594975367188">
        <ele>849.22199999999998</ele>
        <time>2025-05-31T10:35:07Z</time>
      </trkpt>
      <trkpt lat="28.52789101190865" lon="-16.261600004509091">
        <ele>849.28800000000001</ele>
        <time>2025-05-31T10:35:06Z</time>
      </trkpt>
      <trkpt lat="28.527868967503309" lon="-16.261605033650994">
        <ele>849.23900000000003</ele>
        <time>2025-05-31T10:35:05Z</time>
      </trkpt>
      <trkpt lat="28.527850024402142" lon="-16.261614002287388">
        <ele>849.20899999999995</ele>
        <time>2025-05-31T10:35:04Z</time>
      </trkpt>
      <trkpt lat="28.52782404050231" lon="-16.261629005894065">
        <ele>849.22699999999998</ele>
        <time>2025-05-31T10:35:02Z</time>
      </trkpt>
      <trkpt lat="28.52780501358211" lon="-16.261635040864348">
        <ele>849.26099999999997</ele>
        <time>2025-05-31T10:35:01Z</time>
      </trkpt>
      <trkpt lat="28.527776012197137" lon="-16.261645015329123">
        <ele>849.27700000000004</ele>
        <time>2025-05-31T10:34:59Z</time>
      </trkpt>
      <trkpt lat="28.527756985276937" lon="-16.261650966480374">
        <ele>849.41600000000005</ele>
        <time>2025-05-31T10:34:58Z</time>
      </trkpt>
      <trkpt lat="28.52774097584188" lon="-16.26166102476418">
        <ele>849.48000000000002</ele>
        <time>2025-05-31T10:34:57Z</time>
      </trkpt>
      <trkpt lat="28.527722032740712" lon="-16.261666975915432">
        <ele>849.44100000000003</ele>
        <time>2025-05-31T10:34:56Z</time>
      </trkpt>
      <trkpt lat="28.527685990557075" lon="-16.261655995622277">
        <ele>849.49300000000005</ele>
        <time>2025-05-31T10:34:55Z</time>
      </trkpt>
      <trkpt lat="28.527648020535707" lon="-16.261659013107419">
        <ele>849.45100000000002</ele>
        <time>2025-05-31T10:34:53Z</time>
      </trkpt>
      <trkpt lat="28.527628993615508" lon="-16.261655995622277">
        <ele>849.48099999999999</ele>
        <time>2025-05-31T10:34:52Z</time>
      </trkpt>
      <trkpt lat="28.527609966695309" lon="-16.261646021157503">
        <ele>849.46699999999998</ele>
        <time>2025-05-31T10:34:51Z</time>
      </trkpt>
      <trkpt lat="28.527574008330703" lon="-16.261648032814264">
        <ele>849.43299999999999</ele>
        <time>2025-05-31T10:34:49Z</time>
      </trkpt>
      <trkpt lat="28.527549030259252" lon="-16.261648032814264">
        <ele>849.28399999999999</ele>
        <time>2025-05-31T10:34:47Z</time>
      </trkpt>
      <trkpt lat="28.527520028874278" lon="-16.261643003672361">
        <ele>849.00900000000001</ele>
        <time>2025-05-31T10:34:45Z</time>
      </trkpt>
      <trkpt lat="28.527488010004163" lon="-16.261630011722445">
        <ele>848.80499999999995</ele>
        <time>2025-05-31T10:34:43Z</time>
      </trkpt>
      <trkpt lat="28.527468983083963" lon="-16.261623976752162">
        <ele>848.84100000000001</ele>
        <time>2025-05-31T10:34:42Z</time>
      </trkpt>
      <trkpt lat="28.527450039982796" lon="-16.261616013944149">
        <ele>848.82100000000003</ele>
        <time>2025-05-31T10:34:41Z</time>
      </trkpt>
      <trkpt lat="28.527430007234216" lon="-16.261594975367188">
        <ele>848.62300000000005</ele>
        <time>2025-05-31T10:34:40Z</time>
      </trkpt>
      <trkpt lat="28.52741802111268" lon="-16.261580977588892">
        <ele>848.45699999999999</ele>
        <time>2025-05-31T10:34:39Z</time>
      </trkpt>
      <trkpt lat="28.527402011677623" lon="-16.261569997295737">
        <ele>848.05799999999999</ele>
        <time>2025-05-31T10:34:38Z</time>
      </trkpt>
      <trkpt lat="28.527378961443901" lon="-16.261558011174202">
        <ele>847.84000000000003</ele>
        <time>2025-05-31T10:34:37Z</time>
      </trkpt>
      <trkpt lat="28.527347026392817" lon="-16.261549964547157">
        <ele>847.44799999999998</ele>
        <time>2025-05-31T10:34:35Z</time>
      </trkpt>
      <trkpt lat="28.527321964502335" lon="-16.261538984254003">
        <ele>847.048</ele>
        <time>2025-05-31T10:34:33Z</time>
      </trkpt>
      <trkpt lat="28.527292963117361" lon="-16.261537978425622">
        <ele>846.88400000000001</ele>
        <time>2025-05-31T10:34:31Z</time>
      </trkpt>
      <trkpt lat="28.527261028066278" lon="-16.261534038931131">
        <ele>846.83000000000004</ele>
        <time>2025-05-31T10:34:28Z</time>
      </trkpt>
      <trkpt lat="28.527229009196162" lon="-16.261528003960848">
        <ele>846.69100000000003</ele>
        <time>2025-05-31T10:34:26Z</time>
      </trkpt>
      <trkpt lat="28.527209982275963" lon="-16.261521968990564">
        <ele>846.40899999999999</ele>
        <time>2025-05-31T10:34:25Z</time>
      </trkpt>
      <trkpt lat="28.527190033346415" lon="-16.261520041152835">
        <ele>846.423</ele>
        <time>2025-05-31T10:34:24Z</time>
      </trkpt>
      <trkpt lat="28.527164971455932" lon="-16.261517023667693">
        <ele>846.24900000000002</ele>
        <time>2025-05-31T10:34:23Z</time>
      </trkpt>
      <trkpt lat="28.527142005041242" lon="-16.261509982869029">
        <ele>846.29499999999996</ele>
        <time>2025-05-31T10:34:22Z</time>
      </trkpt>
      <trkpt lat="28.527114009484649" lon="-16.261509982869029">
        <ele>846.03300000000002</ele>
        <time>2025-05-31T10:34:21Z</time>
      </trkpt>
      <trkpt lat="28.527093976736069" lon="-16.261509982869029">
        <ele>845.86699999999996</ele>
        <time>2025-05-31T10:34:20Z</time>
      </trkpt>
      <trkpt lat="28.527065981179476" lon="-16.261509982869029">
        <ele>845.61800000000005</ele>
        <time>2025-05-31T10:34:18Z</time>
      </trkpt>
      <trkpt lat="28.527027005329728" lon="-16.261509982869029">
        <ele>845.23000000000002</ele>
        <time>2025-05-31T10:34:16Z</time>
      </trkpt>
      <trkpt lat="28.527004960924387" lon="-16.261509982869029">
        <ele>845.07799999999997</ele>
        <time>2025-05-31T10:34:15Z</time>
      </trkpt>
      <trkpt lat="28.526981994509697" lon="-16.261517023667693">
        <ele>844.85799999999995</ele>
        <time>2025-05-31T10:34:14Z</time>
      </trkpt>
      <trkpt lat="28.526962967589498" lon="-16.261520041152835">
        <ele>844.63400000000001</ele>
        <time>2025-05-31T10:34:13Z</time>
      </trkpt>
      <trkpt lat="28.526941007003188" lon="-16.261524986475706">
        <ele>844.21000000000004</ele>
        <time>2025-05-31T10:34:12Z</time>
      </trkpt>
      <trkpt lat="28.526912005618215" lon="-16.261517023667693">
        <ele>844.08100000000002</ele>
        <time>2025-05-31T10:34:11Z</time>
      </trkpt>
      <trkpt lat="28.526892978698015" lon="-16.261518029496074">
        <ele>843.60900000000004</ele>
        <time>2025-05-31T10:34:10Z</time>
      </trkpt>
      <trkpt lat="28.526874035596848" lon="-16.261520041152835">
        <ele>843.21900000000005</ele>
        <time>2025-05-31T10:34:09Z</time>
      </trkpt>
      <trkpt lat="28.526850985363126" lon="-16.261525992304087">
        <ele>842.68100000000004</ele>
        <time>2025-05-31T10:34:07Z</time>
      </trkpt>
      <trkpt lat="28.526831958442926" lon="-16.261528003960848">
        <ele>842.49099999999999</ele>
        <time>2025-05-31T10:34:06Z</time>
      </trkpt>
      <trkpt lat="28.526803040876985" lon="-16.261544013395905">
        <ele>842.22699999999998</ele>
        <time>2025-05-31T10:34:04Z</time>
      </trkpt>
      <trkpt lat="28.526784013956785" lon="-16.261557005345821">
        <ele>842.221</ele>
        <time>2025-05-31T10:34:03Z</time>
      </trkpt>
      <trkpt lat="28.526764987036586" lon="-16.261558011174202">
        <ele>842.27200000000005</ele>
        <time>2025-05-31T10:34:02Z</time>
      </trkpt>
      <trkpt lat="28.526745960116386" lon="-16.26155499368906">
        <ele>842.43399999999997</ele>
        <time>2025-05-31T10:34:01Z</time>
      </trkpt>
      <trkpt lat="28.526722993701696" lon="-16.261549964547157">
        <ele>842.65200000000004</ele>
        <time>2025-05-31T10:34:00Z</time>
      </trkpt>
      <trkpt lat="28.526698015630245" lon="-16.261547030881047">
        <ele>843.06200000000001</ele>
        <time>2025-05-31T10:33:59Z</time>
      </trkpt>
      <trkpt lat="28.526672031730413" lon="-16.261544013395905">
        <ele>843.27800000000002</ele>
        <time>2025-05-31T10:33:58Z</time>
      </trkpt>
      <trkpt lat="28.526636995375156" lon="-16.261537978425622">
        <ele>843.41399999999999</ele>
        <time>2025-05-31T10:33:57Z</time>
      </trkpt>
      <trkpt lat="28.526644958183169" lon="-16.261492967605591">
        <time>2019-12-29T10:33:45Z</time>
      </trkpt>
      <trkpt lat="28.526576980948448" lon="-16.261564968153834">
        <time>2019-12-29T10:33:41Z</time>
      </trkpt>
      <trkpt lat="28.526472961530089" lon="-16.261600004509091">
        <time>2019-12-29T10:33:36Z</time>
      </trkpt>
      <trkpt lat="28.52640800178051" lon="-16.261678040027618">
        <time>2019-12-29T10:33:32Z</time>
      </trkpt>
      <trkpt lat="28.526325020939112" lon="-16.261736964806914">
        <time>2019-12-29T10:33:26Z</time>
      </trkpt>
      <trkpt lat="28.526261989027262" lon="-16.26183302141726">
        <time>2019-12-29T10:33:20Z</time>
      </trkpt>
      <trkpt lat="28.526167022064328" lon="-16.261852970346808">
        <time>2019-12-29T10:33:15Z</time>
      </trkpt>
      <trkpt lat="28.52610700763762" lon="-16.261777030304074">
        <time>2019-12-29T10:33:11Z</time>
      </trkpt>
      <trkpt lat="28.526023020967841" lon="-16.261696983128786">
        <time>2019-12-29T10:33:06Z</time>
      </trkpt>
      <trkpt lat="28.525941967964172" lon="-16.261624982580543">
        <ele>853</ele>
        <time>2019-12-29T10:33:02Z</time>
      </trkpt>
      <trkpt lat="28.525841971859336" lon="-16.261579971760511">
        <time>2019-12-29T10:32:57Z</time>
      </trkpt>
      <trkpt lat="28.525738036260009" lon="-16.261551976203918">
        <ele>853</ele>
        <time>2019-12-29T10:32:53Z</time>
      </trkpt>
      <trkpt lat="28.525624964386225" lon="-16.261543007567525">
        <time>2019-12-29T10:32:50Z</time>
      </trkpt>
      <trkpt lat="28.525552041828632" lon="-16.261470001190901">
        <time>2019-12-29T10:32:45Z</time>
      </trkpt>
      <trkpt lat="28.525466965511441" lon="-16.261394983157516">
        <time>2019-12-29T10:32:40Z</time>
      </trkpt>
      <trkpt lat="28.525360012426972" lon="-16.26136003062129">
        <time>2019-12-29T10:32:36Z</time>
      </trkpt>
      <trkpt lat="28.525260016322136" lon="-16.26131996512413">
        <time>2019-12-29T10:32:31Z</time>
      </trkpt>
      <trkpt lat="28.525175023823977" lon="-16.261260034516454">
        <time>2019-12-29T10:32:26Z</time>
      </trkpt>
      <trkpt lat="28.525082990527153" lon="-16.261177975684404">
        <time>2019-12-29T10:32:21Z</time>
      </trkpt>
      <trkpt lat="28.52499196305871" lon="-16.261136988177896">
        <time>2019-12-29T10:32:17Z</time>
      </trkpt>
      <trkpt lat="28.524894984439015" lon="-16.261070016771555">
        <ele>849</ele>
        <time>2019-12-29T10:32:13Z</time>
      </trkpt>
      <trkpt lat="28.524807980284095" lon="-16.261031962931156">
        <time>2019-12-29T10:32:10Z</time>
      </trkpt>
      <trkpt lat="28.524706978350878" lon="-16.260998016223311">
        <time>2019-12-29T10:32:05Z</time>
      </trkpt>
      <trkpt lat="28.52460497058928" lon="-16.260967003181577">
        <ele>849.39999999999998</ele>
        <time>2019-12-29T10:32:01Z</time>
      </trkpt>
      <trkpt lat="28.524512015283108" lon="-16.260959962382913">
        <time>2019-12-29T10:31:57Z</time>
      </trkpt>
      <trkpt lat="28.524413025006652" lon="-16.261002961546183">
        <time>2019-12-29T10:31:52Z</time>
      </trkpt>
      <trkpt lat="28.524317974224687" lon="-16.260979995131493">
        <time>2019-12-29T10:31:47Z</time>
      </trkpt>
      <trkpt lat="28.524228036403656" lon="-16.260988041758537">
        <ele>846</ele>
        <time>2019-12-29T10:31:43Z</time>
      </trkpt>
      <trkpt lat="28.524129968136549" lon="-16.261053001508117">
        <time>2019-12-29T10:31:38Z</time>
      </trkpt>
      <trkpt lat="28.524040030315518" lon="-16.261045038700104">
        <ele>844</ele>
        <time>2019-12-29T10:31:33Z</time>
      </trkpt>
      <trkpt lat="28.52393701672554" lon="-16.261053001508117">
        <time>2019-12-29T10:31:27Z</time>
      </trkpt>
      <trkpt lat="28.52382997982204" lon="-16.261027017608285">
        <time>2019-12-29T10:31:22Z</time>
      </trkpt>
      <trkpt lat="28.523742975667119" lon="-16.260991981253028">
        <time>2019-12-29T10:31:18Z</time>
      </trkpt>
      <trkpt lat="28.523647002875805" lon="-16.260959962382913">
        <ele>845</ele>
        <time>2019-12-29T10:31:13Z</time>
      </trkpt>
      <trkpt lat="28.523553041741252" lon="-16.2609329726547">
        <time>2019-12-29T10:31:08Z</time>
      </trkpt>
      <trkpt lat="28.523462014272809" lon="-16.260936995968223">
        <ele>844</ele>
        <time>2019-12-29T10:31:03Z</time>
      </trkpt>
      <trkpt lat="28.523354977369308" lon="-16.260940013453364">
        <time>2019-12-29T10:30:57Z</time>
      </trkpt>
      <trkpt lat="28.523262022063136" lon="-16.260962979868054">
        <time>2019-12-29T10:30:50Z</time>
      </trkpt>
      <trkpt lat="28.523192033171654" lon="-16.261031962931156">
        <time>2019-12-29T10:30:45Z</time>
      </trkpt>
      <trkpt lat="28.523103017359972" lon="-16.261055013164878">
        <time>2019-12-29T10:30:41Z</time>
      </trkpt>
      <trkpt lat="28.523021964356303" lon="-16.26110496930778">
        <time>2019-12-29T10:30:34Z</time>
      </trkpt>
      <trkpt lat="28.522930014878511" lon="-16.261158026754856">
        <time>2019-12-29T10:30:27Z</time>
      </trkpt>
      <trkpt lat="28.522851979359984" lon="-16.261237990111113">
        <time>2019-12-29T10:30:20Z</time>
      </trkpt>
      <trkpt lat="28.52277796715498" lon="-16.261309990659356">
        <time>2019-12-29T10:30:12Z</time>
      </trkpt>
      <trkpt lat="28.52271200157702" lon="-16.26138299703598">
        <ele>824.79999999999995</ele>
        <time>2019-12-29T10:30:06Z</time>
      </trkpt>
      <trkpt lat="28.522645030170679" lon="-16.261458015069366">
        <time>2019-12-29T10:29:59Z</time>
      </trkpt>
      <trkpt lat="28.522561965510249" lon="-16.261513000354171">
        <time>2019-12-29T10:29:52Z</time>
      </trkpt>
      <trkpt lat="28.522515026852489" lon="-16.261415015906096">
        <time>2019-12-29T10:29:41Z</time>
      </trkpt>
      <trkpt lat="28.522470016032457" lon="-16.261321976780891">
        <time>2019-12-29T10:29:31Z</time>
      </trkpt>
      <trkpt lat="28.52241201326251" lon="-16.261232038959861">
        <time>2019-12-29T10:29:22Z</time>
      </trkpt>
      <trkpt lat="28.522367002442479" lon="-16.261127013713121">
        <time>2019-12-29T10:29:16Z</time>
      </trkpt>
      <trkpt lat="28.522319979965687" lon="-16.261021988466382">
        <time>2019-12-29T10:29:10Z</time>
      </trkpt>
      <trkpt lat="28.52230497635901" lon="-16.260902965441346">
        <time>2019-12-29T10:29:05Z</time>
      </trkpt>
      <trkpt lat="28.522253008559346" lon="-16.260812021791935">
        <ele>815.79999999999995</ele>
        <time>2019-12-29T10:29:00Z</time>
      </trkpt>
      <trkpt lat="28.522180002182722" lon="-16.260742032900453">
        <ele>804</ele>
        <time>2019-12-29T10:28:53Z</time>
      </trkpt>
      <trkpt lat="28.522121999412775" lon="-16.260638013482094">
        <time>2019-12-29T10:28:47Z</time>
      </trkpt>
      <trkpt lat="28.522034995257854" lon="-16.260583028197289">
        <time>2019-12-29T10:28:41Z</time>
      </trkpt>
      <trkpt lat="28.521944973617792" lon="-16.26056500710547">
        <time>2019-12-29T10:28:35Z</time>
      </trkpt>
      <trkpt lat="28.521850006654859" lon="-16.26058503985405">
        <time>2019-12-29T10:28:28Z</time>
      </trkpt>
      <trkpt lat="28.521841960027814" lon="-16.260687969624996">
        <ele>787</ele>
        <time>2019-12-29T10:28:03Z</time>
      </trkpt>
      <trkpt lat="28.521742969751358" lon="-16.26065201126039">
        <time>2019-12-29T10:27:56Z</time>
      </trkpt>
      <trkpt lat="28.521646996960044" lon="-16.260642036795616">
        <time>2019-12-29T10:27:48Z</time>
      </trkpt>
      <trkpt lat="28.52155496366322" lon="-16.260653017088771">
        <ele>779</ele>
        <time>2019-12-29T10:27:33Z</time>
      </trkpt>
      <trkpt lat="28.521586982533336" lon="-16.260753013193607">
        <time>2019-12-29T10:27:20Z</time>
      </trkpt>
      <trkpt lat="28.521486986428499" lon="-16.260767010971904">
        <ele>767.70000000000005</ele>
        <time>2019-12-29T10:27:12Z</time>
      </trkpt>
      <trkpt lat="28.521407023072243" lon="-16.260815039277077">
        <time>2019-12-29T10:26:57Z</time>
      </trkpt>
      <trkpt lat="28.52138003334403" lon="-16.260915035381913">
        <ele>762</ele>
        <time>2019-12-29T10:26:43Z</time>
      </trkpt>
      <trkpt lat="28.521350026130676" lon="-16.260813027620316">
        <time>2019-12-29T10:26:37Z</time>
      </trkpt>
      <trkpt lat="28.52131700143218" lon="-16.260700039565563">
        <time>2019-12-29T10:26:30Z</time>
      </trkpt>
      <trkpt lat="28.521269978955388" lon="-16.26060800626874">
        <time>2019-12-29T10:26:20Z</time>
      </trkpt>
      <trkpt lat="28.52120703086257" lon="-16.260514967143536">
        <time>2019-12-29T10:26:12Z</time>
      </trkpt>
      <trkpt lat="28.521147016435862" lon="-16.260427040979266">
        <ele>756.20000000000005</ele>
        <time>2019-12-29T10:26:00Z</time>
      </trkpt>
      <trkpt lat="28.521090019494295" lon="-16.260342970490456">
        <time>2019-12-29T10:25:52Z</time>
      </trkpt>
      <trkpt lat="28.521041991189122" lon="-16.260256972163916">
        <ele>748</ele>
        <time>2019-12-29T10:25:43Z</time>
      </trkpt>
      <trkpt lat="28.520966973155737" lon="-16.260177008807659">
        <time>2019-12-29T10:25:35Z</time>
      </trkpt>
      <trkpt lat="28.520902013406157" lon="-16.260099979117513">
        <time>2019-12-29T10:25:30Z</time>
      </trkpt>
      <trkpt lat="28.520845016464591" lon="-16.260001994669437">
        <time>2019-12-29T10:25:20Z</time>
      </trkpt>
      <trkpt lat="28.52077997289598" lon="-16.259923037141562">
        <time>2019-12-29T10:25:11Z</time>
      </trkpt>
      <trkpt lat="28.52073797956109" lon="-16.259832009673119">
        <time>2019-12-29T10:25:05Z</time>
      </trkpt>
      <trkpt lat="28.520670002326369" lon="-16.259754979982972">
        <ele>744.60000000000002</ele>
        <time>2019-12-29T10:25:00Z</time>
      </trkpt>
      <trkpt lat="28.520591966807842" lon="-16.259682979434729">
        <ele>736</ele>
        <time>2019-12-29T10:24:53Z</time>
      </trkpt>
      <trkpt lat="28.520494988188148" lon="-16.259677028283477">
        <time>2019-12-29T10:24:46Z</time>
      </trkpt>
      <trkpt lat="28.520417036488652" lon="-16.259617013856769">
        <time>2019-12-29T10:24:30Z</time>
      </trkpt>
      <trkpt lat="28.520394992083311" lon="-16.259502014145255">
        <time>2019-12-29T10:24:22Z</time>
      </trkpt>
      <trkpt lat="28.52032802067697" lon="-16.25957996584475">
        <ele>726.39999999999998</ele>
        <time>2019-12-29T10:24:10Z</time>
      </trkpt>
      <trkpt lat="28.520291978493333" lon="-16.259679961949587">
        <time>2019-12-29T10:23:57Z</time>
      </trkpt>
      <trkpt lat="28.520337995141745" lon="-16.259767971932888">
        <time>2019-12-29T10:23:45Z</time>
      </trkpt>
      <trkpt lat="28.520261971279979" lon="-16.259824968874454">
        <ele>709.60000000000002</ele>
        <time>2019-12-29T10:23:06Z</time>
      </trkpt>
      <trkpt lat="28.5201779846102" lon="-16.259871991351247">
        <ele>711</ele>
        <time>2019-12-29T10:22:53Z</time>
      </trkpt>
      <trkpt lat="28.520100032910705" lon="-16.259954972192645">
        <time>2019-12-29T10:22:44Z</time>
      </trkpt>
      <trkpt lat="28.520015040412545" lon="-16.26000702381134">
        <ele>705</ele>
        <time>2019-12-29T10:22:33Z</time>
      </trkpt>
      <trkpt lat="28.519929964095354" lon="-16.260067038238049">
        <ele>705.20000000000005</ele>
        <time>2019-12-29T10:22:15Z</time>
      </trkpt>
      <trkpt lat="28.519882019609213" lon="-16.260154964402318">
        <time>2019-12-29T10:21:49Z</time>
      </trkpt>
      <trkpt lat="28.519961982965469" lon="-16.260207016021013">
        <time>2019-12-29T10:21:35Z</time>
      </trkpt>
      <trkpt lat="28.519872967153788" lon="-16.260254960507154">
        <time>2019-12-29T10:21:26Z</time>
      </trkpt>
      <trkpt lat="28.519780011847615" lon="-16.260263007134199">
        <ele>695.79999999999995</ele>
        <time>2019-12-29T10:21:12Z</time>
      </trkpt>
      <trkpt lat="28.51968496106565" lon="-16.260246997699142">
        <time>2019-12-29T10:20:56Z</time>
      </trkpt>
      <trkpt lat="28.519755033776164" lon="-16.260312041267753">
        <time>2019-12-29T10:20:38Z</time>
      </trkpt>
      <trkpt lat="28.519600974395871" lon="-16.260359985753894">
        <ele>677.10000000000002</ele>
      </trkpt>
      <trkpt lat="28.519594017416239" lon="-16.260368032380939">
        <ele>676.39999999999998</ele>
      </trkpt>
      <trkpt lat="28.519611032679677" lon="-16.26041597686708">
        <ele>675.29999999999995</ele>
      </trkpt>
      <trkpt lat="28.519611032679677" lon="-16.26041597686708">
        <ele>675.29999999999995</ele>
      </trkpt>
      <trkpt lat="28.519626036286354" lon="-16.260443972423673">
        <ele>674</ele>
      </trkpt>
      <trkpt lat="28.519645985215902" lon="-16.260453024879098">
        <ele>673.70000000000005</ele>
      </trkpt>
      <trkpt lat="28.519672974944115" lon="-16.26045998185873">
        <ele>673.60000000000002</ele>
      </trkpt>
      <trkpt lat="28.519653026014566" lon="-16.260476997122169">
        <ele>673</ele>
      </trkpt>
      <trkpt lat="28.519633999094367" lon="-16.260476997122169">
        <ele>672.20000000000005</ele>
      </trkpt>
      <trkpt lat="28.519581025466323" lon="-16.260469034314156">
        <ele>671.20000000000005</ele>
      </trkpt>
      <trkpt lat="28.519572978839278" lon="-16.260457970201969">
        <ele>671.5</ele>
      </trkpt>
      <trkpt lat="28.519557975232601" lon="-16.260455036535859">
        <ele>671.10000000000002</ele>
      </trkpt>
      <trkpt lat="28.519526040181518" lon="-16.260450007393956">
        <ele>669.89999999999998</ele>
      </trkpt>
      <trkpt lat="28.519488992169499" lon="-16.26045998185873">
        <ele>669</ele>
      </trkpt>
      <trkpt lat="28.519472982734442" lon="-16.260492000728846">
        <ele>667.89999999999998</ele>
      </trkpt>
      <trkpt lat="28.519468959420919" lon="-16.260527959093451">
        <ele>666.29999999999995</ele>
      </trkpt>
      <trkpt lat="28.519419003278017" lon="-16.260524019598961">
        <ele>666.5</ele>
      </trkpt>
      <trkpt lat="28.519366029649973" lon="-16.260508010163903">
        <ele>666.60000000000002</ele>
      </trkpt>
      <trkpt lat="28.519342979416251" lon="-16.260499963536859">
        <ele>666.20000000000005</ele>
      </trkpt>
      <trkpt lat="28.519351026043296" lon="-16.260529970750213">
        <ele>664.79999999999995</ele>
      </trkpt>
      <trkpt lat="28.519362006336451" lon="-16.260556960478425">
        <ele>662.60000000000002</ele>
      </trkpt>
      <trkpt lat="28.519353037700057" lon="-16.260556038469076">
        <ele>662.5</ele>
      </trkpt>
      <trkpt lat="28.519310960546136" lon="-16.260551009327173">
        <ele>662.20000000000005</ele>
      </trkpt>
      <trkpt lat="28.519251029938459" lon="-16.260527959093451">
        <ele>661.39999999999998</ele>
      </trkpt>
      <trkpt lat="28.519227979704738" lon="-16.260540029034019">
        <ele>660.89999999999998</ele>
      </trkpt>
      <trkpt lat="28.519207024946809" lon="-16.260556960478425">
        <ele>659.89999999999998</ele>
      </trkpt>
      <trkpt lat="28.519214987754822" lon="-16.260594008490443">
        <ele>659.39999999999998</ele>
      </trkpt>
      <trkpt lat="28.519246000796556" lon="-16.260614041239023">
        <ele>658.5</ele>
      </trkpt>
      <trkpt lat="28.519276008009911" lon="-16.26062803901732">
        <ele>657.60000000000002</ele>
      </trkpt>
      <trkpt lat="28.519230997189879" lon="-16.260648993775249">
        <ele>656.39999999999998</ele>
      </trkpt>
      <trkpt lat="28.519200989976525" lon="-16.260667014867067">
        <ele>655.89999999999998</ele>
      </trkpt>
      <trkpt lat="28.519175006076694" lon="-16.260684030130506">
        <ele>655</ele>
      </trkpt>
      <trkpt lat="28.519155979156494" lon="-16.260688975453377">
        <ele>654.79999999999995</ele>
      </trkpt>
      <trkpt lat="28.519143993034959" lon="-16.260700961574912">
        <ele>654.10000000000002</ele>
      </trkpt>
      <trkpt lat="28.519141981378198" lon="-16.260710014030337">
        <ele>653.60000000000002</ele>
      </trkpt>
      <trkpt lat="28.519172994419932" lon="-16.260727029293776">
        <ele>653.29999999999995</ele>
      </trkpt>
      <trkpt lat="28.519155979156494" lon="-16.260734992101789">
        <ele>652.70000000000005</ele>
      </trkpt>
      <trkpt lat="28.519112979993224" lon="-16.260741027072072">
        <ele>651.60000000000002</ele>
      </trkpt>
      <trkpt lat="28.519066041335464" lon="-16.260743960738182">
        <ele>650.60000000000002</ele>
      </trkpt>
      <trkpt lat="28.519051037728786" lon="-16.260745972394943">
        <ele>650.20000000000005</ele>
      </trkpt>
      <trkpt lat="28.519032010808587" lon="-16.260748989880085">
        <ele>649.70000000000005</ele>
      </trkpt>
      <trkpt lat="28.519019018858671" lon="-16.260751001536846">
        <ele>649.60000000000002</ele>
      </trkpt>
      <trkpt lat="28.519018013030291" lon="-16.260734992101789">
        <ele>649.29999999999995</ele>
      </trkpt>
      <trkpt lat="28.519026981666684" lon="-16.260698027908802">
        <ele>648.60000000000002</ele>
      </trkpt>
      <trkpt lat="28.519038967788219" lon="-16.260666009038687">
        <ele>647.79999999999995</ele>
      </trkpt>
      <trkpt lat="28.519042991101742" lon="-16.260634995996952">
        <ele>647.39999999999998</ele>
      </trkpt>
      <trkpt lat="28.519034022465348" lon="-16.260617980733514">
        <ele>647</ele>
      </trkpt>
      <trkpt lat="28.519021030515432" lon="-16.260619992390275">
        <ele>646.29999999999995</ele>
      </trkpt>
      <trkpt lat="28.519008038565516" lon="-16.260648993775249">
        <ele>646</ele>
      </trkpt>
      <trkpt lat="28.519002003595233" lon="-16.260675983503461">
        <ele>645.79999999999995</ele>
      </trkpt>
      <trkpt lat="28.518992029130459" lon="-16.260700961574912">
        <ele>645.5</ele>
      </trkpt>
      <trkpt lat="28.518979959189892" lon="-16.260730968788266">
        <ele>645</ele>
      </trkpt>
      <trkpt lat="28.518966967239976" lon="-16.260762987658381">
        <ele>644.39999999999998</ele>
      </trkpt>
      <trkpt lat="28.51895104162395" lon="-16.26080104149878">
        <ele>643.5</ele>
      </trkpt>
      <trkpt lat="28.518937965855002" lon="-16.260811015963554">
        <ele>642.60000000000002</ele>
      </trkpt>
      <trkpt lat="28.518925979733467" lon="-16.260818978771567">
        <ele>642</ele>
      </trkpt>
      <trkpt lat="28.518919022753835" lon="-16.260858038440347">
        <ele>641.89999999999998</ele>
      </trkpt>
      <trkpt lat="28.51893100887537" lon="-16.260872958227992">
        <ele>641.5</ele>
      </trkpt>
      <trkpt lat="28.518941989168525" lon="-16.26088997349143">
        <ele>640.89999999999998</ele>
      </trkpt>
      <trkpt lat="28.518959004431963" lon="-16.260901037603617">
        <ele>640.29999999999995</ele>
      </trkpt>
      <trkpt lat="28.518955986946821" lon="-16.260916041210294">
        <ele>639.89999999999998</ele>
      </trkpt>
      <trkpt lat="28.518922962248325" lon="-16.26092903316021">
        <ele>639.5</ele>
      </trkpt>
      <trkpt lat="28.518919022753835" lon="-16.260954011231661">
        <ele>638.60000000000002</ele>
      </trkpt>
      <trkpt lat="28.518894966691732" lon="-16.260964991524816">
        <ele>638.10000000000002</ele>
      </trkpt>
      <trkpt lat="28.518864959478378" lon="-16.260982006788254">
        <ele>637.29999999999995</ele>
      </trkpt>
      <trkpt lat="28.518833024427295" lon="-16.26101796515286">
        <ele>636.5</ele>
      </trkpt>
      <trkpt lat="28.518787007778883" lon="-16.261049984022975">
        <ele>635.29999999999995</ele>
      </trkpt>
      <trkpt lat="28.518747026100755" lon="-16.261073034256697">
        <ele>633.79999999999995</ele>
      </trkpt>
      <trkpt lat="28.518754988908768" lon="-16.26110102981329">
        <ele>633.20000000000005</ele>
      </trkpt>
      <trkpt lat="28.518760018050671" lon="-16.261116033419967">
        <ele>632.79999999999995</ele>
      </trkpt>
      <trkpt lat="28.518779966980219" lon="-16.261112010106444">
        <ele>632.29999999999995</ele>
      </trkpt>
      <trkpt lat="28.518818020820618" lon="-16.26110496930778">
        <ele>632.29999999999995</ele>
      </trkpt>
      <trkpt lat="28.518807962536812" lon="-16.261117039248347">
        <ele>632</ele>
      </trkpt>
      <trkpt lat="28.518784996122122" lon="-16.261140005663037">
        <ele>631.60000000000002</ele>
      </trkpt>
      <trkpt lat="28.518753983080387" lon="-16.261174958199263">
        <ele>630.29999999999995</ele>
      </trkpt>
      <trkpt lat="28.518715007230639" lon="-16.261204965412617">
        <ele>628.79999999999995</ele>
      </trkpt>
      <trkpt lat="28.518707966431975" lon="-16.261227009817958">
        <ele>628.29999999999995</ele>
      </trkpt>
      <trkpt lat="28.518693968653679" lon="-16.261228015646338">
        <ele>628</ele>
      </trkpt>
      <trkpt lat="28.518681982532144" lon="-16.261256011202931">
        <ele>627.20000000000005</ele>
      </trkpt>
      <trkpt lat="28.51865298114717" lon="-16.261263974010944">
        <ele>626.70000000000005</ele>
      </trkpt>
      <trkpt lat="28.51863001473248" lon="-16.261261040344834">
        <ele>625.70000000000005</ele>
      </trkpt>
      <trkpt lat="28.518620962277055" lon="-16.261266991496086">
        <ele>625.5</ele>
      </trkpt>
      <trkpt lat="28.518608976155519" lon="-16.261292975395918">
        <ele>625</ele>
      </trkpt>
      <trkpt lat="28.518597995862365" lon="-16.26131895929575">
        <ele>624.5</ele>
      </trkpt>
      <trkpt lat="28.518599001690745" lon="-16.261334968730807">
        <ele>624.10000000000002</ele>
      </trkpt>
      <trkpt lat="28.518640995025635" lon="-16.261350978165865">
        <ele>623.10000000000002</ele>
      </trkpt>
      <trkpt lat="28.518660021945834" lon="-16.261364975944161">
        <ele>622.20000000000005</ele>
      </trkpt>
      <trkpt lat="28.518675025552511" lon="-16.261375034227967">
        <ele>621.70000000000005</ele>
      </trkpt>
      <trkpt lat="28.518705032765865" lon="-16.261375034227967">
        <ele>620.89999999999998</ele>
      </trkpt>
      <trkpt lat="28.518729005008936" lon="-16.261379979550838">
        <ele>620.39999999999998</ele>
      </trkpt>
      <trkpt lat="28.518714001402259" lon="-16.261395988985896">
        <ele>619.89999999999998</ele>
      </trkpt>
      <trkpt lat="28.518688017502427" lon="-16.261420967057347">
        <ele>619.60000000000002</ele>
      </trkpt>
      <trkpt lat="28.518653986975551" lon="-16.261444017291069">
        <ele>618.89999999999998</ele>
      </trkpt>
      <trkpt lat="28.518624985590577" lon="-16.261453991755843">
        <ele>618</ele>
      </trkpt>
      <trkpt lat="28.518577041104436" lon="-16.261470001190901">
        <ele>616.5</ele>
      </trkpt>
      <trkpt lat="28.51852398365736" lon="-16.261458015069366">
        <ele>615.20000000000005</ele>
      </trkpt>
      <trkpt lat="28.518507974222302" lon="-16.261433036997914">
        <ele>615.60000000000002</ele>
      </trkpt>
      <trkpt lat="28.518475033342838" lon="-16.261418033391237">
        <ele>613.5</ele>
      </trkpt>
      <trkpt lat="28.518464975059032" lon="-16.261409986764193">
        <ele>613.29999999999995</ele>
      </trkpt>
      <trkpt lat="28.518460029736161" lon="-16.26142499037087">
        <ele>612.79999999999995</ele>
      </trkpt>
      <trkpt lat="28.518486013635993" lon="-16.26144896261394">
        <ele>613.20000000000005</ele>
      </trkpt>
      <trkpt lat="28.518503028899431" lon="-16.261491039767861">
        <ele>612.29999999999995</ele>
      </trkpt>
      <trkpt lat="28.518528006970882" lon="-16.261525992304087">
        <ele>611.79999999999995</ele>
      </trkpt>
      <trkpt lat="28.518520966172218" lon="-16.261536972597241">
        <ele>611.10000000000002</ele>
      </trkpt>
      <trkpt lat="28.51843798533082" lon="-16.261475030332804">
        <ele>609.5</ele>
      </trkpt>
      <trkpt lat="28.518429016694427" lon="-16.261461032554507">
        <ele>609.29999999999995</ele>
      </trkpt>
      <trkpt lat="28.518414013087749" lon="-16.261461032554507">
        <ele>608.70000000000005</ele>
      </trkpt>
      <trkpt lat="28.518386017531157" lon="-16.261437982320786">
        <ele>608.10000000000002</ele>
      </trkpt>
      <trkpt lat="28.518361039459705" lon="-16.261413004249334">
        <ele>607.29999999999995</ele>
      </trkpt>
      <trkpt lat="28.518344024196267" lon="-16.261373022571206">
        <ele>605.79999999999995</ele>
      </trkpt>
      <trkpt lat="28.518337989225984" lon="-16.26133899204433">
        <ele>604.89999999999998</ele>
      </trkpt>
      <trkpt lat="28.518346035853028" lon="-16.261309990659356">
        <ele>604.20000000000005</ele>
      </trkpt>
      <trkpt lat="28.518358021974564" lon="-16.261270008981228">
        <ele>603.5</ele>
      </trkpt>
      <trkpt lat="28.518375037238002" lon="-16.26120999455452">
        <ele>602.5</ele>
      </trkpt>
      <trkpt lat="28.518386017531157" lon="-16.261170012876391">
        <ele>601.70000000000005</ele>
      </trkpt>
      <trkpt lat="28.518388029187918" lon="-16.261106980964541">
        <ele>600.79999999999995</ele>
      </trkpt>
      <trkpt lat="28.518381994217634" lon="-16.261054007336497">
        <ele>599.29999999999995</ele>
      </trkpt>
      <trkpt lat="28.518370008096099" lon="-16.261003967374563">
        <ele>598.60000000000002</ele>
      </trkpt>
      <trkpt lat="28.51835198700428" lon="-16.260969014838338">
        <ele>597.79999999999995</ele>
      </trkpt>
      <trkpt lat="28.518328014761209" lon="-16.260938001796603">
        <ele>596.29999999999995</ele>
      </trkpt>
      <trkpt lat="28.518305970355868" lon="-16.260887961834669">
        <ele>596</ele>
      </trkpt>
      <trkpt lat="28.518263977020979" lon="-16.260856026783586">
        <ele>592.79999999999995</ele>
      </trkpt>
      <trkpt lat="28.518237993121147" lon="-16.260828031226993">
        <ele>591.89999999999998</ele>
      </trkpt>
      <trkpt lat="28.51822198368609" lon="-16.26080397516489">
        <ele>591.29999999999995</ele>
      </trkpt>
      <trkpt lat="28.518223995342851" lon="-16.260740021243691">
        <ele>590</ele>
      </trkpt>
      <trkpt lat="28.518246039748192" lon="-16.260715965181589">
        <ele>589.60000000000002</ele>
      </trkpt>
      <trkpt lat="28.518260959535837" lon="-16.260700039565563">
        <ele>589.20000000000005</ele>
      </trkpt>
      <trkpt lat="28.518295995891094" lon="-16.260623009875417">
        <ele>586.39999999999998</ele>
      </trkpt>
      <trkpt lat="28.518316028639674" lon="-16.260598031803966">
        <ele>585.79999999999995</ele>
      </trkpt>
      <trkpt lat="28.518342012539506" lon="-16.260554026812315">
        <ele>586</ele>
      </trkpt>
      <trkpt lat="28.518363973125815" lon="-16.260516978800297">
        <ele>586.60000000000002</ele>
      </trkpt>
      <trkpt lat="28.518362967297435" lon="-16.26048001460731">
        <ele>586.5</ele>
      </trkpt>
      <trkpt lat="28.518333965912461" lon="-16.260489989072084">
        <ele>583.89999999999998</ele>
      </trkpt>
      <trkpt lat="28.518319968134165" lon="-16.260533994063735">
        <ele>583.39999999999998</ele>
      </trkpt>
      <trkpt lat="28.51830798201263" lon="-16.26054204069078">
        <ele>582.79999999999995</ele>
      </trkpt>
      <trkpt lat="28.518300019204617" lon="-16.260531982406974">
        <ele>582.29999999999995</ele>
      </trkpt>
      <trkpt lat="28.518300019204617" lon="-16.260482026264071">
        <ele>581.60000000000002</ele>
      </trkpt>
      <trkpt lat="28.518283003941178" lon="-16.26039401628077">
        <ele>581.10000000000002</ele>
      </trkpt>
      <trkpt lat="28.518279986456037" lon="-16.260320004075766">
        <ele>580.29999999999995</ele>
      </trkpt>
      <trkpt lat="28.518322985619307" lon="-16.260164016857743">
        <ele>578.39999999999998</ele>
      </trkpt>
      <trkpt lat="28.518332960084081" lon="-16.26011498272419">
        <ele>578</ele>
      </trkpt>
      <trkpt lat="28.518324997276068" lon="-16.260096039623022">
        <ele>576.60000000000002</ele>
      </trkpt>
      <trkpt lat="28.518301025032997" lon="-16.260109031572938">
        <ele>575.5</ele>
      </trkpt>
      <trkpt lat="28.518260037526488" lon="-16.260217996314168">
        <ele>575.39999999999998</ele>
      </trkpt>
      <trkpt lat="28.518235981464386" lon="-16.260227970778942">
        <ele>574.60000000000002</ele>
      </trkpt>
      <trkpt lat="28.518238998949528" lon="-16.260197963565588">
        <ele>573.29999999999995</ele>
      </trkpt>
      <trkpt lat="28.51824302226305" lon="-16.260153958573937">
        <ele>572.5</ele>
      </trkpt>
      <trkpt lat="28.518272023648024" lon="-16.260096961632371">
        <ele>571.70000000000005</ele>
      </trkpt>
      <trkpt lat="28.518273029476404" lon="-16.260081036016345">
        <ele>571.5</ele>
      </trkpt>
      <trkpt lat="28.518249979242682" lon="-16.260080030187964">
        <ele>570.20000000000005</ele>
      </trkpt>
      <trkpt lat="28.518225001171231" lon="-16.260105008259416">
        <ele>569.89999999999998</ele>
      </trkpt>
      <trkpt lat="28.518187031149864" lon="-16.26013602130115">
        <ele>569</ele>
      </trkpt>
      <trkpt lat="28.51817898452282" lon="-16.260131997987628">
        <ele>568.10000000000002</ele>
      </trkpt>
      <trkpt lat="28.518184013664722" lon="-16.260102996602654">
        <ele>567.29999999999995</ele>
      </trkpt>
      <trkpt lat="28.518232963979244" lon="-16.260024039074779">
        <ele>566.10000000000002</ele>
      </trkpt>
      <trkpt lat="28.51826498284936" lon="-16.25998598523438">
        <ele>565.60000000000002</ele>
      </trkpt>
      <trkpt lat="28.518292978405952" lon="-16.25992001965642">
        <ele>565.29999999999995</ele>
      </trkpt>
      <trkpt lat="28.518285015597939" lon="-16.259867968037724">
        <ele>565.89999999999998</ele>
      </trkpt>
      <trkpt lat="28.518263977020979" lon="-16.259832009673119">
        <ele>566.20000000000005</ele>
      </trkpt>
      <trkpt lat="28.518233969807625" lon="-16.259831003844738">
        <ele>565.89999999999998</ele>
      </trkpt>
      <trkpt lat="28.518194993957877" lon="-16.259819017723203">
        <ele>566.70000000000005</ele>
      </trkpt>
      <trkpt lat="28.518177978694439" lon="-16.259790016338229">
        <ele>567.89999999999998</ele>
      </trkpt>
      <trkpt lat="28.518150988966227" lon="-16.2597949616611">
        <ele>566.10000000000002</ele>
      </trkpt>
      <trkpt lat="28.518108995631337" lon="-16.259796973317862">
        <ele>565.10000000000002</ele>
      </trkpt>
      <trkpt lat="28.518067002296448" lon="-16.259777024388313">
        <ele>564.5</ele>
      </trkpt>
      <trkpt lat="28.518054010346532" lon="-16.259762020781636">
        <ele>564.10000000000002</ele>
      </trkpt>
      <trkpt lat="28.518038000911474" lon="-16.259730001911521">
        <ele>563.20000000000005</ele>
      </trkpt>
      <trkpt lat="28.518025008961558" lon="-16.25972899608314">
        <ele>562.5</ele>
      </trkpt>
      <trkpt lat="28.518015034496784" lon="-16.25975196249783">
        <ele>561.29999999999995</ele>
      </trkpt>
      <trkpt lat="28.518014028668404" lon="-16.259753974154592">
        <ele>561.29999999999995</ele>
      </trkpt>
      <trkpt lat="28.518011011183262" lon="-16.259786998853087">
        <ele>561.60000000000002</ele>
      </trkpt>
      <trkpt lat="28.518001036718488" lon="-16.259802002459764">
        <ele>560.20000000000005</ele>
      </trkpt>
      <trkpt lat="28.518000030890107" lon="-16.259819017723203">
        <ele>559.79999999999995</ele>
      </trkpt>
      <trkpt lat="28.518003970384598" lon="-16.259823041036725">
        <ele>559.60000000000002</ele>
      </trkpt>
      <trkpt lat="28.518014028668404" lon="-16.259833015501499">
        <ele>559.10000000000002</ele>
      </trkpt>
      <trkpt lat="28.518021991476417" lon="-16.259848019108176">
        <ele>558.89999999999998</ele>
      </trkpt>
      <trkpt lat="28.518014028668404" lon="-16.259753974154592">
        <ele>561.29999999999995</ele>
      </trkpt>
      <trkpt lat="28.518011011183262" lon="-16.259786998853087">
        <ele>561.60000000000002</ele>
      </trkpt>
      <trkpt lat="28.518001036718488" lon="-16.259802002459764">
        <ele>560.20000000000005</ele>
      </trkpt>
      <trkpt lat="28.518000030890107" lon="-16.259819017723203">
        <ele>559.79999999999995</ele>
      </trkpt>
      <trkpt lat="28.518003970384598" lon="-16.259823041036725">
        <ele>559.60000000000002</ele>
      </trkpt>
      <trkpt lat="28.518014028668404" lon="-16.259833015501499">
        <ele>559.10000000000002</ele>
      </trkpt>
      <trkpt lat="28.518021991476417" lon="-16.259848019108176">
        <ele>558.89999999999998</ele>
      </trkpt>
      <trkpt lat="28.518043030053377" lon="-16.259864028543234">
        <ele>558.20000000000005</ele>
      </trkpt>
      <trkpt lat="28.518045041710138" lon="-16.259886994957924">
        <ele>557.70000000000005</ele>
      </trkpt>
      <trkpt lat="28.518018973991275" lon="-16.25989998690784">
        <ele>556.29999999999995</ele>
      </trkpt>
      <trkpt lat="28.517995001748204" lon="-16.259893029928207">
        <ele>555.70000000000005</ele>
      </trkpt>
      <trkpt lat="28.517969017848372" lon="-16.259882971644402">
        <ele>555.5</ele>
      </trkpt>
      <trkpt lat="28.51796499453485" lon="-16.259871991351247">
        <ele>555.70000000000005</ele>
      </trkpt>
      <trkpt lat="28.517934987321496" lon="-16.259871991351247">
        <ele>554.79999999999995</ele>
      </trkpt>
      <trkpt lat="28.517928030341864" lon="-16.259889006614685">
        <ele>554</ele>
      </trkpt>
      <trkpt lat="28.517913026735187" lon="-16.259895963594317">
        <ele>553.20000000000005</ele>
      </trkpt>
      <trkpt lat="28.517905985936522" lon="-16.259886994957924">
        <ele>553.60000000000002</ele>
      </trkpt>
      <trkpt lat="28.517905985936522" lon="-16.259866040199995">
        <ele>553.89999999999998</ele>
      </trkpt>
      <trkpt lat="28.517886037006974" lon="-16.259869979694486">
        <ele>553.5</ele>
      </trkpt>
      <trkpt lat="28.517874972894788" lon="-16.259866962209344">
        <ele>553.5</ele>
      </trkpt>
      <trkpt lat="28.517871033400297" lon="-16.259849024936557">
        <ele>553.39999999999998</ele>
      </trkpt>
      <trkpt lat="28.517847983166575" lon="-16.25983502715826">
        <ele>553.39999999999998</ele>
      </trkpt>
      <trkpt lat="28.517828034237027" lon="-16.259825974702835">
        <ele>552.39999999999998</ele>
      </trkpt>
      <trkpt lat="28.517796015366912" lon="-16.25983502715826">
        <ele>552.10000000000002</ele>
      </trkpt>
      <trkpt lat="28.517754022032022" lon="-16.259849024936557">
        <ele>551.39999999999998</ele>
      </trkpt>
      <trkpt lat="28.517736000940204" lon="-16.259886994957924">
        <ele>550.60000000000002</ele>
      </trkpt>
      <trkpt lat="28.51770599372685" lon="-16.259922031313181">
        <ele>549.5</ele>
      </trkpt>
      <trkpt lat="28.517625024542212" lon="-16.259947009384632">
        <ele>548.89999999999998</ele>
      </trkpt>
      <trkpt lat="28.517584959045053" lon="-16.259966036304832">
        <ele>548.79999999999995</ele>
      </trkpt>
      <trkpt lat="28.51755796931684" lon="-16.259981039911509">
        <ele>549</ele>
      </trkpt>
      <trkpt lat="28.51749200373888" lon="-16.260032001882792">
        <ele>548</ele>
      </trkpt>
      <trkpt lat="28.517457973212004" lon="-16.260052034631371">
        <ele>546.79999999999995</ele>
      </trkpt>
      <trkpt lat="28.517417991533875" lon="-16.260073995217681">
        <ele>546.10000000000002</ele>
      </trkpt>
      <trkpt lat="28.517392007634044" lon="-16.260078018531203">
        <ele>545.89999999999998</ele>
      </trkpt>
      <trkpt lat="28.517373986542225" lon="-16.260090004652739">
        <ele>545.5</ele>
      </trkpt>
      <trkpt lat="28.517381027340889" lon="-16.260104002431035">
        <ele>544.89999999999998</ele>
      </trkpt>
      <trkpt lat="28.517413968220353" lon="-16.260111965239048">
        <ele>544.29999999999995</ele>
      </trkpt>
      <trkpt lat="28.517458979040384" lon="-16.260111965239048">
        <ele>543.5</ele>
      </trkpt>
      <trkpt lat="28.51747096516192" lon="-16.260113976895809">
        <ele>543</ele>
      </trkpt>
      <trkpt lat="28.517477000132203" lon="-16.260129986330867">
        <ele>542.10000000000002</ele>
      </trkpt>
      <trkpt lat="28.517466019839048" lon="-16.260145995765924">
        <ele>541.5</ele>
      </trkpt>
      <trkpt lat="28.517430983483791" lon="-16.260162005200982">
        <ele>541.10000000000002</ele>
      </trkpt>
      <trkpt lat="28.517386978492141" lon="-16.260180026292801">
        <ele>540.20000000000005</ele>
      </trkpt>
      <trkpt lat="28.517355965450406" lon="-16.260194024071097">
        <ele>539.29999999999995</ele>
      </trkpt>
      <trkpt lat="28.517322018742561" lon="-16.260205004364252">
        <ele>538.60000000000002</ele>
      </trkpt>
      <trkpt lat="28.517282037064433" lon="-16.260215984657407">
        <ele>537.20000000000005</ele>
      </trkpt>
      <trkpt lat="28.517215987667441" lon="-16.260236017405987">
        <ele>535.79999999999995</ele>
      </trkpt>
      <trkpt lat="28.517205007374287" lon="-16.260250015184283">
        <ele>535.20000000000005</ele>
      </trkpt>
      <trkpt lat="28.517184974625707" lon="-16.260259989649057">
        <ele>534.60000000000002</ele>
      </trkpt>
      <trkpt lat="28.517155973240733" lon="-16.260272981598973">
        <ele>533.60000000000002</ele>
      </trkpt>
      <trkpt lat="28.517097970470786" lon="-16.260272981598973">
        <ele>532.5</ele>
      </trkpt>
      <trkpt lat="28.517077015712857" lon="-16.26026401296258">
        <ele>532.39999999999998</ele>
      </trkpt>
      <trkpt lat="28.51704097352922" lon="-16.260260995477438">
        <ele>531.89999999999998</ele>
      </trkpt>
      <trkpt lat="28.517023036256433" lon="-16.260270969942212">
        <ele>531.39999999999998</ele>
      </trkpt>
      <trkpt lat="28.516979031264782" lon="-16.26026401296258">
        <ele>530.79999999999995</ele>
      </trkpt>
      <trkpt lat="28.516946006566286" lon="-16.260270969942212">
        <ele>530.29999999999995</ele>
      </trkpt>
      <trkpt lat="28.516899989917874" lon="-16.260268958285451">
        <ele>529.39999999999998</ele>
      </trkpt>
      <trkpt lat="28.516866965219378" lon="-16.260245991870761">
        <ele>528.5</ele>
      </trkpt>
      <trkpt lat="28.516859002411366" lon="-16.260254038497806">
        <ele>527.89999999999998</ele>
      </trkpt>
      <trkpt lat="28.516850033774972" lon="-16.260273987427354">
        <ele>527</ele>
      </trkpt>
      <trkpt lat="28.51686897687614" lon="-16.260313969105482">
        <ele>526.60000000000002</ele>
      </trkpt>
      <trkpt lat="28.516924967989326" lon="-16.260347999632359">
        <ele>525.60000000000002</ele>
      </trkpt>
      <trkpt lat="28.516960004344583" lon="-16.260370966047049">
        <ele>524.89999999999998</ele>
      </trkpt>
      <trkpt lat="28.517035022377968" lon="-16.260386975482106">
        <ele>523.60000000000002</ele>
      </trkpt>
      <trkpt lat="28.516995962709188" lon="-16.260413965210319">
        <ele>522.60000000000002</ele>
      </trkpt>
      <trkpt lat="28.516958998516202" lon="-16.260420000180602">
        <ele>522.20000000000005</ele>
      </trkpt>
      <trkpt lat="28.516917005181313" lon="-16.260431986302137">
        <ele>521.29999999999995</ele>
      </trkpt>
      <trkpt lat="28.516875011846423" lon="-16.260444978252053">
        <ele>520.60000000000002</ele>
      </trkpt>
      <trkpt lat="28.516816003248096" lon="-16.260455958545208">
        <ele>519.5</ele>
      </trkpt>
      <trkpt lat="28.516767974942923" lon="-16.260465011000633">
        <ele>518.5</ele>
      </trkpt>
      <trkpt lat="28.516725981608033" lon="-16.260472973808646">
        <ele>517.5</ele>
      </trkpt>
      <trkpt lat="28.516682982444763" lon="-16.260468028485775">
        <ele>516.70000000000005</ele>
      </trkpt>
      <trkpt lat="28.516639983281493" lon="-16.260456964373589">
        <ele>517.10000000000002</ele>
      </trkpt>
      <trkpt lat="28.516607964411378" lon="-16.260467022657394">
        <ele>516.5</ele>
      </trkpt>
      <trkpt lat="28.516617016866803" lon="-16.26050197519362">
        <ele>515</ele>
      </trkpt>
      <trkpt lat="28.516590027138591" lon="-16.260537011548877">
        <ele>514.20000000000005</ele>
      </trkpt>
      <trkpt lat="28.516576029360294" lon="-16.260559977963567">
        <ele>514.29999999999995</ele>
      </trkpt>
      <trkpt lat="28.516543004661798" lon="-16.260582022368908">
        <ele>514.20000000000005</ele>
      </trkpt>
      <trkpt lat="28.516518026590347" lon="-16.260577999055386">
        <ele>513.89999999999998</ele>
      </trkpt>
      <trkpt lat="28.516501011326909" lon="-16.260590991005301">
        <ele>512.89999999999998</ele>
      </trkpt>
      <trkpt lat="28.516443008556962" lon="-16.26058503985405">
        <ele>511.80000000000001</ele>
      </trkpt>
      <trkpt lat="28.516410989686847" lon="-16.26056500710547">
        <ele>511.39999999999998</ele>
      </trkpt>
      <trkpt lat="28.516377964988351" lon="-16.260561989620328">
        <ele>510.80000000000001</ele>
      </trkpt>
      <trkpt lat="28.51635399274528" lon="-16.260575987398624">
        <ele>510</ele>
      </trkpt>
      <trkpt lat="28.51633002050221" lon="-16.26058797352016">
        <ele>509.69999999999999</ele>
      </trkpt>
      <trkpt lat="28.516337983310223" lon="-16.260604988783598">
        <ele>509.10000000000002</ele>
      </trkpt>
      <trkpt lat="28.51637301966548" lon="-16.260614963248372">
        <ele>508.60000000000002</ele>
      </trkpt>
      <trkpt lat="28.516402021050453" lon="-16.260628961026669">
        <ele>507.39999999999998</ele>
      </trkpt>
      <trkpt lat="28.516432028263807" lon="-16.260656034573913">
        <ele>507</ele>
      </trkpt>
      <trkpt lat="28.516465974971652" lon="-16.26067103818059">
        <ele>506.39999999999998</ele>
      </trkpt>
      <trkpt lat="28.516497993841767" lon="-16.260682018473744">
        <ele>506.19999999999999</ele>
      </trkpt>
      <trkpt lat="28.516520960256457" lon="-16.260691992938519">
        <ele>505.5</ele>
      </trkpt>
      <trkpt lat="28.516553984954953" lon="-16.260690987110138">
        <ele>505</ele>
      </trkpt>
      <trkpt lat="28.516590027138591" lon="-16.260683024302125">
        <ele>504.89999999999998</ele>
      </trkpt>
      <trkpt lat="28.516621040180326" lon="-16.2606739718467">
        <ele>505.19999999999999</ele>
      </trkpt>
      <trkpt lat="28.516640989109874" lon="-16.260686041787267">
        <ele>504.5</ele>
      </trkpt>
      <trkpt lat="28.516633026301861" lon="-16.260710014030337">
        <ele>504.39999999999998</ele>
      </trkpt>
      <trkpt lat="28.516615005210042" lon="-16.260731974616647">
        <ele>503.80000000000001</ele>
      </trkpt>
      <trkpt lat="28.516605030745268" lon="-16.260753013193607">
        <ele>504.5</ele>
      </trkpt>
      <trkpt lat="28.516590027138591" lon="-16.260785032063723">
        <ele>504.10000000000002</ele>
      </trkpt>
      <trkpt lat="28.516580974683166" lon="-16.260805986821651">
        <ele>502.89999999999998</ele>
      </trkpt>
      <trkpt lat="28.516552979126573" lon="-16.260817972943187">
        <ele>501</ele>
      </trkpt>
      <trkpt lat="28.516479972749949" lon="-16.260805986821651">
        <ele>500</ele>
      </trkpt>
      <trkpt lat="28.516406966373324" lon="-16.260816967114806">
        <ele>499.89999999999998</ele>
      </trkpt>
      <trkpt lat="28.51633002050221" lon="-16.260832976549864">
        <ele>500.60000000000002</ele>
      </trkpt>
      <trkpt lat="28.516258019953966" lon="-16.260857032611966">
        <ele>500.80000000000001</ele>
      </trkpt>
      <trkpt lat="28.516215020790696" lon="-16.260873964056373">
        <ele>503.30000000000001</ele>
      </trkpt>
      <trkpt lat="28.516179984435439" lon="-16.260896008461714">
        <ele>504.69999999999999</ele>
      </trkpt>
      <trkpt lat="28.516156012192369" lon="-16.260907994583249">
        <ele>504.5</ele>
      </trkpt>
      <trkpt lat="28.516102032735944" lon="-16.260911012068391">
        <ele>504.39999999999998</ele>
      </trkpt>
      <trkpt lat="28.516044029965997" lon="-16.2609329726547">
        <ele>505.30000000000001</ele>
      </trkpt>
      <trkpt lat="28.515991978347301" lon="-16.260969014838338">
        <ele>504.60000000000002</ele>
      </trkpt>
      <trkpt lat="28.515940010547638" lon="-16.260992987081409">
        <ele>502.60000000000002</ele>
      </trkpt>
      <trkpt lat="28.515916960313916" lon="-16.261016959324479">
        <ele>501.80000000000001</ele>
      </trkpt>
      <trkpt lat="28.515887036919594" lon="-16.261055013164878">
        <ele>502</ele>
      </trkpt>
      <trkpt lat="28.515855018049479" lon="-16.261074040085077">
        <ele>501.10000000000002</ele>
      </trkpt>
      <trkpt lat="28.515811013057828" lon="-16.26108200289309">
        <ele>501.80000000000001</ele>
      </trkpt>
      <trkpt lat="28.515735995024443" lon="-16.261075967922807">
        <ele>501.60000000000002</ele>
      </trkpt>
      <trkpt lat="28.515703976154327" lon="-16.261065993458033">
        <ele>501.80000000000001</ele>
      </trkpt>
      <trkpt lat="28.515684027224779" lon="-16.261046966537833">
        <ele>501.30000000000001</ele>
      </trkpt>
      <trkpt lat="28.515670029446483" lon="-16.261033974587917">
        <ele>500.69999999999999</ele>
      </trkpt>
      <trkpt lat="28.515643961727619" lon="-16.261034980416298">
        <ele>501</ele>
      </trkpt>
      <trkpt lat="28.515618983656168" lon="-16.261034980416298">
        <ele>501</ele>
      </trkpt>
      <trkpt lat="28.515585036948323" lon="-16.261036992073059">
        <ele>500.69999999999999</ele>
      </trkpt>
      <trkpt lat="28.515550000593066" lon="-16.261053001508117">
        <ele>500.39999999999998</ele>
      </trkpt>
      <trkpt lat="28.515507001429796" lon="-16.261086026206613">
        <ele>500.30000000000001</ele>
      </trkpt>
      <trkpt lat="28.515469031408429" lon="-16.261084014549851">
        <ele>499.80000000000001</ele>
      </trkpt>
      <trkpt lat="28.515485962852836" lon="-16.261063981801271">
        <ele>498.60000000000002</ele>
      </trkpt>
      <trkpt lat="28.515512030571699" lon="-16.261028023436666">
        <ele>497.89999999999998</ele>
      </trkpt>
      <trkpt lat="28.515538014471531" lon="-16.261012014001608">
        <ele>497.5</ele>
      </trkpt>
      <trkpt lat="28.515567015856504" lon="-16.26097597181797">
        <ele>497.5</ele>
      </trkpt>
      <trkpt lat="28.515569027513266" lon="-16.260961974039674">
        <ele>496.30000000000001</ele>
      </trkpt>
      <trkpt lat="28.515546983107924" lon="-16.260958034545183">
        <ele>495.80000000000001</ele>
      </trkpt>
      <trkpt lat="28.515485962852836" lon="-16.260956022888422">
        <ele>494.89999999999998</ele>
      </trkpt>
      <trkpt lat="28.515384960919619" lon="-16.260955017060041">
        <ele>493.5</ele>
      </trkpt>
      <trkpt lat="28.515326036140323" lon="-16.260963985696435">
        <ele>492.5</ele>
      </trkpt>
      <trkpt lat="28.515138030052185" lon="-16.260934984311461">
        <ele>488.69999999999999</ele>
      </trkpt>
      <trkpt lat="28.515090001747012" lon="-16.260930960997939">
        <ele>487.80000000000001</ele>
      </trkpt>
      <trkpt lat="28.515059994533658" lon="-16.260917969048023">
        <ele>486.5</ele>
      </trkpt>
      <trkpt lat="28.515023030340672" lon="-16.260920986533165">
        <ele>485.30000000000001</ele>
      </trkpt>
      <trkpt lat="28.514976007863879" lon="-16.260907994583249">
        <ele>484.19999999999999</ele>
      </trkpt>
      <trkpt lat="28.514952035620809" lon="-16.260922998189926">
        <ele>483.80000000000001</ele>
      </trkpt>
      <trkpt lat="28.514924962073565" lon="-16.260941019281745">
        <ele>483</ele>
      </trkpt>
      <trkpt lat="28.514899984002113" lon="-16.2609519995749">
        <ele>482.19999999999999</ele>
      </trkpt>
      <trkpt lat="28.514862013980746" lon="-16.260964991524816">
        <ele>481.5</ele>
      </trkpt>
      <trkpt lat="28.514843992888927" lon="-16.260954011231661">
        <ele>480.80000000000001</ele>
      </trkpt>
      <trkpt lat="28.514821026474237" lon="-16.260940013453364">
        <ele>480.19999999999999</ele>
      </trkpt>
      <trkpt lat="28.514767969027162" lon="-16.260913023725152">
        <ele>479.19999999999999</ele>
      </trkpt>
      <trkpt lat="28.514739973470569" lon="-16.260924004018307">
        <ele>480.10000000000002</ele>
      </trkpt>
      <trkpt lat="28.514735028147697" lon="-16.260915035381913">
        <ele>479.60000000000002</ele>
      </trkpt>
      <trkpt lat="28.514692028984427" lon="-16.26091000624001">
        <ele>478.69999999999999</ele>
      </trkpt>
      <trkpt lat="28.514663027599454" lon="-16.260906988754869">
        <ele>479</ele>
      </trkpt>
      <trkpt lat="28.514609970152378" lon="-16.260905982926488">
        <ele>478.60000000000002</ele>
      </trkpt>
      <trkpt lat="28.51459002122283" lon="-16.260914029553533">
        <ele>478.30000000000001</ele>
      </trkpt>
      <trkpt lat="28.514572000131011" lon="-16.260912017896771">
        <ele>477.80000000000001</ele>
      </trkpt>
      <trkpt lat="28.514541992917657" lon="-16.260906988754869">
        <ele>477.39999999999998</ele>
      </trkpt>
      <trkpt lat="28.514515003189445" lon="-16.260906988754869">
        <ele>476.10000000000002</ele>
      </trkpt>
      <trkpt lat="28.514444008469582" lon="-16.260885028168559">
        <ele>474.19999999999999</ele>
      </trkpt>
      <trkpt lat="28.514408972114325" lon="-16.260872036218643">
        <ele>473.30000000000001</ele>
      </trkpt>
      <trkpt lat="28.514357004314661" lon="-16.260850997641683">
        <ele>471.69999999999999</ele>
      </trkpt>
      <trkpt lat="28.514305036514997" lon="-16.260833982378244">
        <ele>471.10000000000002</ele>
      </trkpt>
      <trkpt lat="28.514274023473263" lon="-16.260829959064722">
        <ele>470.39999999999998</ele>
      </trkpt>
      <trkpt lat="28.514223983511329" lon="-16.260826019570231">
        <ele>469.30000000000001</ele>
      </trkpt>
      <trkpt lat="28.514189030975103" lon="-16.260829037055373">
        <ele>469</ele>
      </trkpt>
      <trkpt lat="28.514177966862917" lon="-16.260833982378244">
        <ele>469.19999999999999</ele>
      </trkpt>
      <trkpt lat="28.514128010720015" lon="-16.260856026783586">
        <ele>469</ele>
      </trkpt>
      <trkpt lat="28.514087023213506" lon="-16.260862983763218">
        <ele>468.5</ele>
      </trkpt>
      <trkpt lat="28.514046035706997" lon="-16.260872036218643">
        <ele>467.80000000000001</ele>
      </trkpt>
      <trkpt lat="28.51401200518012" lon="-16.260873964056373">
        <ele>467.30000000000001</ele>
      </trkpt>
      <trkpt lat="28.513949979096651" lon="-16.260858038440347">
        <ele>466.10000000000002</ele>
      </trkpt>
      <trkpt lat="28.513914020732045" lon="-16.26086600124836">
        <ele>464.69999999999999</ele>
      </trkpt>
      <trkpt lat="28.513870015740395" lon="-16.260884022340178">
        <ele>463.89999999999998</ele>
      </trkpt>
      <trkpt lat="28.513832967728376" lon="-16.260916041210294">
        <ele>463.5</ele>
      </trkpt>
      <trkpt lat="28.51379700936377" lon="-16.260946970432997">
        <ele>462.30000000000001</ele>
      </trkpt>
      <trkpt lat="28.513743029907346" lon="-16.26101503148675">
        <ele>460.69999999999999</ele>
      </trkpt>
      <trkpt lat="28.513726014643908" lon="-16.261045960709453">
        <ele>460.19999999999999</ele>
      </trkpt>
      <trkpt lat="28.513707993552089" lon="-16.261088037863374">
        <ele>459.80000000000001</ele>
      </trkpt>
      <trkpt lat="28.513697013258934" lon="-16.26110496930778">
        <ele>459.69999999999999</ele>
      </trkpt>
      <trkpt lat="28.513685027137399" lon="-16.261107986792922">
        <ele>458.60000000000002</ele>
      </trkpt>
      <trkpt lat="28.513682009652257" lon="-16.261099018156528">
        <ele>458.39999999999998</ele>
      </trkpt>
      <trkpt lat="28.513687960803509" lon="-16.26105803065002">
        <ele>457.80000000000001</ele>
      </trkpt>
      <trkpt lat="28.513698019087315" lon="-16.260988963767886">
        <ele>457.60000000000002</ele>
      </trkpt>
      <trkpt lat="28.513706987723708" lon="-16.260921992361546">
        <ele>457.10000000000002</ele>
      </trkpt>
      <trkpt lat="28.513717968016863" lon="-16.260858038440347">
        <ele>455.39999999999998</ele>
      </trkpt>
      <trkpt lat="28.513729032129049" lon="-16.260825013741851">
        <ele>454.69999999999999</ele>
      </trkpt>
      <trkpt lat="28.513755016028881" lon="-16.260798024013638">
        <ele>453.60000000000002</ele>
      </trkpt>
      <trkpt lat="28.513770019635558" lon="-16.260786959901452">
        <ele>453.19999999999999</ele>
      </trkpt>
      <trkpt lat="28.51377597078681" lon="-16.260772962123156">
        <ele>452.60000000000002</ele>
      </trkpt>
      <trkpt lat="28.513763984665275" lon="-16.260766005143523">
        <ele>451.89999999999998</ele>
      </trkpt>
      <trkpt lat="28.513740012422204" lon="-16.260762987658381">
        <ele>452</ele>
      </trkpt>
      <trkpt lat="28.513703970238566" lon="-16.260783020406961">
        <ele>451</ele>
      </trkpt>
      <trkpt lat="28.513674968853593" lon="-16.260804980993271">
        <ele>450.89999999999998</ele>
      </trkpt>
      <trkpt lat="28.513635993003845" lon="-16.260829959064722">
        <ele>449.30000000000001</ele>
      </trkpt>
      <trkpt lat="28.513628030195832" lon="-16.260850997641683">
        <ele>449.19999999999999</ele>
      </trkpt>
      <trkpt lat="28.51360104046762" lon="-16.260883016511798">
        <ele>448.60000000000002</ele>
      </trkpt>
      <trkpt lat="28.513572039082646" lon="-16.260924004018307">
        <ele>447.30000000000001</ele>
      </trkpt>
      <trkpt lat="28.513556029647589" lon="-16.260941019281745">
        <ele>446.89999999999998</ele>
      </trkpt>
      <trkpt lat="28.513542031869292" lon="-16.260941019281745">
        <ele>446.30000000000001</ele>
      </trkpt>
      <trkpt lat="28.513539014384151" lon="-16.2609329726547">
        <ele>446.10000000000002</ele>
      </trkpt>
      <trkpt lat="28.513534991070628" lon="-16.260904977098107">
        <ele>445.60000000000002</ele>
      </trkpt>
      <trkpt lat="28.513539014384151" lon="-16.260878993198276">
        <ele>445</ele>
      </trkpt>
      <trkpt lat="28.513547983020544" lon="-16.260831970721483">
        <ele>444.10000000000002</ele>
      </trkpt>
      <trkpt lat="28.513557035475969" lon="-16.260792994871736">
        <ele>443.80000000000001</ele>
      </trkpt>
      <trkpt lat="28.513553012162447" lon="-16.260734992101789">
        <ele>441.80000000000001</ele>
      </trkpt>
      <trkpt lat="28.513570027425885" lon="-16.260692998766899">
        <ele>441.30000000000001</ele>
      </trkpt>
      <trkpt lat="28.513589976355433" lon="-16.260644970461726">
        <ele>440.10000000000002</ele>
      </trkpt>
      <trkpt lat="28.513613026589155" lon="-16.260624015703797">
        <ele>439.69999999999999</ele>
      </trkpt>
      <trkpt lat="28.513605985790491" lon="-16.26060901209712">
        <ele>437.89999999999998</ele>
      </trkpt>
      <trkpt lat="28.513529039919376" lon="-16.260636001825333">
        <ele>438.30000000000001</ele>
      </trkpt>
      <trkpt lat="28.513466008007526" lon="-16.260661985725164">
        <ele>437.19999999999999</ele>
      </trkpt>
      <trkpt lat="28.513371963053942" lon="-16.260708002373576">
        <ele>434.39999999999998</ele>
      </trkpt>
      <trkpt lat="28.513372968882322" lon="-16.260684030130506">
        <ele>433.89999999999998</ele>
      </trkpt>
      <trkpt lat="28.513361988589168" lon="-16.260686963796616">
        <ele>433.5</ele>
      </trkpt>
      <trkpt lat="28.513346984982491" lon="-16.260699033737183">
        <ele>432.5</ele>
      </trkpt>
      <trkpt lat="28.513334998860955" lon="-16.260723005980253">
        <ele>432</ele>
      </trkpt>
      <trkpt lat="28.513321001082659" lon="-16.260725017637014">
        <ele>431.69999999999999</ele>
      </trkpt>
      <trkpt lat="28.513301974162459" lon="-16.260749995708466">
        <ele>431.60000000000002</ele>
      </trkpt>
      <trkpt lat="28.513279007747769" lon="-16.260764999315143">
        <ele>431.30000000000001</ele>
      </trkpt>
      <trkpt lat="28.513242965564132" lon="-16.260778997093439">
        <ele>430.60000000000002</ele>
      </trkpt>
      <trkpt lat="28.513212958350778" lon="-16.260785032063723">
        <ele>430.30000000000001</ele>
      </trkpt>
      <trkpt lat="28.513193009421229" lon="-16.260785032063723">
        <ele>429.69999999999999</ele>
      </trkpt>
      <trkpt lat="28.513197032734752" lon="-16.260766005143523">
        <ele>429.30000000000001</ele>
      </trkpt>
      <trkpt lat="28.513221004977822" lon="-16.260752007365227">
        <ele>428.89999999999998</ele>
      </trkpt>
      <trkpt lat="28.513236008584499" lon="-16.260734992101789">
        <ele>428.39999999999998</ele>
      </trkpt>
      <trkpt lat="28.513245983049273" lon="-16.260696016252041">
        <ele>427.69999999999999</ele>
      </trkpt>
      <trkpt lat="28.513252018019557" lon="-16.260667014867067">
        <ele>427.10000000000002</ele>
      </trkpt>
      <trkpt lat="28.513267021626234" lon="-16.260644970461726">
        <ele>426.19999999999999</ele>
      </trkpt>
      <trkpt lat="28.513287976384163" lon="-16.260632984340191">
        <ele>425.5</ele>
      </trkpt>
      <trkpt lat="28.513330975547433" lon="-16.260601971298456">
        <ele>425.60000000000002</ele>
      </trkpt>
      <trkpt lat="28.513368023559451" lon="-16.260581016540527">
        <ele>424.10000000000002</ele>
      </trkpt>
      <trkpt lat="28.513395013287663" lon="-16.260560983791947">
        <ele>424.19999999999999</ele>
      </trkpt>
      <trkpt lat="28.51340901106596" lon="-16.260548997670412">
        <ele>423.89999999999998</ele>
      </trkpt>
      <trkpt lat="28.513410016894341" lon="-16.260533994063735">
        <ele>422.60000000000002</ele>
      </trkpt>
      <trkpt lat="28.51338897831738" lon="-16.260525025427341">
        <ele>422.80000000000001</ele>
      </trkpt>
      <trkpt lat="28.513371041044593" lon="-16.260527037084103">
        <ele>422.60000000000002</ele>
      </trkpt>
      <trkpt lat="28.513296023011208" lon="-16.260553020983934">
        <ele>421.69999999999999</ele>
      </trkpt>
      <trkpt lat="28.513221004977822" lon="-16.260551009327173">
        <ele>419.69999999999999</ele>
      </trkpt>
      <trkpt lat="28.513166019693017" lon="-16.260551009327173">
        <ele>420.10000000000002</ele>
      </trkpt>
      <trkpt lat="28.513123020529747" lon="-16.260575987398624">
        <ele>419.5</ele>
      </trkpt>
      <trkpt lat="28.5130650177598" lon="-16.260583028197289">
        <ele>419</ele>
      </trkpt>
      <trkpt lat="28.512930991128087" lon="-16.260597025975585">
        <ele>416.39999999999998</ele>
      </trkpt>
      <trkpt lat="28.512792019173503" lon="-16.260632984340191">
        <ele>413.19999999999999</ele>
      </trkpt>
      <trkpt lat="28.512699985876679" lon="-16.260675983503461">
        <ele>411.19999999999999</ele>
      </trkpt>
      <trkpt lat="28.51268095895648" lon="-16.260685035958886">
        <ele>410.80000000000001</ele>
      </trkpt>
      <trkpt lat="28.512658998370171" lon="-16.260704984888434">
        <ele>409.5</ele>
      </trkpt>
      <trkpt lat="28.5126350261271" lon="-16.260708002373576">
        <ele>408.60000000000002</ele>
      </trkpt>
      <trkpt lat="28.512607030570507" lon="-16.260712025687099">
        <ele>408.5</ele>
      </trkpt>
      <trkpt lat="28.512595966458321" lon="-16.260701967403293">
        <ele>407.80000000000001</ele>
      </trkpt>
      <trkpt lat="28.512612981721759" lon="-16.26069400459528">
        <ele>407.80000000000001</ele>
      </trkpt>
      <trkpt lat="28.512625973671675" lon="-16.260676989331841">
        <ele>407.30000000000001</ele>
      </trkpt>
      <trkpt lat="28.512633014470339" lon="-16.260668020695448">
        <ele>407.30000000000001</ele>
      </trkpt>
      <trkpt lat="28.512629996985197" lon="-16.260659974068403">
        <ele>407</ele>
      </trkpt>
      <trkpt lat="28.512602001428604" lon="-16.260670032352209">
        <ele>405.89999999999998</ele>
      </trkpt>
      <trkpt lat="28.512557996436954" lon="-16.260669026523829">
        <ele>405.10000000000002</ele>
      </trkpt>
      <trkpt lat="28.512509968131781" lon="-16.260670032352209">
        <ele>403.60000000000002</ele>
      </trkpt>
      <trkpt lat="28.512444002553821" lon="-16.260666009038687">
        <ele>402.30000000000001</ele>
      </trkpt>
      <trkpt lat="28.512396980077028" lon="-16.26067497767508">
        <ele>402.10000000000002</ele>
      </trkpt>
      <trkpt lat="28.512354986742139" lon="-16.260681012645364">
        <ele>400.60000000000002</ele>
      </trkpt>
      <trkpt lat="28.512311987578869" lon="-16.260700039565563">
        <ele>400.5</ele>
      </trkpt>
      <trkpt lat="28.512292960658669" lon="-16.260706996545196">
        <ele>400</ele>
      </trkpt>
      <trkpt lat="28.51224803365767" lon="-16.260749995708466">
        <ele>400.10000000000002</ele>
      </trkpt>
      <trkpt lat="28.512204028666019" lon="-16.260754019021988">
        <ele>398.5</ele>
      </trkpt>
      <trkpt lat="28.512160023674369" lon="-16.26076097600162">
        <ele>398.39999999999998</ele>
      </trkpt>
      <trkpt lat="28.512143008410931" lon="-16.260762987658381">
        <ele>398.5</ele>
      </trkpt>
      <trkpt lat="28.512105960398912" lon="-16.260751001536846">
        <ele>398.10000000000002</ele>
      </trkpt>
      <trkpt lat="28.512075031176209" lon="-16.260752007365227">
        <ele>397.69999999999999</ele>
      </trkpt>
      <trkpt lat="28.512050975114107" lon="-16.260762987658381">
        <ele>397.19999999999999</ele>
      </trkpt>
      <trkpt lat="28.512024991214275" lon="-16.260777991265059">
        <ele>397.39999999999998</ele>
      </trkpt>
      <trkpt lat="28.51199003867805" lon="-16.260786959901452">
        <ele>396.60000000000002</ele>
      </trkpt>
      <trkpt lat="28.511950979009271" lon="-16.260799029842019">
        <ele>396.10000000000002</ele>
      </trkpt>
      <trkpt lat="28.511891970410943" lon="-16.260812021791935">
        <ele>393.89999999999998</ele>
      </trkpt>
      <trkpt lat="28.511817036196589" lon="-16.260830964893103">
        <ele>391</ele>
      </trkpt>
      <trkpt lat="28.511786023154855" lon="-16.260839011520147">
        <ele>390.69999999999999</ele>
      </trkpt>
      <trkpt lat="28.511731959879398" lon="-16.260853009298444">
        <ele>390.39999999999998</ele>
      </trkpt>
      <trkpt lat="28.511685021221638" lon="-16.260871030390263">
        <ele>387.5</ele>
      </trkpt>
      <trkpt lat="28.511640010401607" lon="-16.26088703982532">
        <ele>388.60000000000002</ele>
      </trkpt>
      <trkpt lat="28.511585025116801" lon="-16.260899025946856">
        <ele>387.5</ele>
      </trkpt>
      <trkpt lat="28.511549988761544" lon="-16.260902965441346">
        <ele>387</ele>
      </trkpt>
      <trkpt lat="28.51147597655654" lon="-16.260905982926488">
        <ele>385.69999999999999</ele>
      </trkpt>
      <trkpt lat="28.511448986828327" lon="-16.260903971269727">
        <ele>385.39999999999998</ele>
      </trkpt>
      <trkpt lat="28.511426020413637" lon="-16.260905982926488">
        <ele>385.5</ele>
      </trkpt>
      <trkpt lat="28.511399030685425" lon="-16.260907994583249">
        <ele>384.89999999999998</ele>
      </trkpt>
      <trkpt lat="28.511373968794942" lon="-16.260904977098107">
        <ele>385.5</ele>
      </trkpt>
      <trkpt lat="28.511341027915478" lon="-16.26090900041163">
        <ele>385.30000000000001</ele>
      </trkpt>
      <trkpt lat="28.511212030425668" lon="-16.260955017060041">
        <ele>382.80000000000001</ele>
      </trkpt>
      <trkpt lat="28.511084960773587" lon="-16.261031962931156">
        <ele>380.39999999999998</ele>
      </trkpt>
      <trkpt lat="28.511341027915478" lon="-16.260941019281745">
        <ele>389.60399999999998</ele>
        <time>2025-05-31T09:25:02Z</time>
      </trkpt>
      <trkpt lat="28.511322000995278" lon="-16.260958034545183">
        <ele>390.01400000000001</ele>
        <time>2025-05-31T09:25:05Z</time>
      </trkpt>
      <trkpt lat="28.511301968246698" lon="-16.260970020666718">
        <ele>390.209</ele>
        <time>2025-05-31T09:25:07Z</time>
      </trkpt>
      <trkpt lat="28.511292999610305" lon="-16.260989969596267">
        <ele>390.84699999999998</ele>
        <time>2025-05-31T09:25:10Z</time>
      </trkpt>
      <trkpt lat="28.511276990175247" lon="-16.261002039536834">
        <ele>391.43599999999998</ele>
        <time>2025-05-31T09:25:12Z</time>
      </trkpt>
      <trkpt lat="28.511257963255048" lon="-16.261013019829988">
        <ele>392.02999999999997</ele>
        <time>2025-05-31T09:25:15Z</time>
      </trkpt>
      <trkpt lat="28.511231979355216" lon="-16.261031962931156">
        <ele>392.42399999999998</ele>
        <time>2025-05-31T09:25:17Z</time>
      </trkpt>
      <trkpt lat="28.511213036254048" lon="-16.261047972366214">
        <ele>392.26400000000001</ele>
        <time>2025-05-31T09:25:18Z</time>
      </trkpt>
      <trkpt lat="28.511194009333849" lon="-16.261074040085077">
        <ele>392.036</ele>
        <time>2025-05-31T09:25:20Z</time>
      </trkpt>
      <trkpt lat="28.511189986020327" lon="-16.261099018156528">
        <ele>391.834</ele>
        <time>2025-05-31T09:25:22Z</time>
      </trkpt>
      <trkpt lat="28.511181017383933" lon="-16.261121984571218">
        <ele>391.89299999999997</ele>
        <time>2025-05-31T09:25:24Z</time>
      </trkpt>
      <trkpt lat="28.511173976585269" lon="-16.261141011491418">
        <ele>392.28899999999999</ele>
        <time>2025-05-31T09:25:27Z</time>
      </trkpt>
      <trkpt lat="28.511155033484101" lon="-16.261157020926476">
        <ele>392.63600000000002</ele>
        <time>2025-05-31T09:25:29Z</time>
      </trkpt>
      <trkpt lat="28.511142041534185" lon="-16.261178981512785">
        <ele>393.017</ele>
        <time>2025-05-31T09:25:31Z</time>
      </trkpt>
      <trkpt lat="28.511142041534185" lon="-16.261205971240997">
        <ele>393.41800000000001</ele>
        <time>2025-05-31T09:25:34Z</time>
      </trkpt>
      <trkpt lat="28.511165007948875" lon="-16.261229021474719">
        <ele>393.80900000000003</ele>
        <time>2025-05-31T09:25:36Z</time>
      </trkpt>
      <trkpt lat="28.511165007948875" lon="-16.261250982061028">
        <ele>394.26499999999999</ele>
        <time>2025-05-31T09:25:38Z</time>
      </trkpt>
      <trkpt lat="28.511084960773587" lon="-16.261031962931156">
        <ele>380.39999999999998</ele>
      </trkpt>
      <trkpt lat="28.511022012680769" lon="-16.261068005114794">
        <ele>379</ele>
      </trkpt>
      <trkpt lat="28.510926039889455" lon="-16.261121984571218">
        <ele>377.5</ele>
      </trkpt>
      <trkpt lat="28.510850016027689" lon="-16.261161966249347">
        <ele>375.60000000000002</ele>
      </trkpt>
      <trkpt lat="28.510725041851401" lon="-16.261207982897758">
        <ele>371.69999999999999</ele>
      </trkpt>
      <trkpt lat="28.510667961090803" lon="-16.261232038959861">
        <ele>370.5</ele>
      </trkpt>
      <trkpt lat="28.510569976642728" lon="-16.261248970404267">
        <ele>367.89999999999998</ele>
      </trkpt>
      <trkpt lat="28.510514991357923" lon="-16.261272020637989">
        <ele>366.39999999999998</ele>
      </trkpt>
      <trkpt lat="28.510474003851414" lon="-16.261284006759524">
        <ele>365.89999999999998</ele>
      </trkpt>
      <trkpt lat="28.51046402938664" lon="-16.26127596013248">
        <ele>364.89999999999998</ele>
      </trkpt>
      <trkpt lat="28.510477021336555" lon="-16.261240001767874">
        <ele>364.5</ele>
      </trkpt>
      <trkpt lat="28.510451037436724" lon="-16.261246036738157">
        <ele>364.30000000000001</ele>
      </trkpt>
      <trkpt lat="28.510410971939564" lon="-16.26125399954617">
        <ele>362.89999999999998</ele>
      </trkpt>
      <trkpt lat="28.510334026068449" lon="-16.261286018416286">
        <ele>361.10000000000002</ele>
      </trkpt>
      <trkpt lat="28.510293960571289" lon="-16.261287024244666">
        <ele>359.10000000000002</ele>
      </trkpt>
      <trkpt lat="28.510242998600006" lon="-16.261280989274383">
        <ele>358.69999999999999</ele>
      </trkpt>
      <trkpt lat="28.510175021365285" lon="-16.261284006759524">
        <ele>356.60000000000002</ele>
      </trkpt>
      <trkpt lat="28.510096985846758" lon="-16.261285012587905">
        <ele>356.19999999999999</ele>
      </trkpt>
      <trkpt lat="28.510069996118546" lon="-16.261298004537821">
        <ele>355.69999999999999</ele>
      </trkpt>
      <trkpt lat="28.510022973641753" lon="-16.26131703145802">
        <ele>354.60000000000002</ele>
      </trkpt>
      <trkpt lat="28.509987015277147" lon="-16.261334968730807">
        <ele>354.10000000000002</ele>
      </trkpt>
      <trkpt lat="28.509964970871806" lon="-16.261347038671374">
        <ele>353.89999999999998</ele>
      </trkpt>
      <trkpt lat="28.509977040812373" lon="-16.261332035064697">
        <ele>353.80000000000001</ele>
      </trkpt>
      <trkpt lat="28.510040994733572" lon="-16.261278977617621">
        <ele>352.69999999999999</ele>
      </trkpt>
      <trkpt lat="28.510078964754939" lon="-16.261237990111113">
        <ele>351.19999999999999</ele>
      </trkpt>
      <trkpt lat="28.51010100916028" lon="-16.261206977069378">
        <ele>350.30000000000001</ele>
      </trkpt>
      <trkpt lat="28.510104026645422" lon="-16.261195996776223">
        <ele>349.10000000000002</ele>
      </trkpt>
      <trkpt lat="28.510078964754939" lon="-16.261194990947843">
        <ele>348.60000000000002</ele>
      </trkpt>
      <trkpt lat="28.510045018047094" lon="-16.261186022311449">
        <ele>347.39999999999998</ele>
      </trkpt>
      <trkpt lat="28.510011993348598" lon="-16.261176969856024">
        <ele>346.80000000000001</ele>
      </trkpt>
      <trkpt lat="28.509999001398683" lon="-16.261174036189914">
        <ele>346.80000000000001</ele>
      </trkpt>
      <trkpt lat="28.509938986971974" lon="-16.26116699539125">
        <ele>346.80000000000001</ele>
      </trkpt>
      <trkpt lat="28.509927000850439" lon="-16.261150985956192">
        <ele>344.89999999999998</ele>
      </trkpt>
      <trkpt lat="28.509902022778988" lon="-16.261163977906108">
        <ele>345.30000000000001</ele>
      </trkpt>
      <trkpt lat="28.509876038879156" lon="-16.261164983734488">
        <ele>344.39999999999998</ele>
      </trkpt>
      <trkpt lat="28.509763972833753" lon="-16.261174036189914">
        <ele>344.69999999999999</ele>
      </trkpt>
      <trkpt lat="28.509631035849452" lon="-16.261185016483068">
        <ele>340.69999999999999</ele>
      </trkpt>
      <trkpt lat="28.509574038907886" lon="-16.261208988726139">
        <ele>340.30000000000001</ele>
      </trkpt>
      <trkpt lat="28.509503966197371" lon="-16.261258022859693">
        <ele>338.89999999999998</ele>
      </trkpt>
      <trkpt lat="28.509431965649128" lon="-16.26131602562964">
        <ele>338.10000000000002</ele>
      </trkpt>
      <trkpt lat="28.509407993406057" lon="-16.26131996512413">
        <ele>337.5</ele>
      </trkpt>
      <trkpt lat="28.509406987577677" lon="-16.261281995102763">
        <ele>336</ele>
      </trkpt>
      <trkpt lat="28.509388966485858" lon="-16.261258022859693">
        <ele>335.69999999999999</ele>
      </trkpt>
      <trkpt lat="28.509344961494207" lon="-16.261257017031312">
        <ele>335.60000000000002</ele>
      </trkpt>
      <trkpt lat="28.509247982874513" lon="-16.261257017031312">
        <ele>335.39999999999998</ele>
      </trkpt>
      <trkpt lat="28.5092209931463" lon="-16.261227009817958">
        <ele>335.10000000000002</ele>
      </trkpt>
      <trkpt lat="28.509173970669508" lon="-16.261163977906108">
        <ele>333.89999999999998</ele>
      </trkpt>
      <trkpt lat="28.509115967899561" lon="-16.261155009269714">
        <ele>332.60000000000002</ele>
      </trkpt>
      <trkpt lat="28.509099958464503" lon="-16.261152997612953">
        <ele>331.80000000000001</ele>
      </trkpt>
      <trkpt lat="28.509062994271517" lon="-16.261122990399599">
        <ele>332.30000000000001</ele>
      </trkpt>
      <trkpt lat="28.509031981229782" lon="-16.261120978742838">
        <ele>331.39999999999998</ele>
      </trkpt>
      <trkpt lat="28.50898495875299" lon="-16.261098012328148">
        <ele>331.80000000000001</ele>
      </trkpt>
      <trkpt lat="28.508954029530287" lon="-16.261078985407948">
        <ele>331.89999999999998</ele>
      </trkpt>
      <trkpt lat="28.50889896042645" lon="-16.261036992073059">
        <ele>330.10000000000002</ele>
      </trkpt>
      <trkpt lat="28.508861996233463" lon="-16.261008996516466">
        <ele>328.89999999999998</ele>
      </trkpt>
      <trkpt lat="28.508849004283547" lon="-16.261022994294763">
        <ele>327.69999999999999</ele>
      </trkpt>
      <trkpt lat="28.508857972919941" lon="-16.261054007336497">
        <ele>326.89999999999998</ele>
      </trkpt>
      <trkpt lat="28.508882028982043" lon="-16.261088959872723">
        <ele>325.89999999999998</ele>
      </trkpt>
      <trkpt lat="28.508881023153663" lon="-16.261109998449683">
        <ele>325.30000000000001</ele>
      </trkpt>
      <trkpt lat="28.50887599401176" lon="-16.26112399622798">
        <ele>325.19999999999999</ele>
      </trkpt>
      <trkpt lat="28.508841041475534" lon="-16.261086026206613">
        <ele>325.5</ele>
      </trkpt>
      <trkpt lat="28.508793013170362" lon="-16.261072028428316">
        <ele>323.19999999999999</ele>
      </trkpt>
      <trkpt lat="28.508710032328963" lon="-16.261016959324479">
        <ele>322</ele>
      </trkpt>
      <trkpt lat="28.508626967668533" lon="-16.260981000959873">
        <ele>320</ele>
      </trkpt>
      <trkpt lat="28.508547004312277" lon="-16.26093003898859">
        <ele>319</ele>
      </trkpt>
      <trkpt lat="28.508483972400427" lon="-16.260893996804953">
        <ele>317.30000000000001</ele>
      </trkpt>
      <trkpt lat="28.508437033742666" lon="-16.260897014290094">
        <ele>315.89999999999998</ele>
      </trkpt>
      <trkpt lat="28.508415995165706" lon="-16.260875975713134">
        <ele>315.5</ele>
      </trkpt>
      <trkpt lat="28.508389005437493" lon="-16.260855020955205">
        <ele>314.60000000000002</ele>
      </trkpt>
      <trkpt lat="28.508353969082236" lon="-16.26084697432816">
        <ele>313.80000000000001</ele>
      </trkpt>
      <trkpt lat="28.508308036252856" lon="-16.260848985984921">
        <ele>313.10000000000002</ele>
      </trkpt>
      <trkpt lat="28.508260007947683" lon="-16.260870024561882">
        <ele>312</ele>
      </trkpt>
      <trkpt lat="28.508225977420807" lon="-16.260873964056373">
        <ele>311.39999999999998</ele>
      </trkpt>
      <trkpt lat="28.508182978257537" lon="-16.260861977934837">
        <ele>311.5</ele>
      </trkpt>
      <trkpt lat="28.508135033771396" lon="-16.26082300208509">
        <ele>310.30000000000001</ele>
      </trkpt>
      <trkpt lat="28.508113995194435" lon="-16.260786959901452">
        <ele>308.5</ele>
      </trkpt>
      <trkpt lat="28.508054986596107" lon="-16.260739015415311">
        <ele>307.89999999999998</ele>
      </trkpt>
      <trkpt lat="28.507993966341019" lon="-16.260690987110138">
        <ele>307.5</ele>
      </trkpt>
      <trkpt lat="28.507955996319652" lon="-16.260638013482094">
        <ele>306.69999999999999</ele>
      </trkpt>
      <trkpt lat="28.507941998541355" lon="-16.260605994611979">
        <ele>299.10000000000002</ele>
      </trkpt>
      <trkpt lat="28.507919032126665" lon="-16.260594008490443">
        <ele>298.80000000000001</ele>
      </trkpt>
      <trkpt lat="28.507863041013479" lon="-16.260596020147204">
        <ele>298</ele>
      </trkpt>
      <trkpt lat="28.507786011323333" lon="-16.260581016540527">
        <ele>296.60000000000002</ele>
      </trkpt>
      <trkpt lat="28.507747035473585" lon="-16.260555032640696">
        <ele>295.39999999999998</ele>
      </trkpt>
      <trkpt lat="28.507704958319664" lon="-16.260533994063735">
        <ele>295.19999999999999</ele>
      </trkpt>
      <trkpt lat="28.507662964984775" lon="-16.260504992678761">
        <ele>294.10000000000002</ele>
      </trkpt>
      <trkpt lat="28.507627006620169" lon="-16.260484959930182">
        <ele>293.19999999999999</ele>
      </trkpt>
      <trkpt lat="28.507495997473598" lon="-16.260441038757563">
        <ele>289.89999999999998</ele>
      </trkpt>
      <trkpt lat="28.507446963340044" lon="-16.260420000180602">
        <ele>289.60000000000002</ele>
      </trkpt>
      <trkpt lat="28.507401030510664" lon="-16.260404996573925">
        <ele>288.60000000000002</ele>
      </trkpt>
      <trkpt lat="28.507344033569098" lon="-16.260380018502474">
        <ele>287.69999999999999</ele>
      </trkpt>
      <trkpt lat="28.507297011092305" lon="-16.260385969653726">
        <ele>287.39999999999998</ele>
      </trkpt>
      <trkpt lat="28.507263986393809" lon="-16.26037398353219">
        <ele>285.80000000000001</ele>
      </trkpt>
      <trkpt lat="28.507216041907668" lon="-16.260361997410655">
        <ele>285.5</ele>
      </trkpt>
      <trkpt lat="28.507147980853915" lon="-16.260366020724177">
        <ele>284.10000000000002</ele>
      </trkpt>
      <trkpt lat="28.507055025547743" lon="-16.260344982147217">
        <ele>281.19999999999999</ele>
      </trkpt>
      <trkpt lat="28.507000040262938" lon="-16.260345987975597">
        <ele>280.80000000000001</ele>
      </trkpt>
      <trkpt lat="28.50694396533072" lon="-16.260342970490456">
        <ele>280.5</ele>
      </trkpt>
      <trkpt lat="28.506914963945746" lon="-16.260340036824346">
        <ele>279.5</ele>
      </trkpt>
      <trkpt lat="28.506888980045915" lon="-16.260346993803978">
        <ele>279.39999999999998</ele>
      </trkpt>
      <trkpt lat="28.506865007802844" lon="-16.26039301045239">
        <ele>279</ele>
      </trkpt>
      <trkpt lat="28.506843969225883" lon="-16.260427962988615">
        <ele>278.5</ele>
      </trkpt>
      <trkpt lat="28.506805999204516" lon="-16.260454030707479">
        <ele>277.69999999999999</ele>
      </trkpt>
      <trkpt lat="28.506712960079312" lon="-16.260483032092452">
        <ele>276.60000000000002</ele>
      </trkpt>
      <trkpt lat="28.506623022258282" lon="-16.260493006557226">
        <ele>273.69999999999999</ele>
      </trkpt>
      <trkpt lat="28.506496958434582" lon="-16.260499963536859">
        <ele>271.10000000000002</ele>
      </trkpt>
      <trkpt lat="28.506424035876989" lon="-16.2605220079422">
        <ele>270</ele>
      </trkpt>
      <trkpt lat="28.506393022835255" lon="-16.260542962700129">
        <ele>268.30000000000001</ele>
      </trkpt>
      <trkpt lat="28.506355974823236" lon="-16.260524019598961">
        <ele>267</ele>
      </trkpt>
      <trkpt lat="28.506284980103374" lon="-16.260530976578593">
        <ele>268.30000000000001</ele>
      </trkpt>
      <trkpt lat="28.506223037838936" lon="-16.26054497435689">
        <ele>267.10000000000002</ele>
      </trkpt>
      <trkpt lat="28.506127987056971" lon="-16.260577999055386">
        <ele>264.5</ele>
      </trkpt>
      <trkpt lat="28.506074007600546" lon="-16.260567018762231">
        <ele>264.19999999999999</ele>
      </trkpt>
      <trkpt lat="28.506053974851966" lon="-16.26054598018527">
        <ele>264.19999999999999</ele>
      </trkpt>
      <trkpt lat="28.506017010658979" lon="-16.260487977415323">
        <ele>265</ele>
      </trkpt>
      <trkpt lat="28.505988009274006" lon="-16.260433997958899">
        <ele>264.5</ele>
      </trkpt>
      <trkpt lat="28.505938975140452" lon="-16.260369038209319">
        <ele>267.19999999999999</ele>
      </trkpt>
      <trkpt lat="28.505878038704395" lon="-16.260326961055398">
        <ele>266</ele>
      </trkpt>
      <trkpt lat="28.505797991529107" lon="-16.260269964113832">
        <ele>265.30000000000001</ele>
      </trkpt>
      <trkpt lat="28.505649967119098" lon="-16.260173991322517">
        <ele>261.89999999999998</ele>
      </trkpt>
      <trkpt lat="28.505595987662673" lon="-16.260138032957911">
        <ele>260.69999999999999</ele>
      </trkpt>
      <trkpt lat="28.505557011812925" lon="-16.260077012702823">
        <ele>259.60000000000002</ele>
      </trkpt>
      <trkpt lat="28.505505966022611" lon="-16.260035019367933">
        <ele>259.19999999999999</ele>
      </trkpt>
      <trkpt lat="28.505432959645987" lon="-16.259971987456083">
        <ele>257.19999999999999</ele>
      </trkpt>
      <trkpt lat="28.505304967984557" lon="-16.259863022714853">
        <ele>253.80000000000001</ele>
      </trkpt>
      <trkpt lat="28.505265992134809" lon="-16.259843995794654">
        <ele>253.40000000000001</ele>
      </trkpt>
      <trkpt lat="28.505193991586566" lon="-16.259851958602667">
        <ele>249.80000000000001</ele>
      </trkpt>
      <trkpt lat="28.505161972716451" lon="-16.259851036593318">
        <ele>249</ele>
      </trkpt>
      <trkpt lat="28.505130959674716" lon="-16.259823041036725">
        <ele>248.59999999999999</ele>
      </trkpt>
      <trkpt lat="28.505102964118123" lon="-16.25981499440968">
        <ele>247.30000000000001</ele>
      </trkpt>
      <trkpt lat="28.505087038502097" lon="-16.259845001623034">
        <ele>245.69999999999999</ele>
      </trkpt>
      <trkpt lat="28.505049990490079" lon="-16.259817006066442">
        <ele>245.5</ele>
      </trkpt>
      <trkpt lat="28.505004979670048" lon="-16.2597949616611">
        <ele>243.69999999999999</ele>
      </trkpt>
      <trkpt lat="28.504957035183907" lon="-16.259805019944906">
        <ele>242.40000000000001</ele>
      </trkpt>
      <trkpt lat="28.504874976351857" lon="-16.259794039651752">
        <ele>241.19999999999999</ele>
      </trkpt>
      <trkpt lat="28.5048140399158" lon="-16.259751040488482">
        <ele>240.5</ele>
      </trkpt>
      <trkpt lat="28.50472996942699" lon="-16.259708041325212">
        <ele>239.09999999999999</ele>
      </trkpt>
      <trkpt lat="28.504688981920481" lon="-16.259652972221375">
        <ele>239.09999999999999</ele>
      </trkpt>
      <trkpt lat="28.504661992192268" lon="-16.259608967229724">
        <ele>236.69999999999999</ele>
      </trkpt>
      <trkpt lat="28.504583034664392" lon="-16.259610978886485">
        <ele>236.40000000000001</ele>
      </trkpt>
      <trkpt lat="28.50453500635922" lon="-16.259608967229724">
        <ele>235.19999999999999</ele>
      </trkpt>
      <trkpt lat="28.504469962790608" lon="-16.259617013856769">
        <ele>234.59999999999999</ele>
      </trkpt>
      <trkpt lat="28.504381030797958" lon="-16.259627994149923">
        <ele>231.90000000000001</ele>
      </trkpt>
      <trkpt lat="28.50434398278594" lon="-16.259609973058105">
        <ele>232.69999999999999</ele>
      </trkpt>
      <trkpt lat="28.504286985844374" lon="-16.259597986936569">
        <ele>229.90000000000001</ele>
      </trkpt>
      <trkpt lat="28.504210039973259" lon="-16.259581977501512">
        <ele>228.09999999999999</ele>
      </trkpt>
      <trkpt lat="28.504135021939874" lon="-16.259549036622047">
        <ele>227.30000000000001</ele>
      </trkpt>
      <trkpt lat="28.503964031115174" lon="-16.259463038295507">
        <ele>223.5</ele>
      </trkpt>
      <trkpt lat="28.50389102473855" lon="-16.259441999718547">
        <ele>221.80000000000001</ele>
      </trkpt>
      <trkpt lat="28.503811983391643" lon="-16.25938500277698">
        <ele>219.30000000000001</ele>
      </trkpt>
      <trkpt lat="28.503727996721864" lon="-16.259333034977317">
        <ele>217.59999999999999</ele>
      </trkpt>
      <trkpt lat="28.503687009215355" lon="-16.259309984743595">
        <ele>216.59999999999999</ele>
      </trkpt>
      <trkpt lat="28.503651972860098" lon="-16.259309984743595">
        <ele>214.69999999999999</ele>
      </trkpt>
      <trkpt lat="28.50363202393055" lon="-16.25931803137064">
        <ele>214.09999999999999</ele>
      </trkpt>
      <trkpt lat="28.503614002838731" lon="-16.259349966421723">
        <ele>213.69999999999999</ele>
      </trkpt>
      <trkpt lat="28.503595981746912" lon="-16.259356001392007">
        <ele>214</ele>
      </trkpt>
      <trkpt lat="28.503576032817364" lon="-16.259350972250104">
        <ele>214.09999999999999</ele>
      </trkpt>
      <trkpt lat="28.503538984805346" lon="-16.259331023320556">
        <ele>214.19999999999999</ele>
      </trkpt>
      <trkpt lat="28.503457009792328" lon="-16.259257011115551">
        <ele>212.69999999999999</ele>
      </trkpt>
      <trkpt lat="28.50337402895093" lon="-16.259155003353953">
        <ele>211</ele>
      </trkpt>
      <trkpt lat="28.503329018130898" lon="-16.259043021127582">
        <ele>206.80000000000001</ele>
      </trkpt>
      <trkpt lat="28.503315020352602" lon="-16.259009996429086">
        <ele>204.19999999999999</ele>
      </trkpt>
      <trkpt lat="28.503273027017713" lon="-16.25897797755897">
        <ele>208</ele>
      </trkpt>
      <trkpt lat="28.503203960135579" lon="-16.258935984224081">
        <ele>207.90000000000001</ele>
      </trkpt>
      <trkpt lat="28.503164984285831" lon="-16.258921986445785">
        <ele>207</ele>
      </trkpt>
      <trkpt lat="28.503115028142929" lon="-16.258902959525585">
        <ele>205.80000000000001</ele>
      </trkpt>
      <trkpt lat="28.503100024536252" lon="-16.258886028081179">
        <ele>205.30000000000001</ele>
      </trkpt>
      <trkpt lat="28.503102036193013" lon="-16.258872030302882">
        <ele>205.09999999999999</ele>
      </trkpt>
      <trkpt lat="28.503114022314548" lon="-16.258870018646121">
        <ele>205.19999999999999</ele>
      </trkpt>
      <trkpt lat="28.503132965415716" lon="-16.258877981454134">
        <ele>204.59999999999999</ele>
      </trkpt>
      <trkpt lat="28.503150986507535" lon="-16.258877981454134">
        <ele>204.09999999999999</ele>
      </trkpt>
      <trkpt lat="28.50318300537765" lon="-16.258874963968992">
        <ele>204.19999999999999</ele>
      </trkpt>
      <trkpt lat="28.503189962357283" lon="-16.25886901281774">
        <ele>203.80000000000001</ele>
      </trkpt>
      <trkpt lat="28.503184011206031" lon="-16.258855015039444">
        <ele>203.40000000000001</ele>
      </trkpt>
      <trkpt lat="28.503160960972309" lon="-16.258837999776006">
        <ele>203.09999999999999</ele>
      </trkpt>
      <trkpt lat="28.503130031749606" lon="-16.258813021704555">
        <ele>202.80000000000001</ele>
      </trkpt>
      <trkpt lat="28.503089966252446" lon="-16.258779997006059">
        <ele>201.40000000000001</ele>
      </trkpt>
      <trkpt lat="28.503044033423066" lon="-16.258724005892873">
        <ele>199.59999999999999</ele>
      </trkpt>
      <trkpt lat="28.503006985411048" lon="-16.258707996457815">
        <ele>198.59999999999999</ele>
      </trkpt>
      <trkpt lat="28.502981001511216" lon="-16.258690981194377">
        <ele>198.09999999999999</ele>
      </trkpt>
      <trkpt lat="28.502953005954623" lon="-16.258672960102558">
        <ele>197.69999999999999</ele>
      </trkpt>
      <trkpt lat="28.502917969599366" lon="-16.258648987859488">
        <ele>197</ele>
      </trkpt>
      <trkpt lat="28.502878993749619" lon="-16.258661979809403">
        <ele>196.19999999999999</ele>
      </trkpt>
      <trkpt lat="28.502828031778336" lon="-16.25865401700139">
        <ele>194.5</ele>
      </trkpt>
      <trkpt lat="28.502787966281176" lon="-16.258623003959656">
        <ele>193.19999999999999</ele>
      </trkpt>
      <trkpt lat="28.502757037058473" lon="-16.258625015616417">
        <ele>192.59999999999999</ele>
      </trkpt>
      <trkpt lat="28.502749996259809" lon="-16.258664997294545">
        <ele>192.80000000000001</ele>
      </trkpt>
      <trkpt lat="28.502729963511229" lon="-16.258688969537616">
        <ele>191.30000000000001</ele>
      </trkpt>
      <trkpt lat="28.502712026238441" lon="-16.258648987859488">
        <ele>190.09999999999999</ele>
      </trkpt>
      <trkpt lat="28.502697022631764" lon="-16.258677989244461">
        <ele>190</ele>
      </trkpt>
      <trkpt lat="28.502683024853468" lon="-16.258724005892873">
        <ele>189.09999999999999</ele>
      </trkpt>
      <trkpt lat="28.502655029296875" lon="-16.258793994784355">
        <ele>187.30000000000001</ele>
      </trkpt>
      <trkpt lat="28.502613035961986" lon="-16.258764993399382">
        <ele>186.59999999999999</ele>
      </trkpt>
      <trkpt lat="28.502588979899883" lon="-16.258772034198046">
        <ele>187</ele>
      </trkpt>
      <trkpt lat="28.502572970464826" lon="-16.258808998391032">
        <ele>187.30000000000001</ele>
      </trkpt>
      <trkpt lat="28.502533994615078" lon="-16.258821990340948">
        <ele>188.30000000000001</ele>
      </trkpt>
      <trkpt lat="28.502504993230104" lon="-16.258886028081179">
        <ele>188.40000000000001</ele>
      </trkpt>
      <trkpt lat="28.502500969916582" lon="-16.258917041122913">
        <ele>187.90000000000001</ele>
      </trkpt>
      <trkpt lat="28.502455037087202" lon="-16.258990969508886">
        <ele>187.90000000000001</ele>
      </trkpt>
      <trkpt lat="28.502437015995383" lon="-16.259030029177666">
        <ele>187.40000000000001</ele>
      </trkpt>
      <trkpt lat="28.502425029873848" lon="-16.25908300280571">
        <ele>186</ele>
      </trkpt>
      <trkpt lat="28.502384964376688" lon="-16.259151985868812">
        <ele>187.30000000000001</ele>
      </trkpt>
      <trkpt lat="28.502310030162334" lon="-16.259230021387339">
        <ele>187.90000000000001</ele>
      </trkpt>
      <trkpt lat="28.502264013513923" lon="-16.259335968643427">
        <ele>185.80000000000001</ele>
      </trkpt>
      <trkpt lat="28.502240041270852" lon="-16.259382991120219">
        <ele>185.40000000000001</ele>
      </trkpt>
      <trkpt lat="28.50215395912528" lon="-16.25947100110352">
        <ele>184.80000000000001</ele>
      </trkpt>
      <trkpt lat="28.502116994932294" lon="-16.259466977789998">
        <ele>185.40000000000001</ele>
      </trkpt>
      <trkpt lat="28.502053963020444" lon="-16.259460020810366">
        <ele>186.09999999999999</ele>
      </trkpt>
      <trkpt lat="28.50202496163547" lon="-16.259482987225056">
        <ele>184.90000000000001</ele>
      </trkpt>
      <trkpt lat="28.501995960250497" lon="-16.259506037458777">
        <ele>184</ele>
      </trkpt>
      <trkpt lat="28.501875009387732" lon="-16.259626988321543">
        <ele>181.19999999999999</ele>
      </trkpt>
      <trkpt lat="28.501834021881223" lon="-16.259668981656432">
        <ele>181.5</ele>
      </trkpt>
      <trkpt lat="28.501810971647501" lon="-16.259688008576632">
        <ele>181.5</ele>
      </trkpt>
      <trkpt lat="28.501781970262527" lon="-16.259709969162941">
        <ele>182.69999999999999</ele>
      </trkpt>
      <trkpt lat="28.501745006069541" lon="-16.259723966941237">
        <ele>182.30000000000001</ele>
      </trkpt>
      <trkpt lat="28.501692032441497" lon="-16.259724972769618">
        <ele>182.40000000000001</ele>
      </trkpt>
      <trkpt lat="28.501653978601098" lon="-16.259725978597999">
        <ele>182.40000000000001</ele>
      </trkpt>
      <trkpt lat="28.501515006646514" lon="-16.25972799025476">
        <ele>181.40000000000001</ele>
      </trkpt>
      <trkpt lat="28.501487011089921" lon="-16.25972899608314">
        <ele>180.80000000000001</ele>
      </trkpt>
      <trkpt lat="28.501448035240173" lon="-16.259733019396663">
        <ele>180.80000000000001</ele>
      </trkpt>
      <trkpt lat="28.501412998884916" lon="-16.259736958891153">
        <ele>180.5</ele>
      </trkpt>
      <trkpt lat="28.501377962529659" lon="-16.259745005518198">
        <ele>179.59999999999999</ele>
      </trkpt>
      <trkpt lat="28.50135600194335" lon="-16.259750034660101">
        <ele>178.80000000000001</ele>
      </trkpt>
      <trkpt lat="28.501315014436841" lon="-16.259760009124875">
        <ele>177.90000000000001</ele>
      </trkpt>
      <trkpt lat="28.501288024708629" lon="-16.259793033823371">
        <ele>176.69999999999999</ele>
      </trkpt>
      <trkpt lat="28.501273021101952" lon="-16.259812982752919">
        <ele>176.40000000000001</ele>
      </trkpt>
      <trkpt lat="28.501262040808797" lon="-16.259852964431047">
        <ele>175.5</ele>
      </trkpt>
      <trkpt lat="28.501233961433172" lon="-16.259884983301163">
        <ele>174.90000000000001</ele>
      </trkpt>
      <trkpt lat="28.501202026382089" lon="-16.259913984686136">
        <ele>174.19999999999999</ele>
      </trkpt>
      <trkpt lat="28.501170007511973" lon="-16.259938040748239">
        <ele>174.19999999999999</ele>
      </trkpt>
      <trkpt lat="28.501130025833845" lon="-16.259967964142561">
        <ele>173.69999999999999</ele>
      </trkpt>
      <trkpt lat="28.501036986708641" lon="-16.260059997439384">
        <ele>171.59999999999999</ele>
      </trkpt>
      <trkpt lat="28.500983007252216" lon="-16.260110959410667">
        <ele>171.40000000000001</ele>
      </trkpt>
      <trkpt lat="28.50096900947392" lon="-16.26013602130115">
        <ele>170.69999999999999</ele>
      </trkpt>
      <trkpt lat="28.500936990603805" lon="-16.260153958573937">
        <ele>169.80000000000001</ele>
      </trkpt>
      <trkpt lat="28.50088401697576" lon="-16.260214978829026">
        <ele>168.5</ele>
      </trkpt>
      <trkpt lat="28.500834982842207" lon="-16.260249009355903">
        <ele>167</ele>
      </trkpt>
      <trkpt lat="28.500792989507318" lon="-16.260273987427354">
        <ele>166.09999999999999</ele>
      </trkpt>
      <trkpt lat="28.500724006444216" lon="-16.260297959670424">
        <ele>166.09999999999999</ele>
      </trkpt>
      <trkpt lat="28.500702967867255" lon="-16.260310029610991">
        <ele>165.5</ele>
      </trkpt>
      <trkpt lat="28.500675978139043" lon="-16.260332996025681">
        <ele>164.69999999999999</ele>
      </trkpt>
      <trkpt lat="28.500659968703985" lon="-16.260340036824346">
        <ele>164.80000000000001</ele>
      </trkpt>
      <trkpt lat="28.500541029497981" lon="-16.260390998795629">
        <ele>163.30000000000001</ele>
      </trkpt>
      <trkpt lat="28.500483026728034" lon="-16.260431986302137">
        <ele>161.59999999999999</ele>
      </trkpt>
      <trkpt lat="28.500450002029538" lon="-16.260445984080434">
        <ele>160.80000000000001</ele>
      </trkpt>
      <trkpt lat="28.500414965674281" lon="-16.260451013222337">
        <ele>160.59999999999999</ele>
      </trkpt>
      <trkpt lat="28.500339025631547" lon="-16.260476997122169">
        <ele>159.69999999999999</ele>
      </trkpt>
      <trkpt lat="28.500329973176122" lon="-16.260488983243704">
        <ele>159.30000000000001</ele>
      </trkpt>
      <trkpt lat="28.500374983996153" lon="-16.260494012385607">
        <ele>158.09999999999999</ele>
      </trkpt>
      <trkpt lat="28.500416977331042" lon="-16.260498035699129">
        <ele>158.59999999999999</ele>
      </trkpt>
      <trkpt lat="28.500442039221525" lon="-16.260529970750213">
        <ele>156.80000000000001</ele>
      </trkpt>
      <trkpt lat="28.500538012012839" lon="-16.260584034025669">
        <ele>155.09999999999999</ele>
      </trkpt>
      <trkpt lat="28.500574976205826" lon="-16.260604988783598">
        <ele>154.30000000000001</ele>
      </trkpt>
      <trkpt lat="28.500592997297645" lon="-16.260610017925501">
        <ele>153.69999999999999</ele>
      </trkpt>
      <trkpt lat="28.500616969540715" lon="-16.260613035410643">
        <ele>153</ele>
      </trkpt>
      <trkpt lat="28.50062501616776" lon="-16.260623009875417">
        <ele>152.30000000000001</ele>
      </trkpt>
      <trkpt lat="28.500620992854238" lon="-16.260637007653713">
        <ele>152</ele>
      </trkpt>
      <trkpt lat="28.500597020611167" lon="-16.260642036795616">
        <ele>152</ele>
      </trkpt>
      <trkpt lat="28.500573970377445" lon="-16.260642036795616">
        <ele>150.90000000000001</ele>
      </trkpt>
      <trkpt lat="28.500537006184459" lon="-16.260642958804965">
        <ele>150.19999999999999</ele>
      </trkpt>
      <trkpt lat="28.500467017292976" lon="-16.260624015703797">
        <ele>150.69999999999999</ele>
      </trkpt>
      <trkpt lat="28.500438015908003" lon="-16.260623009875417">
        <ele>149.69999999999999</ele>
      </trkpt>
      <trkpt lat="28.500438015908003" lon="-16.260632984340191">
        <ele>149.19999999999999</ele>
      </trkpt>
      <trkpt lat="28.500465005636215" lon="-16.260644970461726">
        <ele>149.59999999999999</ele>
      </trkpt>
      <trkpt lat="28.500471040606499" lon="-16.260647987946868">
        <ele>149.59999999999999</ele>
      </trkpt>
      <trkpt lat="28.500479003414512" lon="-16.260653017088771">
        <ele>149.80000000000001</ele>
      </trkpt>
      <trkpt lat="28.500476991757751" lon="-16.260658968240023">
        <ele>149.40000000000001</ele>
      </trkpt>
      <trkpt lat="28.500458970665932" lon="-16.260661985725164">
        <ele>148.69999999999999</ele>
      </trkpt>
      <trkpt lat="28.500408008694649" lon="-16.260665003210306">
        <ele>147.90000000000001</ele>
      </trkpt>
      <trkpt lat="28.500358974561095" lon="-16.260667014867067">
        <ele>145.40000000000001</ele>
      </trkpt>
      <trkpt lat="28.500309018418193" lon="-16.260685035958886">
        <ele>144.59999999999999</ele>
      </trkpt>
      <trkpt lat="28.50008899345994" lon="-16.260632984340191">
        <ele>140.80000000000001</ele>
      </trkpt>
      <trkpt lat="28.499899981543422" lon="-16.260640025138855">
        <ele>137.30000000000001</ele>
      </trkpt>
      <trkpt lat="28.499807026237249" lon="-16.260689981281757">
        <ele>136.30000000000001</ele>
      </trkpt>
      <trkpt lat="28.499733014032245" lon="-16.260706996545196">
        <ele>135.90000000000001</ele>
      </trkpt>
      <trkpt lat="28.499587001278996" lon="-16.26071403734386">
        <ele>134.69999999999999</ele>
      </trkpt>
      <trkpt lat="28.499450040981174" lon="-16.260514967143536">
        <ele>134.30000000000001</ele>
      </trkpt>
      <trkpt lat="28.499276032671332" lon="-16.260231994092464">
        <ele>133.80000000000001</ele>
      </trkpt>
      <trkpt lat="28.499066988006234" lon="-16.259923037141562">
        <ele>131.90000000000001</ele>
      </trkpt>
      <trkpt lat="28.498989958316088" lon="-16.259854976087809">
        <ele>131.19999999999999</ele>
      </trkpt>
      <trkpt lat="28.498912006616592" lon="-16.259754979982972">
        <ele>130.19999999999999</ele>
      </trkpt>
      <trkpt lat="28.498787032440305" lon="-16.259545013308525">
        <ele>127.59999999999999</ele>
      </trkpt>
      <trkpt lat="28.498685024678707" lon="-16.259357007220387">
        <ele>125.09999999999999</ele>
      </trkpt>
      <trkpt lat="28.498650994151831" lon="-16.259282995015383">
        <ele>123.90000000000001</ele>
      </trkpt>
      <trkpt lat="28.498481009155512" lon="-16.25897797755897">
        <ele>118.09999999999999</ele>
      </trkpt>
      <trkpt lat="28.498408002778888" lon="-16.258865995332599">
        <ele>115.8</ele>
      </trkpt>
      <trkpt lat="28.498357040807605" lon="-16.258836993947625">
        <ele>114.7</ele>
      </trkpt>
      <trkpt lat="28.498270958662033" lon="-16.258821990340948">
        <ele>111.2</ele>
      </trkpt>
      <trkpt lat="28.49821999669075" lon="-16.258821990340948">
        <ele>113.8</ele>
      </trkpt>
      <trkpt lat="28.498165011405945" lon="-16.258715037256479">
        <ele>114.59999999999999</ele>
      </trkpt>
      <trkpt lat="28.498122012242675" lon="-16.258604982867837">
        <ele>115.8</ele>
      </trkpt>
      <trkpt lat="28.498073983937502" lon="-16.258389987051487">
        <ele>115.7</ele>
      </trkpt>
      <trkpt lat="28.498017992824316" lon="-16.258175997063518">
        <ele>117</ele>
      </trkpt>
      <trkpt lat="28.497997038066387" lon="-16.258084969595075">
        <ele>116.8</ele>
      </trkpt>
      <trkpt lat="28.497908022254705" lon="-16.257833009585738">
        <ele>116.3</ele>
      </trkpt>
      <trkpt lat="28.497773995622993" lon="-16.257497984915972">
        <ele>115.5</ele>
      </trkpt>
      <trkpt lat="28.497620020061731" lon="-16.257224986329675">
        <ele>113.40000000000001</ele>
      </trkpt>
      <trkpt lat="28.497491022571921" lon="-16.256994986906648">
        <ele>110.59999999999999</ele>
      </trkpt>
      <trkpt lat="28.497385997325182" lon="-16.256812009960413">
        <ele>108</ele>
      </trkpt>
      <trkpt lat="28.497160021215677" lon="-16.256491988897324">
        <ele>103.3</ele>
      </trkpt>
      <trkpt lat="28.497103024274111" lon="-16.256370032206178">
        <ele>101.3</ele>
      </trkpt>
      <trkpt lat="28.497046027332544" lon="-16.25622502528131">
        <ele>100.3</ele>
      </trkpt>
      <trkpt lat="28.496919963508844" lon="-16.25605596229434">
        <ele>99.5</ele>
      </trkpt>
      <trkpt lat="28.496812004595995" lon="-16.25596895813942">
        <ele>99</ele>
      </trkpt>
      <trkpt lat="28.496644031256437" lon="-16.255872985348105">
        <ele>99.400000000000006</ele>
      </trkpt>
      <trkpt lat="28.49645895883441" lon="-16.255796039476991">
        <ele>98.799999999999997</ele>
      </trkpt>
      <trkpt lat="28.496316969394684" lon="-16.255743987858295">
        <ele>97.400000000000006</ele>
      </trkpt>
      <trkpt lat="28.49619903601706" lon="-16.255710041150451">
        <ele>95.5</ele>
      </trkpt>
      <trkpt lat="28.496128041297197" lon="-16.255703000351787">
        <ele>95</ele>
      </trkpt>
      <trkpt lat="28.49587700329721" lon="-16.25575203448534">
        <ele>93.400000000000006</ele>
      </trkpt>
      <trkpt lat="28.495714981108904" lon="-16.255780030041933">
        <ele>93.299999999999997</ele>
      </trkpt>
      <trkpt lat="28.495536027476192" lon="-16.255792016163468">
        <ele>93.5</ele>
      </trkpt>
      <trkpt lat="28.495385991409421" lon="-16.255791010335088">
        <ele>93.099999999999994</ele>
      </trkpt>
      <trkpt lat="28.495273003354669" lon="-16.255780030041933">
        <ele>92.099999999999994</ele>
      </trkpt>
      <trkpt lat="28.495138976722956" lon="-16.255721021443605">
        <ele>90.400000000000006</ele>
      </trkpt>
      <trkpt lat="28.495026994496584" lon="-16.255671987310052">
        <ele>89.200000000000003</ele>
      </trkpt>
      <trkpt lat="28.494982989504933" lon="-16.255621025338769">
        <ele>88.5</ele>
      </trkpt>
      <trkpt lat="28.494973015040159" lon="-16.255546007305384">
        <ele>86</ele>
      </trkpt>
      <trkpt lat="28.494960023090243" lon="-16.255468977615237">
        <ele>89.099999999999994</ele>
      </trkpt>
      <trkpt lat="28.494917023926973" lon="-16.255436036735773">
        <ele>88.5</ele>
      </trkpt>
      <trkpt lat="28.494811998680234" lon="-16.255405023694038">
        <ele>86.700000000000003</ele>
      </trkpt>
      <trkpt lat="28.49469699896872" lon="-16.255348026752472">
        <ele>84.799999999999997</ele>
      </trkpt>
      <trkpt lat="28.494646036997437" lon="-16.255268985405564">
        <ele>83.799999999999997</ele>
      </trkpt>
      <trkpt lat="28.494618963450193" lon="-16.255178041756153">
        <ele>82.200000000000003</ele>
      </trkpt>
      <trkpt lat="28.49463396705687" lon="-16.255096988752484">
        <ele>81.900000000000006</ele>
      </trkpt>
      <trkpt lat="28.494724994525313" lon="-16.254671020433307">
        <ele>81.400000000000006</ele>
      </trkpt>
      <trkpt lat="28.49473999813199" lon="-16.254583010450006">
        <ele>81.200000000000003</ele>
      </trkpt>
      <trkpt lat="28.494747038930655" lon="-16.25444102101028">
        <ele>80.099999999999994</ele>
      </trkpt>
      <trkpt lat="28.494751984253526" lon="-16.254274975508451">
        <ele>79.099999999999994</ele>
      </trkpt>
      <trkpt lat="28.494770005345345" lon="-16.254060985520482">
        <ele>77.900000000000006</ele>
      </trkpt>
      <trkpt lat="28.494791965931654" lon="-16.253806008026004">
        <ele>76.5</ele>
      </trkpt>
      <trkpt lat="28.494800012558699" lon="-16.253641974180937">
        <ele>77</ele>
      </trkpt>
      <trkpt lat="28.494790038093925" lon="-16.253525968641043">
        <ele>77.799999999999997</ele>
      </trkpt>
      <trkpt lat="28.494726000353694" lon="-16.25334701500833">
        <ele>77.799999999999997</ele>
      </trkpt>
      <trkpt lat="28.49467403255403" lon="-16.253228997811675">
        <ele>78.400000000000006</ele>
      </trkpt>
      <trkpt lat="28.494410002604127" lon="-16.252953987568617">
        <ele>75.700000000000003</ele>
      </trkpt>
      <trkpt lat="28.494297014549375" lon="-16.252854997292161">
        <ele>75.299999999999997</ele>
      </trkpt>
      <trkpt lat="28.493823017925024" lon="-16.252618040889502">
        <ele>73.400000000000006</ele>
      </trkpt>
      <trkpt lat="28.493743976578116" lon="-16.252592978999019">
        <ele>72.700000000000003</ele>
      </trkpt>
      <trkpt lat="28.492849040776491" lon="-16.252368008717895">
        <ele>66.799999999999997</ele>
      </trkpt>
      <trkpt lat="28.492680983617902" lon="-16.252289973199368">
        <ele>65.5</ele>
      </trkpt>
      <trkpt lat="28.492542011663318" lon="-16.252205986529589">
        <ele>64.900000000000006</ele>
      </trkpt>
      <trkpt lat="28.492358028888702" lon="-16.251984033733606">
        <ele>64.200000000000003</ele>
      </trkpt>
      <trkpt lat="28.492146972566843" lon="-16.251766020432115">
        <ele>83.826999999999998</ele>
        <time>2022-09-19T19:09:29Z</time>
      </trkpt>
      <trkpt lat="28.490403033792973" lon="-16.250547040253878">
        <ele>74.623000000000005</ele>
        <time>2022-09-19T19:11:10Z</time>
      </trkpt>
      <trkpt lat="28.489626031368971" lon="-16.249741958454251">
        <ele>70.632999999999996</ele>
        <time>2022-09-19T19:12:19Z</time>
      </trkpt>
      <trkpt lat="28.489244990050793" lon="-16.249597035348415">
        <ele>69.668000000000006</ele>
        <time>2022-09-19T19:12:45Z</time>
      </trkpt>
      <trkpt lat="28.488995041698217" lon="-16.249208031222224">
        <ele>67.641999999999996</ele>
        <time>2022-09-19T19:13:13Z</time>
      </trkpt>
      <trkpt lat="28.488421970978379" lon="-16.248806035146117">
        <ele>65.620999999999995</ele>
        <time>2022-09-19T19:14:12Z</time>
      </trkpt>
      <trkpt lat="28.48809901624918" lon="-16.248626997694373">
        <ele>64.688999999999993</ele>
        <time>2022-09-19T19:14:32Z</time>
      </trkpt>
      <trkpt lat="28.486837958917022" lon="-16.248390041291714">
        <ele>59.606000000000002</ele>
        <time>2022-09-19T19:16:12Z</time>
      </trkpt>
      <trkpt lat="28.483958020806313" lon="-16.246360028162599">
        <ele>46.625999999999998</ele>
        <time>2022-09-19T19:19:39Z</time>
      </trkpt>
      <trkpt lat="28.482927968725562" lon="-16.245273984968662">
        <ele>44.009</ele>
        <time>2022-09-19T19:20:43Z</time>
      </trkpt>
      <trkpt lat="28.482387000694871" lon="-16.244465969502926">
        <ele>43.478999999999999</ele>
        <time>2022-09-19T19:21:24Z</time>
      </trkpt>
      <trkpt lat="28.48195499740541" lon="-16.244167992845178">
        <ele>41.819000000000003</ele>
        <time>2022-09-19T19:21:55Z</time>
      </trkpt>
      <trkpt lat="28.482140991836786" lon="-16.24464500695467">
        <ele>36.811999999999998</ele>
        <time>2022-09-19T19:22:25Z</time>
      </trkpt>
      <trkpt lat="28.481946028769016" lon="-16.244549034163356">
        <ele>35.097999999999999</ele>
        <time>2022-09-19T19:22:41Z</time>
      </trkpt>
      <trkpt lat="28.481436995789409" lon="-16.244184002280235">
        <ele>33.494</ele>
        <time>2022-09-19T19:23:11Z</time>
      </trkpt>
      <trkpt lat="28.480810029432178" lon="-16.243388978764415">
        <ele>28.614000000000001</ele>
        <time>2022-09-19T19:23:51Z</time>
      </trkpt>
      <trkpt lat="28.478828966617584" lon="-16.242767963558435">
        <ele>28.248999999999999</ele>
        <time>2022-09-19T19:25:30Z</time>
      </trkpt>
      <trkpt lat="28.47823997028172" lon="-16.242189025506377">
        <ele>26.882999999999999</ele>
        <time>2022-09-19T19:26:10Z</time>
      </trkpt>
      <trkpt lat="28.478617994114757" lon="-16.242799982428551">
        <ele>32.031999999999996</ele>
        <time>2022-09-19T19:27:02Z</time>
      </trkpt>
      <trkpt lat="28.478338960558176" lon="-16.242894027382135">
        <ele>32.255000000000003</ele>
        <time>2022-09-19T19:27:18Z</time>
      </trkpt>
      <trkpt lat="28.478457983583212" lon="-16.243345979601145">
        <ele>33.207000000000001</ele>
        <time>2022-09-19T19:28:00Z</time>
      </trkpt>
      <trkpt lat="28.477090978994966" lon="-16.245168037712574">
        <ele>33.216999999999999</ele>
        <time>2022-09-19T19:29:30Z</time>
      </trkpt>
      <trkpt lat="28.476015999913216" lon="-16.246109995990992">
        <ele>34.009</ele>
        <time>2022-09-19T19:30:29Z</time>
      </trkpt>
      <trkpt lat="28.474978990852833" lon="-16.246531018987298">
        <ele>33.625999999999998</ele>
        <time>2022-09-19T19:31:14Z</time>
      </trkpt>
      <trkpt lat="28.471558000892401" lon="-16.247122026979923">
        <ele>33.866</ele>
        <time>2022-09-19T19:33:24Z</time>
      </trkpt>
    </trkseg>
  </trk>

</gpx>