<?xml version="1.0" encoding="utf-8"?><gpx creator="Garmin Desktop App" version="1.1" xsi:schemaLocation="http://www.topografix.com/GPX/1/1 http://www.topografix.com/GPX/1/1/gpx.xsd http://www.garmin.com/xmlschemas/WaypointExtension/v1 http://www8.garmin.com/xmlschemas/WaypointExtensionv1.xsd http://www.garmin.com/xmlschemas/TrackPointExtension/v1 http://www.garmin.com/xmlschemas/TrackPointExtensionv1.xsd http://www.garmin.com/xmlschemas/GpxExtensions/v3 http://www8.garmin.com/xmlschemas/GpxExtensionsv3.xsd http://www.garmin.com/xmlschemas/ActivityExtension/v1 http://www8.garmin.com/xmlschemas/ActivityExtensionv1.xsd http://www.garmin.com/xmlschemas/AdventuresExtensions/v1 http://www8.garmin.com/xmlschemas/AdventuresExtensionv1.xsd http://www.garmin.com/xmlschemas/PressureExtension/v1 http://www.garmin.com/xmlschemas/PressureExtensionv1.xsd http://www.garmin.com/xmlschemas/TripExtensions/v1 http://www.garmin.com/xmlschemas/TripExtensionsv1.xsd http://www.garmin.com/xmlschemas/TripMetaDataExtensions/v1 http://www.garmin.com/xmlschemas/TripMetaDataExtensionsv1.xsd http://www.garmin.com/xmlschemas/ViaPointTransportationModeExtensions/v1 http://www.garmin.com/xmlschemas/ViaPointTransportationModeExtensionsv1.xsd http://www.garmin.com/xmlschemas/CreationTimeExtension/v1 http://www.garmin.com/xmlschemas/CreationTimeExtensionsv1.xsd http://www.garmin.com/xmlschemas/AccelerationExtension/v1 http://www.garmin.com/xmlschemas/AccelerationExtensionv1.xsd http://www.garmin.com/xmlschemas/PowerExtension/v1 http://www.garmin.com/xmlschemas/PowerExtensionv1.xsd http://www.garmin.com/xmlschemas/VideoExtension/v1 http://www.garmin.com/xmlschemas/VideoExtensionv1.xsd" xmlns="http://www.topografix.com/GPX/1/1" xmlns:xsi="http://www.w3.org/2001/XMLSchema-instance" xmlns:wptx1="http://www.garmin.com/xmlschemas/WaypointExtension/v1" xmlns:gpxtrx="http://www.garmin.com/xmlschemas/GpxExtensions/v3" xmlns:gpxtpx="http://www.garmin.com/xmlschemas/TrackPointExtension/v1" xmlns:gpxx="http://www.garmin.com/xmlschemas/GpxExtensions/v3" xmlns:trp="http://www.garmin.com/xmlschemas/TripExtensions/v1" xmlns:adv="http://www.garmin.com/xmlschemas/AdventuresExtensions/v1" xmlns:prs="http://www.garmin.com/xmlschemas/PressureExtension/v1" xmlns:tmd="http://www.garmin.com/xmlschemas/TripMetaDataExtensions/v1" xmlns:vptm="http://www.garmin.com/xmlschemas/ViaPointTransportationModeExtensions/v1" xmlns:ctx="http://www.garmin.com/xmlschemas/CreationTimeExtension/v1" xmlns:gpxacc="http://www.garmin.com/xmlschemas/AccelerationExtension/v1" xmlns:gpxpx="http://www.garmin.com/xmlschemas/PowerExtension/v1" xmlns:vidx1="http://www.garmin.com/xmlschemas/VideoExtension/v1">

  <metadata>
    <link href="http://www.garmin.com">
      <text>Garmin International</text>
    </link>
    <time>2023-04-24T12:25:52Z</time>
    <bounds maxlat="28.526644958183169" maxlon="-16.242189025506377" minlat="28.471558000892401" minlon="-16.261852970346808" />
  </metadata>

  <trk>
    <name>Anaga10</name>
    <extensions>
      <gpxx:TrackExtension>
        <gpxx:DisplayColor>Green</gpxx:DisplayColor>
      </gpxx:TrackExtension>
    </extensions>
    <trkseg>
      <trkpt lat="28.524476978927851" lon="-16.254584016278386">
        <ele>595.70000000000005</ele>
      </trkpt>
      <trkpt lat="28.524476978927851" lon="-16.254584016278386">
        <ele>595.70000000000005</ele>
      </trkpt>
      <trkpt lat="28.52443196810782" lon="-16.254866989329457">
        <ele>598.20000000000005</ele>
      </trkpt>
      <trkpt lat="28.524420987814665" lon="-16.254996992647648">
        <ele>599.20000000000005</ele>
      </trkpt>
      <trkpt lat="28.524424005299807" lon="-16.255083996802568">
        <ele>599.5</ele>
      </trkpt>
      <trkpt lat="28.524411013349891" lon="-16.255204025655985">
        <ele>599.79999999999995</ele>
      </trkpt>
      <trkpt lat="28.524378994479775" lon="-16.255370993167162">
        <ele>600.60000000000002</ele>
      </trkpt>
      <trkpt lat="28.524312023073435" lon="-16.255710041150451">
        <ele>602.39999999999998</ele>
      </trkpt>
      <trkpt lat="28.524307999759912" lon="-16.255777012556791">
        <ele>602.60000000000002</ele>
      </trkpt>
      <trkpt lat="28.524307999759912" lon="-16.255777012556791">
        <ele>602.60000000000002</ele>
      </trkpt>
      <trkpt lat="28.524288972839713" lon="-16.255809031426907">
        <ele>602.70000000000005</ele>
      </trkpt>
      <trkpt lat="28.524268018081784" lon="-16.25585999339819">
        <ele>604.29999999999995</ele>
      </trkpt>
      <trkpt lat="28.52426097728312" lon="-16.255887988954782">
        <ele>604.89999999999998</ele>
      </trkpt>
      <trkpt lat="28.524258965626359" lon="-16.255899975076318">
        <ele>605.20000000000005</ele>
      </trkpt>
      <trkpt lat="28.524257959797978" lon="-16.255909027531743">
        <ele>605.29999999999995</ele>
      </trkpt>
      <trkpt lat="28.52425703778863" lon="-16.255916990339756">
        <ele>605.5</ele>
      </trkpt>
      <trkpt lat="28.524257959797978" lon="-16.255925036966801">
        <ele>605.70000000000005</ele>
      </trkpt>
      <trkpt lat="28.524257959797978" lon="-16.255934005603194">
        <ele>605.89999999999998</ele>
      </trkpt>
      <trkpt lat="28.524257959797978" lon="-16.255940962582827">
        <ele>606</ele>
      </trkpt>
      <trkpt lat="28.524257959797978" lon="-16.255948003381491">
        <ele>606.10000000000002</ele>
      </trkpt>
      <trkpt lat="28.52425703778863" lon="-16.255954038351774">
        <ele>606.20000000000005</ele>
      </trkpt>
      <trkpt lat="28.524256031960249" lon="-16.255959989503026">
        <ele>606.29999999999995</ele>
      </trkpt>
      <trkpt lat="28.524254020303488" lon="-16.255965018644929">
        <ele>606.29999999999995</ele>
      </trkpt>
      <trkpt lat="28.524253014475107" lon="-16.255971975624561">
        <ele>606.39999999999998</ele>
      </trkpt>
      <trkpt lat="28.524249996989965" lon="-16.255981028079987">
        <ele>606.39999999999998</ele>
      </trkpt>
      <trkpt lat="28.524247985333204" lon="-16.255988990888">
        <ele>606.5</ele>
      </trkpt>
      <trkpt lat="28.524244967848063" lon="-16.255996031686664">
        <ele>606.60000000000002</ele>
      </trkpt>
      <trkpt lat="28.524241028353572" lon="-16.256003994494677">
        <ele>606.70000000000005</ele>
      </trkpt>
      <trkpt lat="28.52423801086843" lon="-16.256015980616212">
        <ele>607</ele>
      </trkpt>
      <trkpt lat="28.524234993383288" lon="-16.256026038900018">
        <ele>607.20000000000005</ele>
      </trkpt>
      <trkpt lat="28.524232981726527" lon="-16.256039030849934">
        <ele>607.39999999999998</ele>
      </trkpt>
      <trkpt lat="28.524230970069766" lon="-16.25605202279985">
        <ele>607.60000000000002</ele>
      </trkpt>
      <trkpt lat="28.524229964241385" lon="-16.256072977557778">
        <ele>607.79999999999995</ele>
      </trkpt>
      <trkpt lat="28.524229964241385" lon="-16.256090998649597">
        <ele>607.79999999999995</ele>
      </trkpt>
      <trkpt lat="28.524229964241385" lon="-16.256103990599513">
        <ele>607.89999999999998</ele>
      </trkpt>
      <trkpt lat="28.524231975898147" lon="-16.256116982549429">
        <ele>608.20000000000005</ele>
      </trkpt>
      <trkpt lat="28.524231975898147" lon="-16.256130980327725">
        <ele>608.29999999999995</ele>
      </trkpt>
      <trkpt lat="28.524232981726527" lon="-16.256144978106022">
        <ele>608.5</ele>
      </trkpt>
      <trkpt lat="28.524232981726527" lon="-16.256155036389828">
        <ele>608.5</ele>
      </trkpt>
      <trkpt lat="28.524233987554908" lon="-16.256167022511363">
        <ele>608.70000000000005</ele>
      </trkpt>
      <trkpt lat="28.524233987554908" lon="-16.256184037774801">
        <ele>609</ele>
      </trkpt>
      <trkpt lat="28.524233987554908" lon="-16.256198035553098">
        <ele>609.20000000000005</ele>
      </trkpt>
      <trkpt lat="28.524232981726527" lon="-16.256209015846252">
        <ele>609.20000000000005</ele>
      </trkpt>
      <trkpt lat="28.524232981726527" lon="-16.25622502528131">
        <ele>609.5</ele>
      </trkpt>
      <trkpt lat="28.524234993383288" lon="-16.256240028887987">
        <ele>610.10000000000002</ele>
      </trkpt>
      <trkpt lat="28.524235999211669" lon="-16.256254026666284">
        <ele>610.29999999999995</ele>
      </trkpt>
      <trkpt lat="28.52423700504005" lon="-16.256265006959438">
        <ele>610.5</ele>
      </trkpt>
      <trkpt lat="28.52423801086843" lon="-16.256276993080974">
        <ele>610.79999999999995</ele>
      </trkpt>
      <trkpt lat="28.524239016696811" lon="-16.256286967545748">
        <ele>610.89999999999998</ele>
      </trkpt>
      <trkpt lat="28.524240022525191" lon="-16.256299037486315">
        <ele>611</ele>
      </trkpt>
      <trkpt lat="28.524241028353572" lon="-16.256310017779469">
        <ele>611.29999999999995</ele>
      </trkpt>
      <trkpt lat="28.524243962019682" lon="-16.256322003901005">
        <ele>611.60000000000002</ele>
      </trkpt>
      <trkpt lat="28.524246979504824" lon="-16.256340024992824">
        <ele>612</ele>
      </trkpt>
      <trkpt lat="28.524252008646727" lon="-16.256360979750752">
        <ele>612.39999999999998</ele>
      </trkpt>
      <trkpt lat="28.524255026131868" lon="-16.25637698918581">
        <ele>612.60000000000002</ele>
      </trkpt>
      <trkpt lat="28.524257959797978" lon="-16.256390986964107">
        <ele>612.79999999999995</ele>
      </trkpt>
      <trkpt lat="28.524243962019682" lon="-16.256454018875957">
        <ele>615</ele>
      </trkpt>
      <trkpt lat="28.524243040010333" lon="-16.256468016654253">
        <ele>615.29999999999995</ele>
      </trkpt>
      <trkpt lat="28.524241028353572" lon="-16.256480002775788">
        <ele>615.5</ele>
      </trkpt>
      <trkpt lat="28.524241028353572" lon="-16.256492994725704">
        <ele>615.79999999999995</ele>
      </trkpt>
      <trkpt lat="28.524239016696811" lon="-16.256512021645904">
        <ele>616.79999999999995</ele>
      </trkpt>
      <trkpt lat="28.524239016696811" lon="-16.256520990282297">
        <ele>617.89999999999998</ele>
      </trkpt>
      <trkpt lat="28.52423700504005" lon="-16.256529036909342">
        <ele>618.10000000000002</ele>
      </trkpt>
      <trkpt lat="28.524234993383288" lon="-16.256540017202497">
        <ele>617.70000000000005</ele>
      </trkpt>
      <trkpt lat="28.524228958413005" lon="-16.256550997495651">
        <ele>617.60000000000002</ele>
      </trkpt>
      <trkpt lat="28.524223007261753" lon="-16.256566001102328">
        <ele>617.89999999999998</ele>
      </trkpt>
      <trkpt lat="28.52421697229147" lon="-16.256576981395483">
        <ele>618.39999999999998</ele>
      </trkpt>
      <trkpt lat="28.524213032796979" lon="-16.256587039679289">
        <ele>618.70000000000005</ele>
      </trkpt>
      <trkpt lat="28.524209009483457" lon="-16.256593996658921">
        <ele>618.60000000000002</ele>
      </trkpt>
      <trkpt lat="28.524205991998315" lon="-16.256600031629205">
        <ele>618.60000000000002</ele>
      </trkpt>
      <trkpt lat="28.524202974513173" lon="-16.256604976952076">
        <ele>618.29999999999995</ele>
      </trkpt>
      <trkpt lat="28.524199035018682" lon="-16.256611011922359">
        <ele>618.70000000000005</ele>
      </trkpt>
      <trkpt lat="28.52419501170516" lon="-16.256617968901992">
        <ele>619.20000000000005</ele>
      </trkpt>
      <trkpt lat="28.524188976734877" lon="-16.256625009700656">
        <ele>619.39999999999998</ele>
      </trkpt>
      <trkpt lat="28.524185959249735" lon="-16.256630038842559">
        <ele>619.60000000000002</ele>
      </trkpt>
      <trkpt lat="28.524184031412005" lon="-16.256635989993811">
        <ele>620.10000000000002</ele>
      </trkpt>
      <trkpt lat="28.524181013926864" lon="-16.256643030792475">
        <ele>620.70000000000005</ele>
      </trkpt>
      <trkpt lat="28.524177996441722" lon="-16.256650993600488">
        <ele>620.89999999999998</ele>
      </trkpt>
      <trkpt lat="28.524172967299819" lon="-16.256662979722023">
        <ele>620.89999999999998</ele>
      </trkpt>
      <trkpt lat="28.524168021976948" lon="-16.256674965843558">
        <ele>620.89999999999998</ele>
      </trkpt>
      <trkpt lat="28.524161987006664" lon="-16.256685024127364">
        <ele>621</ele>
      </trkpt>
      <trkpt lat="28.524153018370271" lon="-16.256701033562422">
        <ele>621.89999999999998</ele>
      </trkpt>
      <trkpt lat="28.524146983399987" lon="-16.256708996370435">
        <ele>621.89999999999998</ele>
      </trkpt>
      <trkpt lat="28.524143965914845" lon="-16.256715031340718">
        <ele>622.10000000000002</ele>
      </trkpt>
      <trkpt lat="28.524140026420355" lon="-16.256722994148731">
        <ele>622.39999999999998</ele>
      </trkpt>
      <trkpt lat="28.524138014763594" lon="-16.256729029119015">
        <ele>622.60000000000002</ele>
      </trkpt>
      <trkpt lat="28.524134997278452" lon="-16.256735986098647">
        <ele>623.10000000000002</ele>
      </trkpt>
      <trkpt lat="28.52413097396493" lon="-16.256742021068931">
        <ele>623.20000000000005</ele>
      </trkpt>
      <trkpt lat="28.524127034470439" lon="-16.256746966391802">
        <ele>623.10000000000002</ele>
      </trkpt>
      <trkpt lat="28.524124016985297" lon="-16.256754007190466">
        <ele>623.5</ele>
      </trkpt>
      <trkpt lat="28.524118987843394" lon="-16.256759036332369">
        <ele>623.89999999999998</ele>
      </trkpt>
      <trkpt lat="28.524114964529872" lon="-16.256762975826859">
        <ele>624</ele>
      </trkpt>
      <trkpt lat="28.524110019207001" lon="-16.256770016625524">
        <ele>624.20000000000005</ele>
      </trkpt>
      <trkpt lat="28.524104990065098" lon="-16.256778985261917">
        <ele>624.5</ele>
      </trkpt>
      <trkpt lat="28.524096021428704" lon="-16.256790971383452">
        <ele>624.79999999999995</ele>
      </trkpt>
      <trkpt lat="28.524086968973279" lon="-16.256803041324019">
        <ele>625.20000000000005</ele>
      </trkpt>
      <trkpt lat="28.524076994508505" lon="-16.256815027445555">
        <ele>625.79999999999995</ele>
      </trkpt>
      <trkpt lat="28.524067020043731" lon="-16.256826007738709">
        <ele>626.10000000000002</ele>
      </trkpt>
      <trkpt lat="28.524055033922195" lon="-16.256841011345387">
        <ele>626.79999999999995</ele>
      </trkpt>
      <trkpt lat="28.524046987295151" lon="-16.256851991638541">
        <ele>626.70000000000005</ele>
      </trkpt>
      <trkpt lat="28.524041958153248" lon="-16.256860038265586">
        <ele>627.20000000000005</ele>
      </trkpt>
      <trkpt lat="28.524037012830377" lon="-16.256865989416838">
        <ele>627.70000000000005</ele>
      </trkpt>
      <trkpt lat="28.524028966203332" lon="-16.256878981366754">
        <ele>627.89999999999998</ele>
      </trkpt>
      <trkpt lat="28.52402301505208" lon="-16.256888033822179">
        <ele>628.10000000000002</ele>
      </trkpt>
      <trkpt lat="28.524019997566938" lon="-16.256893984973431">
        <ele>628.29999999999995</ele>
      </trkpt>
      <trkpt lat="28.524018991738558" lon="-16.256895996630192">
        <ele>628.29999999999995</ele>
      </trkpt>
      <trkpt lat="28.523999964818358" lon="-16.256926003843546">
        <ele>629.20000000000005</ele>
      </trkpt>
      <trkpt lat="28.523993007838726" lon="-16.256933966651559">
        <ele>629.5</ele>
      </trkpt>
      <trkpt lat="28.523984039202332" lon="-16.256946958601475">
        <ele>629.79999999999995</ele>
      </trkpt>
      <trkpt lat="28.523976998403668" lon="-16.256957016885281">
        <ele>630.29999999999995</ele>
      </trkpt>
      <trkpt lat="28.523969035595655" lon="-16.256966991350055">
        <ele>630.70000000000005</ele>
      </trkpt>
      <trkpt lat="28.523960988968611" lon="-16.256976965814829">
        <ele>631.20000000000005</ele>
      </trkpt>
      <trkpt lat="28.523954031988978" lon="-16.256986018270254">
        <ele>631.70000000000005</ele>
      </trkpt>
      <trkpt lat="28.523944979533553" lon="-16.256993981078267">
        <ele>631.29999999999995</ele>
      </trkpt>
      <trkpt lat="28.523931987583637" lon="-16.257003033533692">
        <ele>631.79999999999995</ele>
      </trkpt>
      <trkpt lat="28.523923018947244" lon="-16.257012002170086">
        <ele>631.89999999999998</ele>
      </trkpt>
      <trkpt lat="28.523914972320199" lon="-16.257018037140369">
        <ele>632.29999999999995</ele>
      </trkpt>
      <trkpt lat="28.523906003683805" lon="-16.257025999948382">
        <ele>632.29999999999995</ele>
      </trkpt>
      <trkpt lat="28.523898040875793" lon="-16.257033040747046">
        <ele>632.60000000000002</ele>
      </trkpt>
      <trkpt lat="28.52389301173389" lon="-16.257036980241537">
        <ele>632.79999999999995</ele>
      </trkpt>
      <trkpt lat="28.523891000077128" lon="-16.257041003555059">
        <ele>632.89999999999998</ele>
      </trkpt>
      <trkpt lat="28.523886976763606" lon="-16.257046032696962">
        <ele>633.10000000000002</ele>
      </trkpt>
      <trkpt lat="28.523883959278464" lon="-16.257053995504975">
        <ele>633.39999999999998</ele>
      </trkpt>
      <trkpt lat="28.523883959278464" lon="-16.257059024646878">
        <ele>633.70000000000005</ele>
      </trkpt>
      <trkpt lat="28.523883959278464" lon="-16.257062964141369">
        <ele>633.89999999999998</ele>
      </trkpt>
      <trkpt lat="28.523884965106845" lon="-16.257067993283272">
        <ele>634.20000000000005</ele>
      </trkpt>
      <trkpt lat="28.523888988420367" lon="-16.257068999111652">
        <ele>634.39999999999998</ele>
      </trkpt>
      <trkpt lat="28.52389401756227" lon="-16.257068999111652">
        <ele>634.60000000000002</ele>
      </trkpt>
      <trkpt lat="28.523897035047412" lon="-16.257068999111652">
        <ele>634.79999999999995</ele>
      </trkpt>
      <trkpt lat="28.523899968713522" lon="-16.257068999111652">
        <ele>635</ele>
      </trkpt>
      <trkpt lat="28.523903992027044" lon="-16.257065981626511">
        <ele>635</ele>
      </trkpt>
      <trkpt lat="28.523912038654089" lon="-16.257061958312988">
        <ele>635.60000000000002</ele>
      </trkpt>
      <trkpt lat="28.523923018947244" lon="-16.257056007161736">
        <ele>636.20000000000005</ele>
      </trkpt>
      <trkpt lat="28.523931987583637" lon="-16.257051983848214">
        <ele>636.10000000000002</ele>
      </trkpt>
      <trkpt lat="28.523939028382301" lon="-16.257047960534692">
        <ele>636</ele>
      </trkpt>
      <trkpt lat="28.523950008675456" lon="-16.257043015211821">
        <ele>635.89999999999998</ele>
      </trkpt>
      <trkpt lat="28.523960988968611" lon="-16.257036980241537">
        <ele>636.10000000000002</ele>
      </trkpt>
      <trkpt lat="28.523970963433385" lon="-16.257033040747046">
        <ele>636.70000000000005</ele>
      </trkpt>
      <trkpt lat="28.523981021717191" lon="-16.257028011605144">
        <ele>637.20000000000005</ele>
      </trkpt>
      <trkpt lat="28.524012034758925" lon="-16.257020970806479">
        <ele>638.20000000000005</ele>
      </trkpt>
      <trkpt lat="28.524018991738558" lon="-16.257018959149718">
        <ele>638.39999999999998</ele>
      </trkpt>
      <trkpt lat="28.524031983688474" lon="-16.257018959149718">
        <ele>638.79999999999995</ele>
      </trkpt>
      <trkpt lat="28.524047993123531" lon="-16.257016025483608">
        <ele>639.29999999999995</ele>
      </trkpt>
      <trkpt lat="28.524060985073447" lon="-16.257015019655228">
        <ele>639.60000000000002</ele>
      </trkpt>
      <trkpt lat="28.524069031700492" lon="-16.257014013826847">
        <ele>639.70000000000005</ele>
      </trkpt>
      <trkpt lat="28.524075988680124" lon="-16.257013007998466">
        <ele>639.70000000000005</ele>
      </trkpt>
      <trkpt lat="28.524082023650408" lon="-16.257014013826847">
        <ele>639.70000000000005</ele>
      </trkpt>
      <trkpt lat="28.52408898063004" lon="-16.257014013826847">
        <ele>639.79999999999995</ele>
      </trkpt>
      <trkpt lat="28.524096021428704" lon="-16.257016025483608">
        <ele>639.89999999999998</ele>
      </trkpt>
      <trkpt lat="28.524098033085465" lon="-16.257018037140369">
        <ele>639.89999999999998</ele>
      </trkpt>
      <trkpt lat="28.524100966751575" lon="-16.257019964978099">
        <ele>640</ele>
      </trkpt>
      <trkpt lat="28.524102978408337" lon="-16.257024994120002">
        <ele>640.10000000000002</ele>
      </trkpt>
      <trkpt lat="28.524103984236717" lon="-16.257033040747046">
        <ele>640.29999999999995</ele>
      </trkpt>
      <trkpt lat="28.524101972579956" lon="-16.257045026868582">
        <ele>640.39999999999998</ele>
      </trkpt>
      <trkpt lat="28.524101972579956" lon="-16.257051983848214">
        <ele>640.5</ele>
      </trkpt>
      <trkpt lat="28.524102978408337" lon="-16.257061958312988">
        <ele>640.60000000000002</ele>
      </trkpt>
      <trkpt lat="28.524103984236717" lon="-16.257071010768414">
        <ele>640.60000000000002</ele>
      </trkpt>
      <trkpt lat="28.524102978408337" lon="-16.257076961919665">
        <ele>640.60000000000002</ele>
      </trkpt>
      <trkpt lat="28.524101972579956" lon="-16.257082996889949">
        <ele>640.70000000000005</ele>
      </trkpt>
      <trkpt lat="28.524100966751575" lon="-16.257090037688613">
        <ele>640.79999999999995</ele>
      </trkpt>
      <trkpt lat="28.524099038913846" lon="-16.257095988839865">
        <ele>640.89999999999998</ele>
      </trkpt>
      <trkpt lat="28.524099038913846" lon="-16.257101017981768">
        <ele>641</ele>
      </trkpt>
      <trkpt lat="28.524099960923195" lon="-16.257108980789781">
        <ele>641</ele>
      </trkpt>
      <trkpt lat="28.524100966751575" lon="-16.257118033245206">
        <ele>641.10000000000002</ele>
      </trkpt>
      <trkpt lat="28.524101972579956" lon="-16.257130019366741">
        <ele>641.29999999999995</ele>
      </trkpt>
      <trkpt lat="28.524102978408337" lon="-16.257142005488276">
        <ele>641.60000000000002</ele>
      </trkpt>
      <trkpt lat="28.524102978408337" lon="-16.257148962467909">
        <ele>641.79999999999995</ele>
      </trkpt>
      <trkpt lat="28.524103984236717" lon="-16.257156003266573">
        <ele>642</ele>
      </trkpt>
      <trkpt lat="28.524103984236717" lon="-16.257162960246205">
        <ele>642</ele>
      </trkpt>
      <trkpt lat="28.524104990065098" lon="-16.257167989388108">
        <ele>641.89999999999998</ele>
      </trkpt>
      <trkpt lat="28.524104990065098" lon="-16.257174024358392">
        <ele>641.89999999999998</ele>
      </trkpt>
      <trkpt lat="28.524105995893478" lon="-16.257179975509644">
        <ele>641.79999999999995</ele>
      </trkpt>
      <trkpt lat="28.524104990065098" lon="-16.257188022136688">
        <ele>641.89999999999998</ele>
      </trkpt>
      <trkpt lat="28.524104990065098" lon="-16.25719397328794">
        <ele>641.89999999999998</ele>
      </trkpt>
      <trkpt lat="28.524103984236717" lon="-16.257200008258224">
        <ele>641.89999999999998</ele>
      </trkpt>
      <trkpt lat="28.524102978408337" lon="-16.257206965237856">
        <ele>642</ele>
      </trkpt>
      <trkpt lat="28.524101972579956" lon="-16.257215011864901">
        <ele>642</ele>
      </trkpt>
      <trkpt lat="28.524099038913846" lon="-16.257223980501294">
        <ele>642.20000000000005</ele>
      </trkpt>
      <trkpt lat="28.524097027257085" lon="-16.257231021299958">
        <ele>642.39999999999998</ele>
      </trkpt>
      <trkpt lat="28.524094009771943" lon="-16.257237978279591">
        <ele>642.70000000000005</ele>
      </trkpt>
      <trkpt lat="28.524090992286801" lon="-16.257246024906635">
        <ele>643</ele>
      </trkpt>
      <trkpt lat="28.524086968973279" lon="-16.257248958572745">
        <ele>643.29999999999995</ele>
      </trkpt>
      <trkpt lat="28.524083029478788" lon="-16.257239989936352">
        <ele>643.5</ele>
      </trkpt>
      <trkpt lat="28.524080011993647" lon="-16.2572340387851">
        <ele>643.60000000000002</ele>
      </trkpt>
      <trkpt lat="28.524076994508505" lon="-16.257224986329675">
        <ele>643.70000000000005</ele>
      </trkpt>
      <trkpt lat="28.524071965366602" lon="-16.257210988551378">
        <ele>643.79999999999995</ele>
      </trkpt>
      <trkpt lat="28.524069031700492" lon="-16.257202019914985">
        <ele>643.79999999999995</ele>
      </trkpt>
      <trkpt lat="28.52406500838697" lon="-16.257190033793449">
        <ele>644.29999999999995</ele>
      </trkpt>
      <trkpt lat="28.524060985073447" lon="-16.257179975509644">
        <ele>645.10000000000002</ele>
      </trkpt>
      <trkpt lat="28.524058973416686" lon="-16.257174024358392">
        <ele>645.39999999999998</ele>
      </trkpt>
      <trkpt lat="28.524054028093815" lon="-16.25717100687325">
        <ele>645.89999999999998</ele>
      </trkpt>
      <trkpt lat="28.524048998951912" lon="-16.25717100687325">
        <ele>646.10000000000002</ele>
      </trkpt>
      <trkpt lat="28.524042963981628" lon="-16.257168995216489">
        <ele>646.29999999999995</ele>
      </trkpt>
      <trkpt lat="28.524037012830377" lon="-16.257168995216489">
        <ele>646.39999999999998</ele>
      </trkpt>
      <trkpt lat="28.524030977860093" lon="-16.257166983559728">
        <ele>646.60000000000002</ele>
      </trkpt>
      <trkpt lat="28.524027960374951" lon="-16.257165977731347">
        <ele>646.70000000000005</ele>
      </trkpt>
      <trkpt lat="28.524021003395319" lon="-16.257165977731347">
        <ele>647</ele>
      </trkpt>
      <trkpt lat="28.524015974253416" lon="-16.257166983559728">
        <ele>647.20000000000005</ele>
      </trkpt>
      <trkpt lat="28.524012034758925" lon="-16.257168995216489">
        <ele>647.29999999999995</ele>
      </trkpt>
      <trkpt lat="28.524008011445403" lon="-16.257172012701631">
        <ele>647.5</ele>
      </trkpt>
      <trkpt lat="28.5240029823035" lon="-16.257177041843534">
        <ele>647.79999999999995</ele>
      </trkpt>
      <trkpt lat="28.523996025323868" lon="-16.257188022136688">
        <ele>648.20000000000005</ele>
      </trkpt>
      <trkpt lat="28.523988984525204" lon="-16.257197996601462">
        <ele>648.39999999999998</ele>
      </trkpt>
      <trkpt lat="28.523982027545571" lon="-16.257206965237856">
        <ele>648.70000000000005</ele>
      </trkpt>
      <trkpt lat="28.523972975090146" lon="-16.257216017693281">
        <ele>649.10000000000002</ele>
      </trkpt>
      <trkpt lat="28.523963000625372" lon="-16.257225992158055">
        <ele>649.5</ele>
      </trkpt>
      <trkpt lat="28.523955959826708" lon="-16.257234960794449">
        <ele>649.79999999999995</ele>
      </trkpt>
      <trkpt lat="28.523952020332217" lon="-16.257239989936352">
        <ele>650.20000000000005</ele>
      </trkpt>
      <trkpt lat="28.523946991190314" lon="-16.257248036563396">
        <ele>650.60000000000002</ele>
      </trkpt>
      <trkpt lat="28.523943973705173" lon="-16.257252981886268">
        <ele>650.70000000000005</ele>
      </trkpt>
      <trkpt lat="28.523939028382301" lon="-16.257259016856551">
        <ele>650.79999999999995</ele>
      </trkpt>
      <trkpt lat="28.523935005068779" lon="-16.257263962179422">
        <ele>651</ele>
      </trkpt>
      <trkpt lat="28.523927964270115" lon="-16.257271002978086">
        <ele>651</ele>
      </trkpt>
      <trkpt lat="28.523930981755257" lon="-16.257272008806467">
        <ele>651.10000000000002</ele>
      </trkpt>
      <trkpt lat="28.523950008675456" lon="-16.257275026291609">
        <ele>652.10000000000002</ele>
      </trkpt>
      <trkpt lat="28.523957971483469" lon="-16.257277959957719">
        <ele>652.70000000000005</ele>
      </trkpt>
      <trkpt lat="28.523965012282133" lon="-16.257280977442861">
        <ele>652.79999999999995</ele>
      </trkpt>
      <trkpt lat="28.523973980918527" lon="-16.257287012413144">
        <ele>652.89999999999998</ele>
      </trkpt>
      <trkpt lat="28.52397901006043" lon="-16.257293969392776">
        <ele>653.29999999999995</ele>
      </trkpt>
      <trkpt lat="28.523984039202332" lon="-16.257305033504963">
        <ele>653.60000000000002</ele>
      </trkpt>
      <trkpt lat="28.523984961211681" lon="-16.257314002141356">
        <ele>653.5</ele>
      </trkpt>
      <trkpt lat="28.523984961211681" lon="-16.257321964949369">
        <ele>653.5</ele>
      </trkpt>
      <trkpt lat="28.523983033373952" lon="-16.257326994091272">
        <ele>653.70000000000005</ele>
      </trkpt>
      <trkpt lat="28.52397901006043" lon="-16.257335962727666">
        <ele>654.10000000000002</ele>
      </trkpt>
      <trkpt lat="28.523976998403668" lon="-16.25734300352633">
        <ele>654.39999999999998</ele>
      </trkpt>
      <trkpt lat="28.523974986746907" lon="-16.257349960505962">
        <ele>654.60000000000002</ele>
      </trkpt>
      <trkpt lat="28.523972975090146" lon="-16.257359012961388">
        <ele>654.89999999999998</ele>
      </trkpt>
      <trkpt lat="28.523974986746907" lon="-16.257368987426162">
        <ele>654.79999999999995</ele>
      </trkpt>
      <trkpt lat="28.523975992575288" lon="-16.257381979376078">
        <ele>654.70000000000005</ele>
      </trkpt>
      <trkpt lat="28.523974986746907" lon="-16.257394971325994">
        <ele>655.20000000000005</ele>
      </trkpt>
      <trkpt lat="28.523971969261765" lon="-16.257407041266561">
        <ele>655.79999999999995</ele>
      </trkpt>
      <trkpt lat="28.523970963433385" lon="-16.257409974932671">
        <ele>656</ele>
      </trkpt>
      <trkpt lat="28.523968029767275" lon="-16.257416009902954">
        <ele>656.29999999999995</ele>
      </trkpt>
      <trkpt lat="28.523965012282133" lon="-16.257416009902954">
        <ele>656.5</ele>
      </trkpt>
      <trkpt lat="28.523961994796991" lon="-16.257412992417812">
        <ele>656.70000000000005</ele>
      </trkpt>
      <trkpt lat="28.523957971483469" lon="-16.257409974932671">
        <ele>656.89999999999998</ele>
      </trkpt>
      <trkpt lat="28.523953026160598" lon="-16.25740603543818">
        <ele>657.10000000000002</ele>
      </trkpt>
      <trkpt lat="28.523949002847075" lon="-16.257401006296277">
        <ele>657.10000000000002</ele>
      </trkpt>
      <trkpt lat="28.523944979533553" lon="-16.257396982982755">
        <ele>657.20000000000005</ele>
      </trkpt>
      <trkpt lat="28.523940034210682" lon="-16.257393965497613">
        <ele>657.29999999999995</ele>
      </trkpt>
      <trkpt lat="28.523935005068779" lon="-16.257391031831503">
        <ele>657.60000000000002</ele>
      </trkpt>
      <trkpt lat="28.523928970098495" lon="-16.257389020174742">
        <ele>657.89999999999998</ele>
      </trkpt>
      <trkpt lat="28.523921007290483" lon="-16.257392037659883">
        <ele>658.10000000000002</ele>
      </trkpt>
      <trkpt lat="28.523912038654089" lon="-16.257395977154374">
        <ele>658</ele>
      </trkpt>
      <trkpt lat="28.523904997855425" lon="-16.257400000467896">
        <ele>658.10000000000002</ele>
      </trkpt>
      <trkpt lat="28.523897035047412" lon="-16.257407041266561">
        <ele>658.39999999999998</ele>
      </trkpt>
      <trkpt lat="28.523897035047412" lon="-16.25740896910429">
        <ele>658.60000000000002</ele>
      </trkpt>
      <trkpt lat="28.523898040875793" lon="-16.257413998246193">
        <ele>659</ele>
      </trkpt>
      <trkpt lat="28.523899968713522" lon="-16.257419027388096">
        <ele>659.29999999999995</ele>
      </trkpt>
      <trkpt lat="28.523902986198664" lon="-16.257422966882586">
        <ele>659.5</ele>
      </trkpt>
      <trkpt lat="28.523911032825708" lon="-16.257427996024489">
        <ele>659.79999999999995</ele>
      </trkpt>
      <trkpt lat="28.523913966491818" lon="-16.257432019338012">
        <ele>660</ele>
      </trkpt>
      <trkpt lat="28.523917989805341" lon="-16.257437970489264">
        <ele>660.20000000000005</ele>
      </trkpt>
      <trkpt lat="28.523921007290483" lon="-16.257444005459547">
        <ele>660.29999999999995</ele>
      </trkpt>
      <trkpt lat="28.523924024775624" lon="-16.257450962439179">
        <ele>660.29999999999995</ele>
      </trkpt>
      <trkpt lat="28.523924024775624" lon="-16.257460014894605">
        <ele>660.5</ele>
      </trkpt>
      <trkpt lat="28.523924024775624" lon="-16.257466971874237">
        <ele>660.70000000000005</ele>
      </trkpt>
      <trkpt lat="28.523921007290483" lon="-16.257473006844521">
        <ele>661.10000000000002</ele>
      </trkpt>
      <trkpt lat="28.523918995633721" lon="-16.257480969652534">
        <ele>661.39999999999998</ele>
      </trkpt>
      <trkpt lat="28.52391698397696" lon="-16.257493039593101">
        <ele>661.60000000000002</ele>
      </trkpt>
      <trkpt lat="28.523914972320199" lon="-16.257501002401114">
        <ele>661.79999999999995</ele>
      </trkpt>
      <trkpt lat="28.523912038654089" lon="-16.257510976865888">
        <ele>662.10000000000002</ele>
      </trkpt>
      <trkpt lat="28.523910026997328" lon="-16.257522040978074">
        <ele>662.39999999999998</ele>
      </trkpt>
      <trkpt lat="28.523908015340567" lon="-16.257531009614468">
        <ele>662.39999999999998</ele>
      </trkpt>
      <trkpt lat="28.523907009512186" lon="-16.257538972422481">
        <ele>662.5</ele>
      </trkpt>
      <trkpt lat="28.523906003683805" lon="-16.257547019049525">
        <ele>662.70000000000005</ele>
      </trkpt>
      <trkpt lat="28.523904997855425" lon="-16.257559005171061">
        <ele>663</ele>
      </trkpt>
      <trkpt lat="28.523902986198664" lon="-16.257570991292596">
        <ele>663.20000000000005</ele>
      </trkpt>
      <trkpt lat="28.523900974541903" lon="-16.257579959928989">
        <ele>663.20000000000005</ele>
      </trkpt>
      <trkpt lat="28.523899968713522" lon="-16.257592029869556">
        <ele>663.60000000000002</ele>
      </trkpt>
      <trkpt lat="28.523898962885141" lon="-16.25760099850595">
        <ele>663.89999999999998</ele>
      </trkpt>
      <trkpt lat="28.523898040875793" lon="-16.257610972970724">
        <ele>664.29999999999995</ele>
      </trkpt>
      <trkpt lat="28.523896029219031" lon="-16.257620025426149">
        <ele>664.70000000000005</ele>
      </trkpt>
      <trkpt lat="28.523895023390651" lon="-16.257626982405782">
        <ele>664.79999999999995</ele>
      </trkpt>
      <trkpt lat="28.52389401756227" lon="-16.257636034861207">
        <ele>664.79999999999995</ele>
      </trkpt>
      <trkpt lat="28.523891000077128" lon="-16.257645003497601">
        <ele>665</ele>
      </trkpt>
      <trkpt lat="28.523888988420367" lon="-16.257653972133994">
        <ele>665.29999999999995</ele>
      </trkpt>
      <trkpt lat="28.523887982591987" lon="-16.257665036246181">
        <ele>665.60000000000002</ele>
      </trkpt>
      <trkpt lat="28.523884965106845" lon="-16.257679034024477">
        <ele>665.89999999999998</ele>
      </trkpt>
      <trkpt lat="28.523883037269115" lon="-16.257688002660871">
        <ele>666</ele>
      </trkpt>
      <trkpt lat="28.523881025612354" lon="-16.257695965468884">
        <ele>666.39999999999998</ele>
      </trkpt>
      <trkpt lat="28.523878008127213" lon="-16.257706023752689">
        <ele>666.70000000000005</ele>
      </trkpt>
      <trkpt lat="28.523874990642071" lon="-16.257710969075561">
        <ele>666.79999999999995</ele>
      </trkpt>
      <trkpt lat="28.523871973156929" lon="-16.257720021530986">
        <ele>666.89999999999998</ele>
      </trkpt>
      <trkpt lat="28.523869961500168" lon="-16.257723039016128">
        <ele>667.10000000000002</ele>
      </trkpt>
      <trkpt lat="28.523868033662438" lon="-16.257733013480902">
        <ele>667.60000000000002</ele>
      </trkpt>
      <trkpt lat="28.523868033662438" lon="-16.257738964632154">
        <ele>667.79999999999995</ele>
      </trkpt>
      <trkpt lat="28.523866022005677" lon="-16.25775296241045">
        <ele>667.79999999999995</ele>
      </trkpt>
      <trkpt lat="28.523865016177297" lon="-16.257754974067211">
        <ele>667.79999999999995</ele>
      </trkpt>
      <trkpt lat="28.523866022005677" lon="-16.257767966017127">
        <ele>667.20000000000005</ele>
      </trkpt>
      <trkpt lat="28.523867027834058" lon="-16.257777018472552">
        <ele>667.60000000000002</ele>
      </trkpt>
      <trkpt lat="28.523868033662438" lon="-16.257791016250849">
        <ele>668.20000000000005</ele>
      </trkpt>
      <trkpt lat="28.523868033662438" lon="-16.257797973230481">
        <ele>668.5</ele>
      </trkpt>
      <trkpt lat="28.523868033662438" lon="-16.257809959352016">
        <ele>669.10000000000002</ele>
      </trkpt>
      <trkpt lat="28.523869039490819" lon="-16.257822029292583">
        <ele>669.39999999999998</ele>
      </trkpt>
      <trkpt lat="28.523868033662438" lon="-16.257825968787074">
        <ele>669.60000000000002</ele>
      </trkpt>
      <trkpt lat="28.523866022005677" lon="-16.257827980443835">
        <ele>669.70000000000005</ele>
      </trkpt>
      <trkpt lat="28.523863004520535" lon="-16.257827980443835">
        <ele>669.79999999999995</ele>
      </trkpt>
      <trkpt lat="28.523858981207013" lon="-16.257824040949345">
        <ele>669.70000000000005</ele>
      </trkpt>
      <trkpt lat="28.523856969550252" lon="-16.257818005979061">
        <ele>669.60000000000002</ele>
      </trkpt>
      <trkpt lat="28.523857975378633" lon="-16.257807025685906">
        <ele>683</ele>
        <time>2019-12-29T10:38:43Z</time>
      </trkpt>
      <trkpt lat="28.523902986198664" lon="-16.25792495906353">
        <time>2019-12-29T10:38:40Z</time>
      </trkpt>
      <trkpt lat="28.523961994796991" lon="-16.258044987916946">
        <time>2019-12-29T10:38:37Z</time>
      </trkpt>
      <trkpt lat="28.524025026708841" lon="-16.258171973749995">
        <time>2019-12-29T10:38:31Z</time>
      </trkpt>
      <trkpt lat="28.524099960923195" lon="-16.258111959323287">
        <time>2019-12-29T10:38:26Z</time>
      </trkpt>
      <trkpt lat="28.524176990613341" lon="-16.258041970431805">
        <time>2019-12-29T10:38:22Z</time>
      </trkpt>
      <trkpt lat="28.524267012253404" lon="-16.257992014288902">
        <time>2019-12-29T10:38:17Z</time>
      </trkpt>
      <trkpt lat="28.524370025843382" lon="-16.257941974326968">
        <time>2019-12-29T10:38:11Z</time>
      </trkpt>
      <trkpt lat="28.524459963664412" lon="-16.25794499181211">
        <time>2019-12-29T10:38:06Z</time>
      </trkpt>
      <trkpt lat="28.524543028324842" lon="-16.258007017895579">
        <ele>706.60000000000002</ele>
        <time>2019-12-29T10:38:01Z</time>
      </trkpt>
      <trkpt lat="28.524607988074422" lon="-16.258101984858513">
        <time>2019-12-29T10:37:56Z</time>
      </trkpt>
      <trkpt lat="28.524642018601298" lon="-16.258210027590394">
        <time>2019-12-29T10:37:51Z</time>
      </trkpt>
      <trkpt lat="28.52464796975255" lon="-16.258323015645146">
        <time>2019-12-29T10:37:46Z</time>
      </trkpt>
      <trkpt lat="28.524627014994621" lon="-16.258428040891886">
        <time>2019-12-29T10:37:42Z</time>
      </trkpt>
      <trkpt lat="28.524562977254391" lon="-16.258537005633116">
        <time>2019-12-29T10:37:38Z</time>
      </trkpt>
      <trkpt lat="28.524527018889785" lon="-16.258657034486532">
        <time>2019-12-29T10:37:34Z</time>
      </trkpt>
      <trkpt lat="28.524557026103139" lon="-16.258772034198046">
        <time>2019-12-29T10:37:31Z</time>
      </trkpt>
      <trkpt lat="28.524594996124506" lon="-16.258877981454134">
        <time>2019-12-29T10:37:26Z</time>
      </trkpt>
      <trkpt lat="28.524636989459395" lon="-16.258987030014396">
        <time>2019-12-29T10:37:22Z</time>
      </trkpt>
      <trkpt lat="28.52468996308744" lon="-16.259091971442103">
        <time>2019-12-29T10:37:18Z</time>
      </trkpt>
      <trkpt lat="28.524717958644032" lon="-16.259222980588675">
        <time>2019-12-29T10:37:14Z</time>
      </trkpt>
      <trkpt lat="28.52468996308744" lon="-16.259349966421723">
        <time>2019-12-29T10:37:10Z</time>
      </trkpt>
      <trkpt lat="28.52464696392417" lon="-16.25944803468883">
        <time>2019-12-29T10:37:07Z</time>
      </trkpt>
      <trkpt lat="28.524730028584599" lon="-16.259507965296507">
        <ele>737.5</ele>
        <time>2019-12-29T10:37:01Z</time>
      </trkpt>
      <trkpt lat="28.524836981669068" lon="-16.259509976953268">
        <time>2019-12-29T10:36:57Z</time>
      </trkpt>
      <trkpt lat="28.524930020794272" lon="-16.259517017751932">
        <ele>734</ele>
        <time>2019-12-29T10:36:53Z</time>
      </trkpt>
      <trkpt lat="28.525024987757206" lon="-16.259481981396675">
        <time>2019-12-29T10:36:49Z</time>
      </trkpt>
      <trkpt lat="28.525160020217299" lon="-16.259509976953268">
        <time>2019-12-29T10:36:42Z</time>
      </trkpt>
      <trkpt lat="28.525254987180233" lon="-16.259532021358609">
        <time>2019-12-29T10:36:34Z</time>
      </trkpt>
      <trkpt lat="28.525317013263702" lon="-16.259656995534897">
        <time>2019-12-29T10:36:32Z</time>
      </trkpt>
      <trkpt lat="28.525390019640326" lon="-16.259584994986653">
        <time>2019-12-29T10:36:26Z</time>
      </trkpt>
      <trkpt lat="28.525447016581893" lon="-16.259500002488494">
        <time>2019-12-29T10:36:21Z</time>
      </trkpt>
      <trkpt lat="28.525545001029968" lon="-16.259457003325224">
        <time>2019-12-29T10:36:16Z</time>
      </trkpt>
      <trkpt lat="28.525612978264689" lon="-16.259548030793667">
        <time>2019-12-29T10:36:09Z</time>
      </trkpt>
      <trkpt lat="28.525603003799915" lon="-16.2596620246768">
        <time>2019-12-29T10:36:04Z</time>
      </trkpt>
      <trkpt lat="28.525580037385225" lon="-16.259767971932888">
        <ele>769.79999999999995</ele>
        <time>2019-12-29T10:36:01Z</time>
      </trkpt>
      <trkpt lat="28.525563022121787" lon="-16.259875008836389">
        <time>2019-12-29T10:35:56Z</time>
      </trkpt>
      <trkpt lat="28.525575008243322" lon="-16.259984979405999">
        <time>2019-12-29T10:35:51Z</time>
      </trkpt>
      <trkpt lat="28.525623036548495" lon="-16.260086987167597">
        <time>2019-12-29T10:35:42Z</time>
      </trkpt>
      <trkpt lat="28.525577019900084" lon="-16.260190000757575">
        <time>2019-12-29T10:35:25Z</time>
      </trkpt>
      <trkpt lat="28.525566961616278" lon="-16.260295026004314">
        <time>2019-12-29T10:35:09Z</time>
      </trkpt>
      <trkpt lat="28.525592023506761" lon="-16.26041698269546">
        <time>2019-12-29T10:35:04Z</time>
      </trkpt>
      <trkpt lat="28.525608032941818" lon="-16.26054204069078">
        <ele>807.10000000000002</ele>
        <time>2019-12-29T10:35:01Z</time>
      </trkpt>
      <trkpt lat="28.525632005184889" lon="-16.260657962411642">
        <time>2019-12-29T10:34:54Z</time>
      </trkpt>
      <trkpt lat="28.525541983544827" lon="-16.260671960189939">
        <time>2019-12-29T10:34:44Z</time>
      </trkpt>
      <trkpt lat="28.525578025728464" lon="-16.260776985436678">
        <time>2019-12-29T10:34:41Z</time>
      </trkpt>
      <trkpt lat="28.525635022670031" lon="-16.260901959612966">
        <time>2019-12-29T10:34:36Z</time>
      </trkpt>
      <trkpt lat="28.525641979649663" lon="-16.261019976809621">
        <ele>817</ele>
        <time>2019-12-29T10:34:33Z</time>
      </trkpt>
      <trkpt lat="28.525707023218274" lon="-16.26112500205636">
        <time>2019-12-29T10:34:26Z</time>
      </trkpt>
      <trkpt lat="28.525790004059672" lon="-16.261177975684404">
        <ele>828</ele>
        <time>2019-12-29T10:34:23Z</time>
      </trkpt>
      <trkpt lat="28.525899974629283" lon="-16.261212006211281">
        <time>2019-12-29T10:34:18Z</time>
      </trkpt>
      <trkpt lat="28.525992007926106" lon="-16.26118803396821">
        <time>2019-12-29T10:34:15Z</time>
      </trkpt>
      <trkpt lat="28.526089992374182" lon="-16.26118803396821">
        <time>2019-12-29T10:34:12Z</time>
      </trkpt>
      <trkpt lat="28.526184959337115" lon="-16.261149980127811">
        <time>2019-12-29T10:34:09Z</time>
      </trkpt>
      <trkpt lat="28.526297025382519" lon="-16.261128019541502">
        <time>2019-12-29T10:34:06Z</time>
      </trkpt>
      <trkpt lat="28.526429962366819" lon="-16.261203037574887">
        <ele>854.70000000000005</ele>
        <time>2019-12-29T10:34:01Z</time>
      </trkpt>
      <trkpt lat="28.526491988450289" lon="-16.261327005922794">
        <time>2019-12-29T10:33:58Z</time>
      </trkpt>
      <trkpt lat="28.526564994826913" lon="-16.261417027562857">
        <ele>842</ele>
        <time>2019-12-29T10:33:53Z</time>
      </trkpt>
      <trkpt lat="28.526644958183169" lon="-16.261492967605591">
        <time>2019-12-29T10:33:45Z</time>
      </trkpt>
      <trkpt lat="28.526576980948448" lon="-16.261564968153834">
        <time>2019-12-29T10:33:41Z</time>
      </trkpt>
      <trkpt lat="28.526472961530089" lon="-16.261600004509091">
        <time>2019-12-29T10:33:36Z</time>
      </trkpt>
      <trkpt lat="28.52640800178051" lon="-16.261678040027618">
        <time>2019-12-29T10:33:32Z</time>
      </trkpt>
      <trkpt lat="28.526325020939112" lon="-16.261736964806914">
        <time>2019-12-29T10:33:26Z</time>
      </trkpt>
      <trkpt lat="28.526261989027262" lon="-16.26183302141726">
        <time>2019-12-29T10:33:20Z</time>
      </trkpt>
      <trkpt lat="28.526167022064328" lon="-16.261852970346808">
        <time>2019-12-29T10:33:15Z</time>
      </trkpt>
      <trkpt lat="28.52610700763762" lon="-16.261777030304074">
        <time>2019-12-29T10:33:11Z</time>
      </trkpt>
      <trkpt lat="28.526023020967841" lon="-16.261696983128786">
        <time>2019-12-29T10:33:06Z</time>
      </trkpt>
      <trkpt lat="28.525941967964172" lon="-16.261624982580543">
        <ele>853</ele>
        <time>2019-12-29T10:33:02Z</time>
      </trkpt>
      <trkpt lat="28.525841971859336" lon="-16.261579971760511">
        <time>2019-12-29T10:32:57Z</time>
      </trkpt>
      <trkpt lat="28.525738036260009" lon="-16.261551976203918">
        <ele>853</ele>
        <time>2019-12-29T10:32:53Z</time>
      </trkpt>
      <trkpt lat="28.525624964386225" lon="-16.261543007567525">
        <time>2019-12-29T10:32:50Z</time>
      </trkpt>
      <trkpt lat="28.525552041828632" lon="-16.261470001190901">
        <time>2019-12-29T10:32:45Z</time>
      </trkpt>
      <trkpt lat="28.525466965511441" lon="-16.261394983157516">
        <time>2019-12-29T10:32:40Z</time>
      </trkpt>
      <trkpt lat="28.525360012426972" lon="-16.26136003062129">
        <time>2019-12-29T10:32:36Z</time>
      </trkpt>
      <trkpt lat="28.525260016322136" lon="-16.26131996512413">
        <time>2019-12-29T10:32:31Z</time>
      </trkpt>
      <trkpt lat="28.525175023823977" lon="-16.261260034516454">
        <time>2019-12-29T10:32:26Z</time>
      </trkpt>
      <trkpt lat="28.525082990527153" lon="-16.261177975684404">
        <time>2019-12-29T10:32:21Z</time>
      </trkpt>
      <trkpt lat="28.52499196305871" lon="-16.261136988177896">
        <time>2019-12-29T10:32:17Z</time>
      </trkpt>
      <trkpt lat="28.524894984439015" lon="-16.261070016771555">
        <ele>849</ele>
        <time>2019-12-29T10:32:13Z</time>
      </trkpt>
      <trkpt lat="28.524807980284095" lon="-16.261031962931156">
        <time>2019-12-29T10:32:10Z</time>
      </trkpt>
      <trkpt lat="28.524706978350878" lon="-16.260998016223311">
        <time>2019-12-29T10:32:05Z</time>
      </trkpt>
      <trkpt lat="28.52460497058928" lon="-16.260967003181577">
        <ele>849.39999999999998</ele>
        <time>2019-12-29T10:32:01Z</time>
      </trkpt>
      <trkpt lat="28.524512015283108" lon="-16.260959962382913">
        <time>2019-12-29T10:31:57Z</time>
      </trkpt>
      <trkpt lat="28.524413025006652" lon="-16.261002961546183">
        <time>2019-12-29T10:31:52Z</time>
      </trkpt>
      <trkpt lat="28.524317974224687" lon="-16.260979995131493">
        <time>2019-12-29T10:31:47Z</time>
      </trkpt>
      <trkpt lat="28.524228036403656" lon="-16.260988041758537">
        <ele>846</ele>
        <time>2019-12-29T10:31:43Z</time>
      </trkpt>
      <trkpt lat="28.524129968136549" lon="-16.261053001508117">
        <time>2019-12-29T10:31:38Z</time>
      </trkpt>
      <trkpt lat="28.524040030315518" lon="-16.261045038700104">
        <ele>844</ele>
        <time>2019-12-29T10:31:33Z</time>
      </trkpt>
      <trkpt lat="28.52393701672554" lon="-16.261053001508117">
        <time>2019-12-29T10:31:27Z</time>
      </trkpt>
      <trkpt lat="28.52382997982204" lon="-16.261027017608285">
        <time>2019-12-29T10:31:22Z</time>
      </trkpt>
      <trkpt lat="28.523742975667119" lon="-16.260991981253028">
        <time>2019-12-29T10:31:18Z</time>
      </trkpt>
      <trkpt lat="28.523647002875805" lon="-16.260959962382913">
        <ele>845</ele>
        <time>2019-12-29T10:31:13Z</time>
      </trkpt>
      <trkpt lat="28.523553041741252" lon="-16.2609329726547">
        <time>2019-12-29T10:31:08Z</time>
      </trkpt>
      <trkpt lat="28.523462014272809" lon="-16.260936995968223">
        <ele>844</ele>
        <time>2019-12-29T10:31:03Z</time>
      </trkpt>
      <trkpt lat="28.523354977369308" lon="-16.260940013453364">
        <time>2019-12-29T10:30:57Z</time>
      </trkpt>
      <trkpt lat="28.523262022063136" lon="-16.260962979868054">
        <time>2019-12-29T10:30:50Z</time>
      </trkpt>
      <trkpt lat="28.523192033171654" lon="-16.261031962931156">
        <time>2019-12-29T10:30:45Z</time>
      </trkpt>
      <trkpt lat="28.523103017359972" lon="-16.261055013164878">
        <time>2019-12-29T10:30:41Z</time>
      </trkpt>
      <trkpt lat="28.523021964356303" lon="-16.26110496930778">
        <time>2019-12-29T10:30:34Z</time>
      </trkpt>
      <trkpt lat="28.522930014878511" lon="-16.261158026754856">
        <time>2019-12-29T10:30:27Z</time>
      </trkpt>
      <trkpt lat="28.522851979359984" lon="-16.261237990111113">
        <time>2019-12-29T10:30:20Z</time>
      </trkpt>
      <trkpt lat="28.52277796715498" lon="-16.261309990659356">
        <time>2019-12-29T10:30:12Z</time>
      </trkpt>
      <trkpt lat="28.52271200157702" lon="-16.26138299703598">
        <ele>824.79999999999995</ele>
        <time>2019-12-29T10:30:06Z</time>
      </trkpt>
      <trkpt lat="28.522645030170679" lon="-16.261458015069366">
        <time>2019-12-29T10:29:59Z</time>
      </trkpt>
      <trkpt lat="28.522561965510249" lon="-16.261513000354171">
        <time>2019-12-29T10:29:52Z</time>
      </trkpt>
      <trkpt lat="28.522515026852489" lon="-16.261415015906096">
        <time>2019-12-29T10:29:41Z</time>
      </trkpt>
      <trkpt lat="28.522470016032457" lon="-16.261321976780891">
        <time>2019-12-29T10:29:31Z</time>
      </trkpt>
      <trkpt lat="28.52241201326251" lon="-16.261232038959861">
        <time>2019-12-29T10:29:22Z</time>
      </trkpt>
      <trkpt lat="28.522367002442479" lon="-16.261127013713121">
        <time>2019-12-29T10:29:16Z</time>
      </trkpt>
      <trkpt lat="28.522319979965687" lon="-16.261021988466382">
        <time>2019-12-29T10:29:10Z</time>
      </trkpt>
      <trkpt lat="28.52230497635901" lon="-16.260902965441346">
        <time>2019-12-29T10:29:05Z</time>
      </trkpt>
      <trkpt lat="28.522253008559346" lon="-16.260812021791935">
        <ele>815.79999999999995</ele>
        <time>2019-12-29T10:29:00Z</time>
      </trkpt>
      <trkpt lat="28.522180002182722" lon="-16.260742032900453">
        <ele>804</ele>
        <time>2019-12-29T10:28:53Z</time>
      </trkpt>
      <trkpt lat="28.522121999412775" lon="-16.260638013482094">
        <time>2019-12-29T10:28:47Z</time>
      </trkpt>
      <trkpt lat="28.522034995257854" lon="-16.260583028197289">
        <time>2019-12-29T10:28:41Z</time>
      </trkpt>
      <trkpt lat="28.521944973617792" lon="-16.26056500710547">
        <time>2019-12-29T10:28:35Z</time>
      </trkpt>
      <trkpt lat="28.521850006654859" lon="-16.26058503985405">
        <time>2019-12-29T10:28:28Z</time>
      </trkpt>
      <trkpt lat="28.521841960027814" lon="-16.260687969624996">
        <ele>787</ele>
        <time>2019-12-29T10:28:03Z</time>
      </trkpt>
      <trkpt lat="28.521742969751358" lon="-16.26065201126039">
        <time>2019-12-29T10:27:56Z</time>
      </trkpt>
      <trkpt lat="28.521646996960044" lon="-16.260642036795616">
        <time>2019-12-29T10:27:48Z</time>
      </trkpt>
      <trkpt lat="28.52155496366322" lon="-16.260653017088771">
        <ele>779</ele>
        <time>2019-12-29T10:27:33Z</time>
      </trkpt>
      <trkpt lat="28.521586982533336" lon="-16.260753013193607">
        <time>2019-12-29T10:27:20Z</time>
      </trkpt>
      <trkpt lat="28.521486986428499" lon="-16.260767010971904">
        <ele>767.70000000000005</ele>
        <time>2019-12-29T10:27:12Z</time>
      </trkpt>
      <trkpt lat="28.521407023072243" lon="-16.260815039277077">
        <time>2019-12-29T10:26:57Z</time>
      </trkpt>
      <trkpt lat="28.52138003334403" lon="-16.260915035381913">
        <ele>762</ele>
        <time>2019-12-29T10:26:43Z</time>
      </trkpt>
      <trkpt lat="28.521350026130676" lon="-16.260813027620316">
        <time>2019-12-29T10:26:37Z</time>
      </trkpt>
      <trkpt lat="28.52131700143218" lon="-16.260700039565563">
        <time>2019-12-29T10:26:30Z</time>
      </trkpt>
      <trkpt lat="28.521269978955388" lon="-16.26060800626874">
        <time>2019-12-29T10:26:20Z</time>
      </trkpt>
      <trkpt lat="28.52120703086257" lon="-16.260514967143536">
        <time>2019-12-29T10:26:12Z</time>
      </trkpt>
      <trkpt lat="28.521147016435862" lon="-16.260427040979266">
        <ele>756.20000000000005</ele>
        <time>2019-12-29T10:26:00Z</time>
      </trkpt>
      <trkpt lat="28.521090019494295" lon="-16.260342970490456">
        <time>2019-12-29T10:25:52Z</time>
      </trkpt>
      <trkpt lat="28.521041991189122" lon="-16.260256972163916">
        <ele>748</ele>
        <time>2019-12-29T10:25:43Z</time>
      </trkpt>
      <trkpt lat="28.520966973155737" lon="-16.260177008807659">
        <time>2019-12-29T10:25:35Z</time>
      </trkpt>
      <trkpt lat="28.520902013406157" lon="-16.260099979117513">
        <time>2019-12-29T10:25:30Z</time>
      </trkpt>
      <trkpt lat="28.520845016464591" lon="-16.260001994669437">
        <time>2019-12-29T10:25:20Z</time>
      </trkpt>
      <trkpt lat="28.52077997289598" lon="-16.259923037141562">
        <time>2019-12-29T10:25:11Z</time>
      </trkpt>
      <trkpt lat="28.52073797956109" lon="-16.259832009673119">
        <time>2019-12-29T10:25:05Z</time>
      </trkpt>
      <trkpt lat="28.520670002326369" lon="-16.259754979982972">
        <ele>744.60000000000002</ele>
        <time>2019-12-29T10:25:00Z</time>
      </trkpt>
      <trkpt lat="28.520591966807842" lon="-16.259682979434729">
        <ele>736</ele>
        <time>2019-12-29T10:24:53Z</time>
      </trkpt>
      <trkpt lat="28.520494988188148" lon="-16.259677028283477">
        <time>2019-12-29T10:24:46Z</time>
      </trkpt>
      <trkpt lat="28.520417036488652" lon="-16.259617013856769">
        <time>2019-12-29T10:24:30Z</time>
      </trkpt>
      <trkpt lat="28.520394992083311" lon="-16.259502014145255">
        <time>2019-12-29T10:24:22Z</time>
      </trkpt>
      <trkpt lat="28.52032802067697" lon="-16.25957996584475">
        <ele>726.39999999999998</ele>
        <time>2019-12-29T10:24:10Z</time>
      </trkpt>
      <trkpt lat="28.520291978493333" lon="-16.259679961949587">
        <time>2019-12-29T10:23:57Z</time>
      </trkpt>
      <trkpt lat="28.520337995141745" lon="-16.259767971932888">
        <time>2019-12-29T10:23:45Z</time>
      </trkpt>
      <trkpt lat="28.520261971279979" lon="-16.259824968874454">
        <ele>709.60000000000002</ele>
        <time>2019-12-29T10:23:06Z</time>
      </trkpt>
      <trkpt lat="28.5201779846102" lon="-16.259871991351247">
        <ele>711</ele>
        <time>2019-12-29T10:22:53Z</time>
      </trkpt>
      <trkpt lat="28.520100032910705" lon="-16.259954972192645">
        <time>2019-12-29T10:22:44Z</time>
      </trkpt>
      <trkpt lat="28.520015040412545" lon="-16.26000702381134">
        <ele>705</ele>
        <time>2019-12-29T10:22:33Z</time>
      </trkpt>
      <trkpt lat="28.519929964095354" lon="-16.260067038238049">
        <ele>705.20000000000005</ele>
        <time>2019-12-29T10:22:15Z</time>
      </trkpt>
      <trkpt lat="28.519882019609213" lon="-16.260154964402318">
        <time>2019-12-29T10:21:49Z</time>
      </trkpt>
      <trkpt lat="28.519961982965469" lon="-16.260207016021013">
        <time>2019-12-29T10:21:35Z</time>
      </trkpt>
      <trkpt lat="28.519872967153788" lon="-16.260254960507154">
        <time>2019-12-29T10:21:26Z</time>
      </trkpt>
      <trkpt lat="28.519780011847615" lon="-16.260263007134199">
        <ele>695.79999999999995</ele>
        <time>2019-12-29T10:21:12Z</time>
      </trkpt>
      <trkpt lat="28.51968496106565" lon="-16.260246997699142">
        <time>2019-12-29T10:20:56Z</time>
      </trkpt>
      <trkpt lat="28.519755033776164" lon="-16.260312041267753">
        <time>2019-12-29T10:20:38Z</time>
      </trkpt>
      <trkpt lat="28.519600974395871" lon="-16.260359985753894">
        <ele>677.10000000000002</ele>
      </trkpt>
      <trkpt lat="28.519594017416239" lon="-16.260368032380939">
        <ele>676.39999999999998</ele>
      </trkpt>
      <trkpt lat="28.519611032679677" lon="-16.26041597686708">
        <ele>675.29999999999995</ele>
      </trkpt>
      <trkpt lat="28.519611032679677" lon="-16.26041597686708">
        <ele>675.29999999999995</ele>
      </trkpt>
      <trkpt lat="28.519626036286354" lon="-16.260443972423673">
        <ele>674</ele>
      </trkpt>
      <trkpt lat="28.519645985215902" lon="-16.260453024879098">
        <ele>673.70000000000005</ele>
      </trkpt>
      <trkpt lat="28.519672974944115" lon="-16.26045998185873">
        <ele>673.60000000000002</ele>
      </trkpt>
      <trkpt lat="28.519653026014566" lon="-16.260476997122169">
        <ele>673</ele>
      </trkpt>
      <trkpt lat="28.519633999094367" lon="-16.260476997122169">
        <ele>672.20000000000005</ele>
      </trkpt>
      <trkpt lat="28.519581025466323" lon="-16.260469034314156">
        <ele>671.20000000000005</ele>
      </trkpt>
      <trkpt lat="28.519572978839278" lon="-16.260457970201969">
        <ele>671.5</ele>
      </trkpt>
      <trkpt lat="28.519557975232601" lon="-16.260455036535859">
        <ele>671.10000000000002</ele>
      </trkpt>
      <trkpt lat="28.519526040181518" lon="-16.260450007393956">
        <ele>669.89999999999998</ele>
      </trkpt>
      <trkpt lat="28.519488992169499" lon="-16.26045998185873">
        <ele>669</ele>
      </trkpt>
      <trkpt lat="28.519472982734442" lon="-16.260492000728846">
        <ele>667.89999999999998</ele>
      </trkpt>
      <trkpt lat="28.519468959420919" lon="-16.260527959093451">
        <ele>666.29999999999995</ele>
      </trkpt>
      <trkpt lat="28.519419003278017" lon="-16.260524019598961">
        <ele>666.5</ele>
      </trkpt>
      <trkpt lat="28.519366029649973" lon="-16.260508010163903">
        <ele>666.60000000000002</ele>
      </trkpt>
      <trkpt lat="28.519342979416251" lon="-16.260499963536859">
        <ele>666.20000000000005</ele>
      </trkpt>
      <trkpt lat="28.519351026043296" lon="-16.260529970750213">
        <ele>664.79999999999995</ele>
      </trkpt>
      <trkpt lat="28.519362006336451" lon="-16.260556960478425">
        <ele>662.60000000000002</ele>
      </trkpt>
      <trkpt lat="28.519353037700057" lon="-16.260556038469076">
        <ele>662.5</ele>
      </trkpt>
      <trkpt lat="28.519310960546136" lon="-16.260551009327173">
        <ele>662.20000000000005</ele>
      </trkpt>
      <trkpt lat="28.519251029938459" lon="-16.260527959093451">
        <ele>661.39999999999998</ele>
      </trkpt>
      <trkpt lat="28.519227979704738" lon="-16.260540029034019">
        <ele>660.89999999999998</ele>
      </trkpt>
      <trkpt lat="28.519207024946809" lon="-16.260556960478425">
        <ele>659.89999999999998</ele>
      </trkpt>
      <trkpt lat="28.519214987754822" lon="-16.260594008490443">
        <ele>659.39999999999998</ele>
      </trkpt>
      <trkpt lat="28.519246000796556" lon="-16.260614041239023">
        <ele>658.5</ele>
      </trkpt>
      <trkpt lat="28.519276008009911" lon="-16.26062803901732">
        <ele>657.60000000000002</ele>
      </trkpt>
      <trkpt lat="28.519230997189879" lon="-16.260648993775249">
        <ele>656.39999999999998</ele>
      </trkpt>
      <trkpt lat="28.519200989976525" lon="-16.260667014867067">
        <ele>655.89999999999998</ele>
      </trkpt>
      <trkpt lat="28.519175006076694" lon="-16.260684030130506">
        <ele>655</ele>
      </trkpt>
      <trkpt lat="28.519155979156494" lon="-16.260688975453377">
        <ele>654.79999999999995</ele>
      </trkpt>
      <trkpt lat="28.519143993034959" lon="-16.260700961574912">
        <ele>654.10000000000002</ele>
      </trkpt>
      <trkpt lat="28.519141981378198" lon="-16.260710014030337">
        <ele>653.60000000000002</ele>
      </trkpt>
      <trkpt lat="28.519172994419932" lon="-16.260727029293776">
        <ele>653.29999999999995</ele>
      </trkpt>
      <trkpt lat="28.519155979156494" lon="-16.260734992101789">
        <ele>652.70000000000005</ele>
      </trkpt>
      <trkpt lat="28.519112979993224" lon="-16.260741027072072">
        <ele>651.60000000000002</ele>
      </trkpt>
      <trkpt lat="28.519066041335464" lon="-16.260743960738182">
        <ele>650.60000000000002</ele>
      </trkpt>
      <trkpt lat="28.519051037728786" lon="-16.260745972394943">
        <ele>650.20000000000005</ele>
      </trkpt>
      <trkpt lat="28.519032010808587" lon="-16.260748989880085">
        <ele>649.70000000000005</ele>
      </trkpt>
      <trkpt lat="28.519019018858671" lon="-16.260751001536846">
        <ele>649.60000000000002</ele>
      </trkpt>
      <trkpt lat="28.519018013030291" lon="-16.260734992101789">
        <ele>649.29999999999995</ele>
      </trkpt>
      <trkpt lat="28.519026981666684" lon="-16.260698027908802">
        <ele>648.60000000000002</ele>
      </trkpt>
      <trkpt lat="28.519038967788219" lon="-16.260666009038687">
        <ele>647.79999999999995</ele>
      </trkpt>
      <trkpt lat="28.519042991101742" lon="-16.260634995996952">
        <ele>647.39999999999998</ele>
      </trkpt>
      <trkpt lat="28.519034022465348" lon="-16.260617980733514">
        <ele>647</ele>
      </trkpt>
      <trkpt lat="28.519021030515432" lon="-16.260619992390275">
        <ele>646.29999999999995</ele>
      </trkpt>
      <trkpt lat="28.519008038565516" lon="-16.260648993775249">
        <ele>646</ele>
      </trkpt>
      <trkpt lat="28.519002003595233" lon="-16.260675983503461">
        <ele>645.79999999999995</ele>
      </trkpt>
      <trkpt lat="28.518992029130459" lon="-16.260700961574912">
        <ele>645.5</ele>
      </trkpt>
      <trkpt lat="28.518979959189892" lon="-16.260730968788266">
        <ele>645</ele>
      </trkpt>
      <trkpt lat="28.518966967239976" lon="-16.260762987658381">
        <ele>644.39999999999998</ele>
      </trkpt>
      <trkpt lat="28.51895104162395" lon="-16.26080104149878">
        <ele>643.5</ele>
      </trkpt>
      <trkpt lat="28.518937965855002" lon="-16.260811015963554">
        <ele>642.60000000000002</ele>
      </trkpt>
      <trkpt lat="28.518925979733467" lon="-16.260818978771567">
        <ele>642</ele>
      </trkpt>
      <trkpt lat="28.518919022753835" lon="-16.260858038440347">
        <ele>641.89999999999998</ele>
      </trkpt>
      <trkpt lat="28.51893100887537" lon="-16.260872958227992">
        <ele>641.5</ele>
      </trkpt>
      <trkpt lat="28.518941989168525" lon="-16.26088997349143">
        <ele>640.89999999999998</ele>
      </trkpt>
      <trkpt lat="28.518959004431963" lon="-16.260901037603617">
        <ele>640.29999999999995</ele>
      </trkpt>
      <trkpt lat="28.518955986946821" lon="-16.260916041210294">
        <ele>639.89999999999998</ele>
      </trkpt>
      <trkpt lat="28.518922962248325" lon="-16.26092903316021">
        <ele>639.5</ele>
      </trkpt>
      <trkpt lat="28.518919022753835" lon="-16.260954011231661">
        <ele>638.60000000000002</ele>
      </trkpt>
      <trkpt lat="28.518894966691732" lon="-16.260964991524816">
        <ele>638.10000000000002</ele>
      </trkpt>
      <trkpt lat="28.518864959478378" lon="-16.260982006788254">
        <ele>637.29999999999995</ele>
      </trkpt>
      <trkpt lat="28.518833024427295" lon="-16.26101796515286">
        <ele>636.5</ele>
      </trkpt>
      <trkpt lat="28.518787007778883" lon="-16.261049984022975">
        <ele>635.29999999999995</ele>
      </trkpt>
      <trkpt lat="28.518747026100755" lon="-16.261073034256697">
        <ele>633.79999999999995</ele>
      </trkpt>
      <trkpt lat="28.518754988908768" lon="-16.26110102981329">
        <ele>633.20000000000005</ele>
      </trkpt>
      <trkpt lat="28.518760018050671" lon="-16.261116033419967">
        <ele>632.79999999999995</ele>
      </trkpt>
      <trkpt lat="28.518779966980219" lon="-16.261112010106444">
        <ele>632.29999999999995</ele>
      </trkpt>
      <trkpt lat="28.518818020820618" lon="-16.26110496930778">
        <ele>632.29999999999995</ele>
      </trkpt>
      <trkpt lat="28.518807962536812" lon="-16.261117039248347">
        <ele>632</ele>
      </trkpt>
      <trkpt lat="28.518784996122122" lon="-16.261140005663037">
        <ele>631.60000000000002</ele>
      </trkpt>
      <trkpt lat="28.518753983080387" lon="-16.261174958199263">
        <ele>630.29999999999995</ele>
      </trkpt>
      <trkpt lat="28.518715007230639" lon="-16.261204965412617">
        <ele>628.79999999999995</ele>
      </trkpt>
      <trkpt lat="28.518707966431975" lon="-16.261227009817958">
        <ele>628.29999999999995</ele>
      </trkpt>
      <trkpt lat="28.518693968653679" lon="-16.261228015646338">
        <ele>628</ele>
      </trkpt>
      <trkpt lat="28.518681982532144" lon="-16.261256011202931">
        <ele>627.20000000000005</ele>
      </trkpt>
      <trkpt lat="28.51865298114717" lon="-16.261263974010944">
        <ele>626.70000000000005</ele>
      </trkpt>
      <trkpt lat="28.51863001473248" lon="-16.261261040344834">
        <ele>625.70000000000005</ele>
      </trkpt>
      <trkpt lat="28.518620962277055" lon="-16.261266991496086">
        <ele>625.5</ele>
      </trkpt>
      <trkpt lat="28.518608976155519" lon="-16.261292975395918">
        <ele>625</ele>
      </trkpt>
      <trkpt lat="28.518597995862365" lon="-16.26131895929575">
        <ele>624.5</ele>
      </trkpt>
      <trkpt lat="28.518599001690745" lon="-16.261334968730807">
        <ele>624.10000000000002</ele>
      </trkpt>
      <trkpt lat="28.518640995025635" lon="-16.261350978165865">
        <ele>623.10000000000002</ele>
      </trkpt>
      <trkpt lat="28.518660021945834" lon="-16.261364975944161">
        <ele>622.20000000000005</ele>
      </trkpt>
      <trkpt lat="28.518675025552511" lon="-16.261375034227967">
        <ele>621.70000000000005</ele>
      </trkpt>
      <trkpt lat="28.518705032765865" lon="-16.261375034227967">
        <ele>620.89999999999998</ele>
      </trkpt>
      <trkpt lat="28.518729005008936" lon="-16.261379979550838">
        <ele>620.39999999999998</ele>
      </trkpt>
      <trkpt lat="28.518714001402259" lon="-16.261395988985896">
        <ele>619.89999999999998</ele>
      </trkpt>
      <trkpt lat="28.518688017502427" lon="-16.261420967057347">
        <ele>619.60000000000002</ele>
      </trkpt>
      <trkpt lat="28.518653986975551" lon="-16.261444017291069">
        <ele>618.89999999999998</ele>
      </trkpt>
      <trkpt lat="28.518624985590577" lon="-16.261453991755843">
        <ele>618</ele>
      </trkpt>
      <trkpt lat="28.518577041104436" lon="-16.261470001190901">
        <ele>616.5</ele>
      </trkpt>
      <trkpt lat="28.51852398365736" lon="-16.261458015069366">
        <ele>615.20000000000005</ele>
      </trkpt>
      <trkpt lat="28.518507974222302" lon="-16.261433036997914">
        <ele>615.60000000000002</ele>
      </trkpt>
      <trkpt lat="28.518475033342838" lon="-16.261418033391237">
        <ele>613.5</ele>
      </trkpt>
      <trkpt lat="28.518464975059032" lon="-16.261409986764193">
        <ele>613.29999999999995</ele>
      </trkpt>
      <trkpt lat="28.518460029736161" lon="-16.26142499037087">
        <ele>612.79999999999995</ele>
      </trkpt>
      <trkpt lat="28.518486013635993" lon="-16.26144896261394">
        <ele>613.20000000000005</ele>
      </trkpt>
      <trkpt lat="28.518503028899431" lon="-16.261491039767861">
        <ele>612.29999999999995</ele>
      </trkpt>
      <trkpt lat="28.518528006970882" lon="-16.261525992304087">
        <ele>611.79999999999995</ele>
      </trkpt>
      <trkpt lat="28.518520966172218" lon="-16.261536972597241">
        <ele>611.10000000000002</ele>
      </trkpt>
      <trkpt lat="28.51843798533082" lon="-16.261475030332804">
        <ele>609.5</ele>
      </trkpt>
      <trkpt lat="28.518429016694427" lon="-16.261461032554507">
        <ele>609.29999999999995</ele>
      </trkpt>
      <trkpt lat="28.518414013087749" lon="-16.261461032554507">
        <ele>608.70000000000005</ele>
      </trkpt>
      <trkpt lat="28.518386017531157" lon="-16.261437982320786">
        <ele>608.10000000000002</ele>
      </trkpt>
      <trkpt lat="28.518361039459705" lon="-16.261413004249334">
        <ele>607.29999999999995</ele>
      </trkpt>
      <trkpt lat="28.518344024196267" lon="-16.261373022571206">
        <ele>605.79999999999995</ele>
      </trkpt>
      <trkpt lat="28.518337989225984" lon="-16.26133899204433">
        <ele>604.89999999999998</ele>
      </trkpt>
      <trkpt lat="28.518346035853028" lon="-16.261309990659356">
        <ele>604.20000000000005</ele>
      </trkpt>
      <trkpt lat="28.518358021974564" lon="-16.261270008981228">
        <ele>603.5</ele>
      </trkpt>
      <trkpt lat="28.518375037238002" lon="-16.26120999455452">
        <ele>602.5</ele>
      </trkpt>
      <trkpt lat="28.518386017531157" lon="-16.261170012876391">
        <ele>601.70000000000005</ele>
      </trkpt>
      <trkpt lat="28.518388029187918" lon="-16.261106980964541">
        <ele>600.79999999999995</ele>
      </trkpt>
      <trkpt lat="28.518381994217634" lon="-16.261054007336497">
        <ele>599.29999999999995</ele>
      </trkpt>
      <trkpt lat="28.518370008096099" lon="-16.261003967374563">
        <ele>598.60000000000002</ele>
      </trkpt>
      <trkpt lat="28.51835198700428" lon="-16.260969014838338">
        <ele>597.79999999999995</ele>
      </trkpt>
      <trkpt lat="28.518328014761209" lon="-16.260938001796603">
        <ele>596.29999999999995</ele>
      </trkpt>
      <trkpt lat="28.518305970355868" lon="-16.260887961834669">
        <ele>596</ele>
      </trkpt>
      <trkpt lat="28.518263977020979" lon="-16.260856026783586">
        <ele>592.79999999999995</ele>
      </trkpt>
      <trkpt lat="28.518237993121147" lon="-16.260828031226993">
        <ele>591.89999999999998</ele>
      </trkpt>
      <trkpt lat="28.51822198368609" lon="-16.26080397516489">
        <ele>591.29999999999995</ele>
      </trkpt>
      <trkpt lat="28.518223995342851" lon="-16.260740021243691">
        <ele>590</ele>
      </trkpt>
      <trkpt lat="28.518246039748192" lon="-16.260715965181589">
        <ele>589.60000000000002</ele>
      </trkpt>
      <trkpt lat="28.518260959535837" lon="-16.260700039565563">
        <ele>589.20000000000005</ele>
      </trkpt>
      <trkpt lat="28.518295995891094" lon="-16.260623009875417">
        <ele>586.39999999999998</ele>
      </trkpt>
      <trkpt lat="28.518316028639674" lon="-16.260598031803966">
        <ele>585.79999999999995</ele>
      </trkpt>
      <trkpt lat="28.518342012539506" lon="-16.260554026812315">
        <ele>586</ele>
      </trkpt>
      <trkpt lat="28.518363973125815" lon="-16.260516978800297">
        <ele>586.60000000000002</ele>
      </trkpt>
      <trkpt lat="28.518362967297435" lon="-16.26048001460731">
        <ele>586.5</ele>
      </trkpt>
      <trkpt lat="28.518333965912461" lon="-16.260489989072084">
        <ele>583.89999999999998</ele>
      </trkpt>
      <trkpt lat="28.518319968134165" lon="-16.260533994063735">
        <ele>583.39999999999998</ele>
      </trkpt>
      <trkpt lat="28.51830798201263" lon="-16.26054204069078">
        <ele>582.79999999999995</ele>
      </trkpt>
      <trkpt lat="28.518300019204617" lon="-16.260531982406974">
        <ele>582.29999999999995</ele>
      </trkpt>
      <trkpt lat="28.518300019204617" lon="-16.260482026264071">
        <ele>581.60000000000002</ele>
      </trkpt>
      <trkpt lat="28.518283003941178" lon="-16.26039401628077">
        <ele>581.10000000000002</ele>
      </trkpt>
      <trkpt lat="28.518279986456037" lon="-16.260320004075766">
        <ele>580.29999999999995</ele>
      </trkpt>
      <trkpt lat="28.518322985619307" lon="-16.260164016857743">
        <ele>578.39999999999998</ele>
      </trkpt>
      <trkpt lat="28.518332960084081" lon="-16.26011498272419">
        <ele>578</ele>
      </trkpt>
      <trkpt lat="28.518324997276068" lon="-16.260096039623022">
        <ele>576.60000000000002</ele>
      </trkpt>
      <trkpt lat="28.518301025032997" lon="-16.260109031572938">
        <ele>575.5</ele>
      </trkpt>
      <trkpt lat="28.518260037526488" lon="-16.260217996314168">
        <ele>575.39999999999998</ele>
      </trkpt>
      <trkpt lat="28.518235981464386" lon="-16.260227970778942">
        <ele>574.60000000000002</ele>
      </trkpt>
      <trkpt lat="28.518238998949528" lon="-16.260197963565588">
        <ele>573.29999999999995</ele>
      </trkpt>
      <trkpt lat="28.51824302226305" lon="-16.260153958573937">
        <ele>572.5</ele>
      </trkpt>
      <trkpt lat="28.518272023648024" lon="-16.260096961632371">
        <ele>571.70000000000005</ele>
      </trkpt>
      <trkpt lat="28.518273029476404" lon="-16.260081036016345">
        <ele>571.5</ele>
      </trkpt>
      <trkpt lat="28.518249979242682" lon="-16.260080030187964">
        <ele>570.20000000000005</ele>
      </trkpt>
      <trkpt lat="28.518225001171231" lon="-16.260105008259416">
        <ele>569.89999999999998</ele>
      </trkpt>
      <trkpt lat="28.518187031149864" lon="-16.26013602130115">
        <ele>569</ele>
      </trkpt>
      <trkpt lat="28.51817898452282" lon="-16.260131997987628">
        <ele>568.10000000000002</ele>
      </trkpt>
      <trkpt lat="28.518184013664722" lon="-16.260102996602654">
        <ele>567.29999999999995</ele>
      </trkpt>
      <trkpt lat="28.518232963979244" lon="-16.260024039074779">
        <ele>566.10000000000002</ele>
      </trkpt>
      <trkpt lat="28.51826498284936" lon="-16.25998598523438">
        <ele>565.60000000000002</ele>
      </trkpt>
      <trkpt lat="28.518292978405952" lon="-16.25992001965642">
        <ele>565.29999999999995</ele>
      </trkpt>
      <trkpt lat="28.518285015597939" lon="-16.259867968037724">
        <ele>565.89999999999998</ele>
      </trkpt>
      <trkpt lat="28.518263977020979" lon="-16.259832009673119">
        <ele>566.20000000000005</ele>
      </trkpt>
      <trkpt lat="28.518233969807625" lon="-16.259831003844738">
        <ele>565.89999999999998</ele>
      </trkpt>
      <trkpt lat="28.518194993957877" lon="-16.259819017723203">
        <ele>566.70000000000005</ele>
      </trkpt>
      <trkpt lat="28.518177978694439" lon="-16.259790016338229">
        <ele>567.89999999999998</ele>
      </trkpt>
      <trkpt lat="28.518150988966227" lon="-16.2597949616611">
        <ele>566.10000000000002</ele>
      </trkpt>
      <trkpt lat="28.518108995631337" lon="-16.259796973317862">
        <ele>565.10000000000002</ele>
      </trkpt>
      <trkpt lat="28.518067002296448" lon="-16.259777024388313">
        <ele>564.5</ele>
      </trkpt>
      <trkpt lat="28.518054010346532" lon="-16.259762020781636">
        <ele>564.10000000000002</ele>
      </trkpt>
      <trkpt lat="28.518038000911474" lon="-16.259730001911521">
        <ele>563.20000000000005</ele>
      </trkpt>
      <trkpt lat="28.518025008961558" lon="-16.25972899608314">
        <ele>562.5</ele>
      </trkpt>
      <trkpt lat="28.518015034496784" lon="-16.25975196249783">
        <ele>561.29999999999995</ele>
      </trkpt>
      <trkpt lat="28.518014028668404" lon="-16.259753974154592">
        <ele>561.29999999999995</ele>
      </trkpt>
      <trkpt lat="28.518011011183262" lon="-16.259786998853087">
        <ele>561.60000000000002</ele>
      </trkpt>
      <trkpt lat="28.518001036718488" lon="-16.259802002459764">
        <ele>560.20000000000005</ele>
      </trkpt>
      <trkpt lat="28.518000030890107" lon="-16.259819017723203">
        <ele>559.79999999999995</ele>
      </trkpt>
      <trkpt lat="28.518003970384598" lon="-16.259823041036725">
        <ele>559.60000000000002</ele>
      </trkpt>
      <trkpt lat="28.518014028668404" lon="-16.259833015501499">
        <ele>559.10000000000002</ele>
      </trkpt>
      <trkpt lat="28.518021991476417" lon="-16.259848019108176">
        <ele>558.89999999999998</ele>
      </trkpt>
      <trkpt lat="28.518014028668404" lon="-16.259753974154592">
        <ele>561.29999999999995</ele>
      </trkpt>
      <trkpt lat="28.518011011183262" lon="-16.259786998853087">
        <ele>561.60000000000002</ele>
      </trkpt>
      <trkpt lat="28.518001036718488" lon="-16.259802002459764">
        <ele>560.20000000000005</ele>
      </trkpt>
      <trkpt lat="28.518000030890107" lon="-16.259819017723203">
        <ele>559.79999999999995</ele>
      </trkpt>
      <trkpt lat="28.518003970384598" lon="-16.259823041036725">
        <ele>559.60000000000002</ele>
      </trkpt>
      <trkpt lat="28.518014028668404" lon="-16.259833015501499">
        <ele>559.10000000000002</ele>
      </trkpt>
      <trkpt lat="28.518021991476417" lon="-16.259848019108176">
        <ele>558.89999999999998</ele>
      </trkpt>
      <trkpt lat="28.518043030053377" lon="-16.259864028543234">
        <ele>558.20000000000005</ele>
      </trkpt>
      <trkpt lat="28.518045041710138" lon="-16.259886994957924">
        <ele>557.70000000000005</ele>
      </trkpt>
      <trkpt lat="28.518018973991275" lon="-16.25989998690784">
        <ele>556.29999999999995</ele>
      </trkpt>
      <trkpt lat="28.517995001748204" lon="-16.259893029928207">
        <ele>555.70000000000005</ele>
      </trkpt>
      <trkpt lat="28.517969017848372" lon="-16.259882971644402">
        <ele>555.5</ele>
      </trkpt>
      <trkpt lat="28.51796499453485" lon="-16.259871991351247">
        <ele>555.70000000000005</ele>
      </trkpt>
      <trkpt lat="28.517934987321496" lon="-16.259871991351247">
        <ele>554.79999999999995</ele>
      </trkpt>
      <trkpt lat="28.517928030341864" lon="-16.259889006614685">
        <ele>554</ele>
      </trkpt>
      <trkpt lat="28.517913026735187" lon="-16.259895963594317">
        <ele>553.20000000000005</ele>
      </trkpt>
      <trkpt lat="28.517905985936522" lon="-16.259886994957924">
        <ele>553.60000000000002</ele>
      </trkpt>
      <trkpt lat="28.517905985936522" lon="-16.259866040199995">
        <ele>553.89999999999998</ele>
      </trkpt>
      <trkpt lat="28.517886037006974" lon="-16.259869979694486">
        <ele>553.5</ele>
      </trkpt>
      <trkpt lat="28.517874972894788" lon="-16.259866962209344">
        <ele>553.5</ele>
      </trkpt>
      <trkpt lat="28.517871033400297" lon="-16.259849024936557">
        <ele>553.39999999999998</ele>
      </trkpt>
      <trkpt lat="28.517847983166575" lon="-16.25983502715826">
        <ele>553.39999999999998</ele>
      </trkpt>
      <trkpt lat="28.517828034237027" lon="-16.259825974702835">
        <ele>552.39999999999998</ele>
      </trkpt>
      <trkpt lat="28.517796015366912" lon="-16.25983502715826">
        <ele>552.10000000000002</ele>
      </trkpt>
      <trkpt lat="28.517754022032022" lon="-16.259849024936557">
        <ele>551.39999999999998</ele>
      </trkpt>
      <trkpt lat="28.517736000940204" lon="-16.259886994957924">
        <ele>550.60000000000002</ele>
      </trkpt>
      <trkpt lat="28.51770599372685" lon="-16.259922031313181">
        <ele>549.5</ele>
      </trkpt>
      <trkpt lat="28.517625024542212" lon="-16.259947009384632">
        <ele>548.89999999999998</ele>
      </trkpt>
      <trkpt lat="28.517584959045053" lon="-16.259966036304832">
        <ele>548.79999999999995</ele>
      </trkpt>
      <trkpt lat="28.51755796931684" lon="-16.259981039911509">
        <ele>549</ele>
      </trkpt>
      <trkpt lat="28.51749200373888" lon="-16.260032001882792">
        <ele>548</ele>
      </trkpt>
      <trkpt lat="28.517457973212004" lon="-16.260052034631371">
        <ele>546.79999999999995</ele>
      </trkpt>
      <trkpt lat="28.517417991533875" lon="-16.260073995217681">
        <ele>546.10000000000002</ele>
      </trkpt>
      <trkpt lat="28.517392007634044" lon="-16.260078018531203">
        <ele>545.89999999999998</ele>
      </trkpt>
      <trkpt lat="28.517373986542225" lon="-16.260090004652739">
        <ele>545.5</ele>
      </trkpt>
      <trkpt lat="28.517381027340889" lon="-16.260104002431035">
        <ele>544.89999999999998</ele>
      </trkpt>
      <trkpt lat="28.517413968220353" lon="-16.260111965239048">
        <ele>544.29999999999995</ele>
      </trkpt>
      <trkpt lat="28.517458979040384" lon="-16.260111965239048">
        <ele>543.5</ele>
      </trkpt>
      <trkpt lat="28.51747096516192" lon="-16.260113976895809">
        <ele>543</ele>
      </trkpt>
      <trkpt lat="28.517477000132203" lon="-16.260129986330867">
        <ele>542.10000000000002</ele>
      </trkpt>
      <trkpt lat="28.517466019839048" lon="-16.260145995765924">
        <ele>541.5</ele>
      </trkpt>
      <trkpt lat="28.517430983483791" lon="-16.260162005200982">
        <ele>541.10000000000002</ele>
      </trkpt>
      <trkpt lat="28.517386978492141" lon="-16.260180026292801">
        <ele>540.20000000000005</ele>
      </trkpt>
      <trkpt lat="28.517355965450406" lon="-16.260194024071097">
        <ele>539.29999999999995</ele>
      </trkpt>
      <trkpt lat="28.517322018742561" lon="-16.260205004364252">
        <ele>538.60000000000002</ele>
      </trkpt>
      <trkpt lat="28.517282037064433" lon="-16.260215984657407">
        <ele>537.20000000000005</ele>
      </trkpt>
      <trkpt lat="28.517215987667441" lon="-16.260236017405987">
        <ele>535.79999999999995</ele>
      </trkpt>
      <trkpt lat="28.517205007374287" lon="-16.260250015184283">
        <ele>535.20000000000005</ele>
      </trkpt>
      <trkpt lat="28.517184974625707" lon="-16.260259989649057">
        <ele>534.60000000000002</ele>
      </trkpt>
      <trkpt lat="28.517155973240733" lon="-16.260272981598973">
        <ele>533.60000000000002</ele>
      </trkpt>
      <trkpt lat="28.517097970470786" lon="-16.260272981598973">
        <ele>532.5</ele>
      </trkpt>
      <trkpt lat="28.517077015712857" lon="-16.26026401296258">
        <ele>532.39999999999998</ele>
      </trkpt>
      <trkpt lat="28.51704097352922" lon="-16.260260995477438">
        <ele>531.89999999999998</ele>
      </trkpt>
      <trkpt lat="28.517023036256433" lon="-16.260270969942212">
        <ele>531.39999999999998</ele>
      </trkpt>
      <trkpt lat="28.516979031264782" lon="-16.26026401296258">
        <ele>530.79999999999995</ele>
      </trkpt>
      <trkpt lat="28.516946006566286" lon="-16.260270969942212">
        <ele>530.29999999999995</ele>
      </trkpt>
      <trkpt lat="28.516899989917874" lon="-16.260268958285451">
        <ele>529.39999999999998</ele>
      </trkpt>
      <trkpt lat="28.516866965219378" lon="-16.260245991870761">
        <ele>528.5</ele>
      </trkpt>
      <trkpt lat="28.516859002411366" lon="-16.260254038497806">
        <ele>527.89999999999998</ele>
      </trkpt>
      <trkpt lat="28.516850033774972" lon="-16.260273987427354">
        <ele>527</ele>
      </trkpt>
      <trkpt lat="28.51686897687614" lon="-16.260313969105482">
        <ele>526.60000000000002</ele>
      </trkpt>
      <trkpt lat="28.516924967989326" lon="-16.260347999632359">
        <ele>525.60000000000002</ele>
      </trkpt>
      <trkpt lat="28.516960004344583" lon="-16.260370966047049">
        <ele>524.89999999999998</ele>
      </trkpt>
      <trkpt lat="28.517035022377968" lon="-16.260386975482106">
        <ele>523.60000000000002</ele>
      </trkpt>
      <trkpt lat="28.516995962709188" lon="-16.260413965210319">
        <ele>522.60000000000002</ele>
      </trkpt>
      <trkpt lat="28.516958998516202" lon="-16.260420000180602">
        <ele>522.20000000000005</ele>
      </trkpt>
      <trkpt lat="28.516917005181313" lon="-16.260431986302137">
        <ele>521.29999999999995</ele>
      </trkpt>
      <trkpt lat="28.516875011846423" lon="-16.260444978252053">
        <ele>520.60000000000002</ele>
      </trkpt>
      <trkpt lat="28.516816003248096" lon="-16.260455958545208">
        <ele>519.5</ele>
      </trkpt>
      <trkpt lat="28.516767974942923" lon="-16.260465011000633">
        <ele>518.5</ele>
      </trkpt>
      <trkpt lat="28.516725981608033" lon="-16.260472973808646">
        <ele>517.5</ele>
      </trkpt>
      <trkpt lat="28.516682982444763" lon="-16.260468028485775">
        <ele>516.70000000000005</ele>
      </trkpt>
      <trkpt lat="28.516639983281493" lon="-16.260456964373589">
        <ele>517.10000000000002</ele>
      </trkpt>
      <trkpt lat="28.516607964411378" lon="-16.260467022657394">
        <ele>516.5</ele>
      </trkpt>
      <trkpt lat="28.516617016866803" lon="-16.26050197519362">
        <ele>515</ele>
      </trkpt>
      <trkpt lat="28.516590027138591" lon="-16.260537011548877">
        <ele>514.20000000000005</ele>
      </trkpt>
      <trkpt lat="28.516576029360294" lon="-16.260559977963567">
        <ele>514.29999999999995</ele>
      </trkpt>
      <trkpt lat="28.516543004661798" lon="-16.260582022368908">
        <ele>514.20000000000005</ele>
      </trkpt>
      <trkpt lat="28.516518026590347" lon="-16.260577999055386">
        <ele>513.89999999999998</ele>
      </trkpt>
      <trkpt lat="28.516501011326909" lon="-16.260590991005301">
        <ele>512.89999999999998</ele>
      </trkpt>
      <trkpt lat="28.516443008556962" lon="-16.26058503985405">
        <ele>511.80000000000001</ele>
      </trkpt>
      <trkpt lat="28.516410989686847" lon="-16.26056500710547">
        <ele>511.39999999999998</ele>
      </trkpt>
      <trkpt lat="28.516377964988351" lon="-16.260561989620328">
        <ele>510.80000000000001</ele>
      </trkpt>
      <trkpt lat="28.51635399274528" lon="-16.260575987398624">
        <ele>510</ele>
      </trkpt>
      <trkpt lat="28.51633002050221" lon="-16.26058797352016">
        <ele>509.69999999999999</ele>
      </trkpt>
      <trkpt lat="28.516337983310223" lon="-16.260604988783598">
        <ele>509.10000000000002</ele>
      </trkpt>
      <trkpt lat="28.51637301966548" lon="-16.260614963248372">
        <ele>508.60000000000002</ele>
      </trkpt>
      <trkpt lat="28.516402021050453" lon="-16.260628961026669">
        <ele>507.39999999999998</ele>
      </trkpt>
      <trkpt lat="28.516432028263807" lon="-16.260656034573913">
        <ele>507</ele>
      </trkpt>
      <trkpt lat="28.516465974971652" lon="-16.26067103818059">
        <ele>506.39999999999998</ele>
      </trkpt>
      <trkpt lat="28.516497993841767" lon="-16.260682018473744">
        <ele>506.19999999999999</ele>
      </trkpt>
      <trkpt lat="28.516520960256457" lon="-16.260691992938519">
        <ele>505.5</ele>
      </trkpt>
      <trkpt lat="28.516553984954953" lon="-16.260690987110138">
        <ele>505</ele>
      </trkpt>
      <trkpt lat="28.516590027138591" lon="-16.260683024302125">
        <ele>504.89999999999998</ele>
      </trkpt>
      <trkpt lat="28.516621040180326" lon="-16.2606739718467">
        <ele>505.19999999999999</ele>
      </trkpt>
      <trkpt lat="28.516640989109874" lon="-16.260686041787267">
        <ele>504.5</ele>
      </trkpt>
      <trkpt lat="28.516633026301861" lon="-16.260710014030337">
        <ele>504.39999999999998</ele>
      </trkpt>
      <trkpt lat="28.516615005210042" lon="-16.260731974616647">
        <ele>503.80000000000001</ele>
      </trkpt>
      <trkpt lat="28.516605030745268" lon="-16.260753013193607">
        <ele>504.5</ele>
      </trkpt>
      <trkpt lat="28.516590027138591" lon="-16.260785032063723">
        <ele>504.10000000000002</ele>
      </trkpt>
      <trkpt lat="28.516580974683166" lon="-16.260805986821651">
        <ele>502.89999999999998</ele>
      </trkpt>
      <trkpt lat="28.516552979126573" lon="-16.260817972943187">
        <ele>501</ele>
      </trkpt>
      <trkpt lat="28.516479972749949" lon="-16.260805986821651">
        <ele>500</ele>
      </trkpt>
      <trkpt lat="28.516406966373324" lon="-16.260816967114806">
        <ele>499.89999999999998</ele>
      </trkpt>
      <trkpt lat="28.51633002050221" lon="-16.260832976549864">
        <ele>500.60000000000002</ele>
      </trkpt>
      <trkpt lat="28.516258019953966" lon="-16.260857032611966">
        <ele>500.80000000000001</ele>
      </trkpt>
      <trkpt lat="28.516215020790696" lon="-16.260873964056373">
        <ele>503.30000000000001</ele>
      </trkpt>
      <trkpt lat="28.516179984435439" lon="-16.260896008461714">
        <ele>504.69999999999999</ele>
      </trkpt>
      <trkpt lat="28.516156012192369" lon="-16.260907994583249">
        <ele>504.5</ele>
      </trkpt>
      <trkpt lat="28.516102032735944" lon="-16.260911012068391">
        <ele>504.39999999999998</ele>
      </trkpt>
      <trkpt lat="28.516044029965997" lon="-16.2609329726547">
        <ele>505.30000000000001</ele>
      </trkpt>
      <trkpt lat="28.515991978347301" lon="-16.260969014838338">
        <ele>504.60000000000002</ele>
      </trkpt>
      <trkpt lat="28.515940010547638" lon="-16.260992987081409">
        <ele>502.60000000000002</ele>
      </trkpt>
      <trkpt lat="28.515916960313916" lon="-16.261016959324479">
        <ele>501.80000000000001</ele>
      </trkpt>
      <trkpt lat="28.515887036919594" lon="-16.261055013164878">
        <ele>502</ele>
      </trkpt>
      <trkpt lat="28.515855018049479" lon="-16.261074040085077">
        <ele>501.10000000000002</ele>
      </trkpt>
      <trkpt lat="28.515811013057828" lon="-16.26108200289309">
        <ele>501.80000000000001</ele>
      </trkpt>
      <trkpt lat="28.515735995024443" lon="-16.261075967922807">
        <ele>501.60000000000002</ele>
      </trkpt>
      <trkpt lat="28.515703976154327" lon="-16.261065993458033">
        <ele>501.80000000000001</ele>
      </trkpt>
      <trkpt lat="28.515684027224779" lon="-16.261046966537833">
        <ele>501.30000000000001</ele>
      </trkpt>
      <trkpt lat="28.515670029446483" lon="-16.261033974587917">
        <ele>500.69999999999999</ele>
      </trkpt>
      <trkpt lat="28.515643961727619" lon="-16.261034980416298">
        <ele>501</ele>
      </trkpt>
      <trkpt lat="28.515618983656168" lon="-16.261034980416298">
        <ele>501</ele>
      </trkpt>
      <trkpt lat="28.515585036948323" lon="-16.261036992073059">
        <ele>500.69999999999999</ele>
      </trkpt>
      <trkpt lat="28.515550000593066" lon="-16.261053001508117">
        <ele>500.39999999999998</ele>
      </trkpt>
      <trkpt lat="28.515507001429796" lon="-16.261086026206613">
        <ele>500.30000000000001</ele>
      </trkpt>
      <trkpt lat="28.515469031408429" lon="-16.261084014549851">
        <ele>499.80000000000001</ele>
      </trkpt>
      <trkpt lat="28.515485962852836" lon="-16.261063981801271">
        <ele>498.60000000000002</ele>
      </trkpt>
      <trkpt lat="28.515512030571699" lon="-16.261028023436666">
        <ele>497.89999999999998</ele>
      </trkpt>
      <trkpt lat="28.515538014471531" lon="-16.261012014001608">
        <ele>497.5</ele>
      </trkpt>
      <trkpt lat="28.515567015856504" lon="-16.26097597181797">
        <ele>497.5</ele>
      </trkpt>
      <trkpt lat="28.515569027513266" lon="-16.260961974039674">
        <ele>496.30000000000001</ele>
      </trkpt>
      <trkpt lat="28.515546983107924" lon="-16.260958034545183">
        <ele>495.80000000000001</ele>
      </trkpt>
      <trkpt lat="28.515485962852836" lon="-16.260956022888422">
        <ele>494.89999999999998</ele>
      </trkpt>
      <trkpt lat="28.515384960919619" lon="-16.260955017060041">
        <ele>493.5</ele>
      </trkpt>
      <trkpt lat="28.515326036140323" lon="-16.260963985696435">
        <ele>492.5</ele>
      </trkpt>
      <trkpt lat="28.515138030052185" lon="-16.260934984311461">
        <ele>488.69999999999999</ele>
      </trkpt>
      <trkpt lat="28.515090001747012" lon="-16.260930960997939">
        <ele>487.80000000000001</ele>
      </trkpt>
      <trkpt lat="28.515059994533658" lon="-16.260917969048023">
        <ele>486.5</ele>
      </trkpt>
      <trkpt lat="28.515023030340672" lon="-16.260920986533165">
        <ele>485.30000000000001</ele>
      </trkpt>
      <trkpt lat="28.514976007863879" lon="-16.260907994583249">
        <ele>484.19999999999999</ele>
      </trkpt>
      <trkpt lat="28.514952035620809" lon="-16.260922998189926">
        <ele>483.80000000000001</ele>
      </trkpt>
      <trkpt lat="28.514924962073565" lon="-16.260941019281745">
        <ele>483</ele>
      </trkpt>
      <trkpt lat="28.514899984002113" lon="-16.2609519995749">
        <ele>482.19999999999999</ele>
      </trkpt>
      <trkpt lat="28.514862013980746" lon="-16.260964991524816">
        <ele>481.5</ele>
      </trkpt>
      <trkpt lat="28.514843992888927" lon="-16.260954011231661">
        <ele>480.80000000000001</ele>
      </trkpt>
      <trkpt lat="28.514821026474237" lon="-16.260940013453364">
        <ele>480.19999999999999</ele>
      </trkpt>
      <trkpt lat="28.514767969027162" lon="-16.260913023725152">
        <ele>479.19999999999999</ele>
      </trkpt>
      <trkpt lat="28.514739973470569" lon="-16.260924004018307">
        <ele>480.10000000000002</ele>
      </trkpt>
      <trkpt lat="28.514735028147697" lon="-16.260915035381913">
        <ele>479.60000000000002</ele>
      </trkpt>
      <trkpt lat="28.514692028984427" lon="-16.26091000624001">
        <ele>478.69999999999999</ele>
      </trkpt>
      <trkpt lat="28.514663027599454" lon="-16.260906988754869">
        <ele>479</ele>
      </trkpt>
      <trkpt lat="28.514609970152378" lon="-16.260905982926488">
        <ele>478.60000000000002</ele>
      </trkpt>
      <trkpt lat="28.51459002122283" lon="-16.260914029553533">
        <ele>478.30000000000001</ele>
      </trkpt>
      <trkpt lat="28.514572000131011" lon="-16.260912017896771">
        <ele>477.80000000000001</ele>
      </trkpt>
      <trkpt lat="28.514541992917657" lon="-16.260906988754869">
        <ele>477.39999999999998</ele>
      </trkpt>
      <trkpt lat="28.514515003189445" lon="-16.260906988754869">
        <ele>476.10000000000002</ele>
      </trkpt>
      <trkpt lat="28.514444008469582" lon="-16.260885028168559">
        <ele>474.19999999999999</ele>
      </trkpt>
      <trkpt lat="28.514408972114325" lon="-16.260872036218643">
        <ele>473.30000000000001</ele>
      </trkpt>
      <trkpt lat="28.514357004314661" lon="-16.260850997641683">
        <ele>471.69999999999999</ele>
      </trkpt>
      <trkpt lat="28.514305036514997" lon="-16.260833982378244">
        <ele>471.10000000000002</ele>
      </trkpt>
      <trkpt lat="28.514274023473263" lon="-16.260829959064722">
        <ele>470.39999999999998</ele>
      </trkpt>
      <trkpt lat="28.514223983511329" lon="-16.260826019570231">
        <ele>469.30000000000001</ele>
      </trkpt>
      <trkpt lat="28.514189030975103" lon="-16.260829037055373">
        <ele>469</ele>
      </trkpt>
      <trkpt lat="28.514177966862917" lon="-16.260833982378244">
        <ele>469.19999999999999</ele>
      </trkpt>
      <trkpt lat="28.514128010720015" lon="-16.260856026783586">
        <ele>469</ele>
      </trkpt>
      <trkpt lat="28.514087023213506" lon="-16.260862983763218">
        <ele>468.5</ele>
      </trkpt>
      <trkpt lat="28.514046035706997" lon="-16.260872036218643">
        <ele>467.80000000000001</ele>
      </trkpt>
      <trkpt lat="28.51401200518012" lon="-16.260873964056373">
        <ele>467.30000000000001</ele>
      </trkpt>
      <trkpt lat="28.513949979096651" lon="-16.260858038440347">
        <ele>466.10000000000002</ele>
      </trkpt>
      <trkpt lat="28.513914020732045" lon="-16.26086600124836">
        <ele>464.69999999999999</ele>
      </trkpt>
      <trkpt lat="28.513870015740395" lon="-16.260884022340178">
        <ele>463.89999999999998</ele>
      </trkpt>
      <trkpt lat="28.513832967728376" lon="-16.260916041210294">
        <ele>463.5</ele>
      </trkpt>
      <trkpt lat="28.51379700936377" lon="-16.260946970432997">
        <ele>462.30000000000001</ele>
      </trkpt>
      <trkpt lat="28.513743029907346" lon="-16.26101503148675">
        <ele>460.69999999999999</ele>
      </trkpt>
      <trkpt lat="28.513726014643908" lon="-16.261045960709453">
        <ele>460.19999999999999</ele>
      </trkpt>
      <trkpt lat="28.513707993552089" lon="-16.261088037863374">
        <ele>459.80000000000001</ele>
      </trkpt>
      <trkpt lat="28.513697013258934" lon="-16.26110496930778">
        <ele>459.69999999999999</ele>
      </trkpt>
      <trkpt lat="28.513685027137399" lon="-16.261107986792922">
        <ele>458.60000000000002</ele>
      </trkpt>
      <trkpt lat="28.513682009652257" lon="-16.261099018156528">
        <ele>458.39999999999998</ele>
      </trkpt>
      <trkpt lat="28.513687960803509" lon="-16.26105803065002">
        <ele>457.80000000000001</ele>
      </trkpt>
      <trkpt lat="28.513698019087315" lon="-16.260988963767886">
        <ele>457.60000000000002</ele>
      </trkpt>
      <trkpt lat="28.513706987723708" lon="-16.260921992361546">
        <ele>457.10000000000002</ele>
      </trkpt>
      <trkpt lat="28.513717968016863" lon="-16.260858038440347">
        <ele>455.39999999999998</ele>
      </trkpt>
      <trkpt lat="28.513729032129049" lon="-16.260825013741851">
        <ele>454.69999999999999</ele>
      </trkpt>
      <trkpt lat="28.513755016028881" lon="-16.260798024013638">
        <ele>453.60000000000002</ele>
      </trkpt>
      <trkpt lat="28.513770019635558" lon="-16.260786959901452">
        <ele>453.19999999999999</ele>
      </trkpt>
      <trkpt lat="28.51377597078681" lon="-16.260772962123156">
        <ele>452.60000000000002</ele>
      </trkpt>
      <trkpt lat="28.513763984665275" lon="-16.260766005143523">
        <ele>451.89999999999998</ele>
      </trkpt>
      <trkpt lat="28.513740012422204" lon="-16.260762987658381">
        <ele>452</ele>
      </trkpt>
      <trkpt lat="28.513703970238566" lon="-16.260783020406961">
        <ele>451</ele>
      </trkpt>
      <trkpt lat="28.513674968853593" lon="-16.260804980993271">
        <ele>450.89999999999998</ele>
      </trkpt>
      <trkpt lat="28.513635993003845" lon="-16.260829959064722">
        <ele>449.30000000000001</ele>
      </trkpt>
      <trkpt lat="28.513628030195832" lon="-16.260850997641683">
        <ele>449.19999999999999</ele>
      </trkpt>
      <trkpt lat="28.51360104046762" lon="-16.260883016511798">
        <ele>448.60000000000002</ele>
      </trkpt>
      <trkpt lat="28.513572039082646" lon="-16.260924004018307">
        <ele>447.30000000000001</ele>
      </trkpt>
      <trkpt lat="28.513556029647589" lon="-16.260941019281745">
        <ele>446.89999999999998</ele>
      </trkpt>
      <trkpt lat="28.513542031869292" lon="-16.260941019281745">
        <ele>446.30000000000001</ele>
      </trkpt>
      <trkpt lat="28.513539014384151" lon="-16.2609329726547">
        <ele>446.10000000000002</ele>
      </trkpt>
      <trkpt lat="28.513534991070628" lon="-16.260904977098107">
        <ele>445.60000000000002</ele>
      </trkpt>
      <trkpt lat="28.513539014384151" lon="-16.260878993198276">
        <ele>445</ele>
      </trkpt>
      <trkpt lat="28.513547983020544" lon="-16.260831970721483">
        <ele>444.10000000000002</ele>
      </trkpt>
      <trkpt lat="28.513557035475969" lon="-16.260792994871736">
        <ele>443.80000000000001</ele>
      </trkpt>
      <trkpt lat="28.513553012162447" lon="-16.260734992101789">
        <ele>441.80000000000001</ele>
      </trkpt>
      <trkpt lat="28.513570027425885" lon="-16.260692998766899">
        <ele>441.30000000000001</ele>
      </trkpt>
      <trkpt lat="28.513589976355433" lon="-16.260644970461726">
        <ele>440.10000000000002</ele>
      </trkpt>
      <trkpt lat="28.513613026589155" lon="-16.260624015703797">
        <ele>439.69999999999999</ele>
      </trkpt>
      <trkpt lat="28.513605985790491" lon="-16.26060901209712">
        <ele>437.89999999999998</ele>
      </trkpt>
      <trkpt lat="28.513529039919376" lon="-16.260636001825333">
        <ele>438.30000000000001</ele>
      </trkpt>
      <trkpt lat="28.513466008007526" lon="-16.260661985725164">
        <ele>437.19999999999999</ele>
      </trkpt>
      <trkpt lat="28.513371963053942" lon="-16.260708002373576">
        <ele>434.39999999999998</ele>
      </trkpt>
      <trkpt lat="28.513372968882322" lon="-16.260684030130506">
        <ele>433.89999999999998</ele>
      </trkpt>
      <trkpt lat="28.513361988589168" lon="-16.260686963796616">
        <ele>433.5</ele>
      </trkpt>
      <trkpt lat="28.513346984982491" lon="-16.260699033737183">
        <ele>432.5</ele>
      </trkpt>
      <trkpt lat="28.513334998860955" lon="-16.260723005980253">
        <ele>432</ele>
      </trkpt>
      <trkpt lat="28.513321001082659" lon="-16.260725017637014">
        <ele>431.69999999999999</ele>
      </trkpt>
      <trkpt lat="28.513301974162459" lon="-16.260749995708466">
        <ele>431.60000000000002</ele>
      </trkpt>
      <trkpt lat="28.513279007747769" lon="-16.260764999315143">
        <ele>431.30000000000001</ele>
      </trkpt>
      <trkpt lat="28.513242965564132" lon="-16.260778997093439">
        <ele>430.60000000000002</ele>
      </trkpt>
      <trkpt lat="28.513212958350778" lon="-16.260785032063723">
        <ele>430.30000000000001</ele>
      </trkpt>
      <trkpt lat="28.513193009421229" lon="-16.260785032063723">
        <ele>429.69999999999999</ele>
      </trkpt>
      <trkpt lat="28.513197032734752" lon="-16.260766005143523">
        <ele>429.30000000000001</ele>
      </trkpt>
      <trkpt lat="28.513221004977822" lon="-16.260752007365227">
        <ele>428.89999999999998</ele>
      </trkpt>
      <trkpt lat="28.513236008584499" lon="-16.260734992101789">
        <ele>428.39999999999998</ele>
      </trkpt>
      <trkpt lat="28.513245983049273" lon="-16.260696016252041">
        <ele>427.69999999999999</ele>
      </trkpt>
      <trkpt lat="28.513252018019557" lon="-16.260667014867067">
        <ele>427.10000000000002</ele>
      </trkpt>
      <trkpt lat="28.513267021626234" lon="-16.260644970461726">
        <ele>426.19999999999999</ele>
      </trkpt>
      <trkpt lat="28.513287976384163" lon="-16.260632984340191">
        <ele>425.5</ele>
      </trkpt>
      <trkpt lat="28.513330975547433" lon="-16.260601971298456">
        <ele>425.60000000000002</ele>
      </trkpt>
      <trkpt lat="28.513368023559451" lon="-16.260581016540527">
        <ele>424.10000000000002</ele>
      </trkpt>
      <trkpt lat="28.513395013287663" lon="-16.260560983791947">
        <ele>424.19999999999999</ele>
      </trkpt>
      <trkpt lat="28.51340901106596" lon="-16.260548997670412">
        <ele>423.89999999999998</ele>
      </trkpt>
      <trkpt lat="28.513410016894341" lon="-16.260533994063735">
        <ele>422.60000000000002</ele>
      </trkpt>
      <trkpt lat="28.51338897831738" lon="-16.260525025427341">
        <ele>422.80000000000001</ele>
      </trkpt>
      <trkpt lat="28.513371041044593" lon="-16.260527037084103">
        <ele>422.60000000000002</ele>
      </trkpt>
      <trkpt lat="28.513296023011208" lon="-16.260553020983934">
        <ele>421.69999999999999</ele>
      </trkpt>
      <trkpt lat="28.513221004977822" lon="-16.260551009327173">
        <ele>419.69999999999999</ele>
      </trkpt>
      <trkpt lat="28.513166019693017" lon="-16.260551009327173">
        <ele>420.10000000000002</ele>
      </trkpt>
      <trkpt lat="28.513123020529747" lon="-16.260575987398624">
        <ele>419.5</ele>
      </trkpt>
      <trkpt lat="28.5130650177598" lon="-16.260583028197289">
        <ele>419</ele>
      </trkpt>
      <trkpt lat="28.512930991128087" lon="-16.260597025975585">
        <ele>416.39999999999998</ele>
      </trkpt>
      <trkpt lat="28.512792019173503" lon="-16.260632984340191">
        <ele>413.19999999999999</ele>
      </trkpt>
      <trkpt lat="28.512699985876679" lon="-16.260675983503461">
        <ele>411.19999999999999</ele>
      </trkpt>
      <trkpt lat="28.51268095895648" lon="-16.260685035958886">
        <ele>410.80000000000001</ele>
      </trkpt>
      <trkpt lat="28.512658998370171" lon="-16.260704984888434">
        <ele>409.5</ele>
      </trkpt>
      <trkpt lat="28.5126350261271" lon="-16.260708002373576">
        <ele>408.60000000000002</ele>
      </trkpt>
      <trkpt lat="28.512607030570507" lon="-16.260712025687099">
        <ele>408.5</ele>
      </trkpt>
      <trkpt lat="28.512595966458321" lon="-16.260701967403293">
        <ele>407.80000000000001</ele>
      </trkpt>
      <trkpt lat="28.512612981721759" lon="-16.26069400459528">
        <ele>407.80000000000001</ele>
      </trkpt>
      <trkpt lat="28.512625973671675" lon="-16.260676989331841">
        <ele>407.30000000000001</ele>
      </trkpt>
      <trkpt lat="28.512633014470339" lon="-16.260668020695448">
        <ele>407.30000000000001</ele>
      </trkpt>
      <trkpt lat="28.512629996985197" lon="-16.260659974068403">
        <ele>407</ele>
      </trkpt>
      <trkpt lat="28.512602001428604" lon="-16.260670032352209">
        <ele>405.89999999999998</ele>
      </trkpt>
      <trkpt lat="28.512557996436954" lon="-16.260669026523829">
        <ele>405.10000000000002</ele>
      </trkpt>
      <trkpt lat="28.512509968131781" lon="-16.260670032352209">
        <ele>403.60000000000002</ele>
      </trkpt>
      <trkpt lat="28.512444002553821" lon="-16.260666009038687">
        <ele>402.30000000000001</ele>
      </trkpt>
      <trkpt lat="28.512396980077028" lon="-16.26067497767508">
        <ele>402.10000000000002</ele>
      </trkpt>
      <trkpt lat="28.512354986742139" lon="-16.260681012645364">
        <ele>400.60000000000002</ele>
      </trkpt>
      <trkpt lat="28.512311987578869" lon="-16.260700039565563">
        <ele>400.5</ele>
      </trkpt>
      <trkpt lat="28.512292960658669" lon="-16.260706996545196">
        <ele>400</ele>
      </trkpt>
      <trkpt lat="28.51224803365767" lon="-16.260749995708466">
        <ele>400.10000000000002</ele>
      </trkpt>
      <trkpt lat="28.512204028666019" lon="-16.260754019021988">
        <ele>398.5</ele>
      </trkpt>
      <trkpt lat="28.512160023674369" lon="-16.26076097600162">
        <ele>398.39999999999998</ele>
      </trkpt>
      <trkpt lat="28.512143008410931" lon="-16.260762987658381">
        <ele>398.5</ele>
      </trkpt>
      <trkpt lat="28.512105960398912" lon="-16.260751001536846">
        <ele>398.10000000000002</ele>
      </trkpt>
      <trkpt lat="28.512075031176209" lon="-16.260752007365227">
        <ele>397.69999999999999</ele>
      </trkpt>
      <trkpt lat="28.512050975114107" lon="-16.260762987658381">
        <ele>397.19999999999999</ele>
      </trkpt>
      <trkpt lat="28.512024991214275" lon="-16.260777991265059">
        <ele>397.39999999999998</ele>
      </trkpt>
      <trkpt lat="28.51199003867805" lon="-16.260786959901452">
        <ele>396.60000000000002</ele>
      </trkpt>
      <trkpt lat="28.511950979009271" lon="-16.260799029842019">
        <ele>396.10000000000002</ele>
      </trkpt>
      <trkpt lat="28.511891970410943" lon="-16.260812021791935">
        <ele>393.89999999999998</ele>
      </trkpt>
      <trkpt lat="28.511817036196589" lon="-16.260830964893103">
        <ele>391</ele>
      </trkpt>
      <trkpt lat="28.511786023154855" lon="-16.260839011520147">
        <ele>390.69999999999999</ele>
      </trkpt>
      <trkpt lat="28.511731959879398" lon="-16.260853009298444">
        <ele>390.39999999999998</ele>
      </trkpt>
      <trkpt lat="28.511685021221638" lon="-16.260871030390263">
        <ele>387.5</ele>
      </trkpt>
      <trkpt lat="28.511640010401607" lon="-16.26088703982532">
        <ele>388.60000000000002</ele>
      </trkpt>
      <trkpt lat="28.511585025116801" lon="-16.260899025946856">
        <ele>387.5</ele>
      </trkpt>
      <trkpt lat="28.511549988761544" lon="-16.260902965441346">
        <ele>387</ele>
      </trkpt>
      <trkpt lat="28.51147597655654" lon="-16.260905982926488">
        <ele>385.69999999999999</ele>
      </trkpt>
      <trkpt lat="28.511448986828327" lon="-16.260903971269727">
        <ele>385.39999999999998</ele>
      </trkpt>
      <trkpt lat="28.511426020413637" lon="-16.260905982926488">
        <ele>385.5</ele>
      </trkpt>
      <trkpt lat="28.511399030685425" lon="-16.260907994583249">
        <ele>384.89999999999998</ele>
      </trkpt>
      <trkpt lat="28.511373968794942" lon="-16.260904977098107">
        <ele>385.5</ele>
      </trkpt>
      <trkpt lat="28.511341027915478" lon="-16.26090900041163">
        <ele>385.30000000000001</ele>
      </trkpt>
      <trkpt lat="28.511212030425668" lon="-16.260955017060041">
        <ele>382.80000000000001</ele>
      </trkpt>
      <trkpt lat="28.511084960773587" lon="-16.261031962931156">
        <ele>380.39999999999998</ele>
      </trkpt>
      <trkpt lat="28.511022012680769" lon="-16.261068005114794">
        <ele>379</ele>
      </trkpt>
      <trkpt lat="28.510926039889455" lon="-16.261121984571218">
        <ele>377.5</ele>
      </trkpt>
      <trkpt lat="28.510850016027689" lon="-16.261161966249347">
        <ele>375.60000000000002</ele>
      </trkpt>
      <trkpt lat="28.510725041851401" lon="-16.261207982897758">
        <ele>371.69999999999999</ele>
      </trkpt>
      <trkpt lat="28.510667961090803" lon="-16.261232038959861">
        <ele>370.5</ele>
      </trkpt>
      <trkpt lat="28.510569976642728" lon="-16.261248970404267">
        <ele>367.89999999999998</ele>
      </trkpt>
      <trkpt lat="28.510514991357923" lon="-16.261272020637989">
        <ele>366.39999999999998</ele>
      </trkpt>
      <trkpt lat="28.510474003851414" lon="-16.261284006759524">
        <ele>365.89999999999998</ele>
      </trkpt>
      <trkpt lat="28.51046402938664" lon="-16.26127596013248">
        <ele>364.89999999999998</ele>
      </trkpt>
      <trkpt lat="28.510477021336555" lon="-16.261240001767874">
        <ele>364.5</ele>
      </trkpt>
      <trkpt lat="28.510451037436724" lon="-16.261246036738157">
        <ele>364.30000000000001</ele>
      </trkpt>
      <trkpt lat="28.510410971939564" lon="-16.26125399954617">
        <ele>362.89999999999998</ele>
      </trkpt>
      <trkpt lat="28.510334026068449" lon="-16.261286018416286">
        <ele>361.10000000000002</ele>
      </trkpt>
      <trkpt lat="28.510293960571289" lon="-16.261287024244666">
        <ele>359.10000000000002</ele>
      </trkpt>
      <trkpt lat="28.510242998600006" lon="-16.261280989274383">
        <ele>358.69999999999999</ele>
      </trkpt>
      <trkpt lat="28.510175021365285" lon="-16.261284006759524">
        <ele>356.60000000000002</ele>
      </trkpt>
      <trkpt lat="28.510096985846758" lon="-16.261285012587905">
        <ele>356.19999999999999</ele>
      </trkpt>
      <trkpt lat="28.510069996118546" lon="-16.261298004537821">
        <ele>355.69999999999999</ele>
      </trkpt>
      <trkpt lat="28.510022973641753" lon="-16.26131703145802">
        <ele>354.60000000000002</ele>
      </trkpt>
      <trkpt lat="28.509987015277147" lon="-16.261334968730807">
        <ele>354.10000000000002</ele>
      </trkpt>
      <trkpt lat="28.509964970871806" lon="-16.261347038671374">
        <ele>353.89999999999998</ele>
      </trkpt>
      <trkpt lat="28.509977040812373" lon="-16.261332035064697">
        <ele>353.80000000000001</ele>
      </trkpt>
      <trkpt lat="28.510040994733572" lon="-16.261278977617621">
        <ele>352.69999999999999</ele>
      </trkpt>
      <trkpt lat="28.510078964754939" lon="-16.261237990111113">
        <ele>351.19999999999999</ele>
      </trkpt>
      <trkpt lat="28.51010100916028" lon="-16.261206977069378">
        <ele>350.30000000000001</ele>
      </trkpt>
      <trkpt lat="28.510104026645422" lon="-16.261195996776223">
        <ele>349.10000000000002</ele>
      </trkpt>
      <trkpt lat="28.510078964754939" lon="-16.261194990947843">
        <ele>348.60000000000002</ele>
      </trkpt>
      <trkpt lat="28.510045018047094" lon="-16.261186022311449">
        <ele>347.39999999999998</ele>
      </trkpt>
      <trkpt lat="28.510011993348598" lon="-16.261176969856024">
        <ele>346.80000000000001</ele>
      </trkpt>
      <trkpt lat="28.509999001398683" lon="-16.261174036189914">
        <ele>346.80000000000001</ele>
      </trkpt>
      <trkpt lat="28.509938986971974" lon="-16.26116699539125">
        <ele>346.80000000000001</ele>
      </trkpt>
      <trkpt lat="28.509927000850439" lon="-16.261150985956192">
        <ele>344.89999999999998</ele>
      </trkpt>
      <trkpt lat="28.509902022778988" lon="-16.261163977906108">
        <ele>345.30000000000001</ele>
      </trkpt>
      <trkpt lat="28.509876038879156" lon="-16.261164983734488">
        <ele>344.39999999999998</ele>
      </trkpt>
      <trkpt lat="28.509763972833753" lon="-16.261174036189914">
        <ele>344.69999999999999</ele>
      </trkpt>
      <trkpt lat="28.509631035849452" lon="-16.261185016483068">
        <ele>340.69999999999999</ele>
      </trkpt>
      <trkpt lat="28.509574038907886" lon="-16.261208988726139">
        <ele>340.30000000000001</ele>
      </trkpt>
      <trkpt lat="28.509503966197371" lon="-16.261258022859693">
        <ele>338.89999999999998</ele>
      </trkpt>
      <trkpt lat="28.509431965649128" lon="-16.26131602562964">
        <ele>338.10000000000002</ele>
      </trkpt>
      <trkpt lat="28.509407993406057" lon="-16.26131996512413">
        <ele>337.5</ele>
      </trkpt>
      <trkpt lat="28.509406987577677" lon="-16.261281995102763">
        <ele>336</ele>
      </trkpt>
      <trkpt lat="28.509388966485858" lon="-16.261258022859693">
        <ele>335.69999999999999</ele>
      </trkpt>
      <trkpt lat="28.509344961494207" lon="-16.261257017031312">
        <ele>335.60000000000002</ele>
      </trkpt>
      <trkpt lat="28.509247982874513" lon="-16.261257017031312">
        <ele>335.39999999999998</ele>
      </trkpt>
      <trkpt lat="28.5092209931463" lon="-16.261227009817958">
        <ele>335.10000000000002</ele>
      </trkpt>
      <trkpt lat="28.509173970669508" lon="-16.261163977906108">
        <ele>333.89999999999998</ele>
      </trkpt>
      <trkpt lat="28.509115967899561" lon="-16.261155009269714">
        <ele>332.60000000000002</ele>
      </trkpt>
      <trkpt lat="28.509099958464503" lon="-16.261152997612953">
        <ele>331.80000000000001</ele>
      </trkpt>
      <trkpt lat="28.509062994271517" lon="-16.261122990399599">
        <ele>332.30000000000001</ele>
      </trkpt>
      <trkpt lat="28.509031981229782" lon="-16.261120978742838">
        <ele>331.39999999999998</ele>
      </trkpt>
      <trkpt lat="28.50898495875299" lon="-16.261098012328148">
        <ele>331.80000000000001</ele>
      </trkpt>
      <trkpt lat="28.508954029530287" lon="-16.261078985407948">
        <ele>331.89999999999998</ele>
      </trkpt>
      <trkpt lat="28.50889896042645" lon="-16.261036992073059">
        <ele>330.10000000000002</ele>
      </trkpt>
      <trkpt lat="28.508861996233463" lon="-16.261008996516466">
        <ele>328.89999999999998</ele>
      </trkpt>
      <trkpt lat="28.508849004283547" lon="-16.261022994294763">
        <ele>327.69999999999999</ele>
      </trkpt>
      <trkpt lat="28.508857972919941" lon="-16.261054007336497">
        <ele>326.89999999999998</ele>
      </trkpt>
      <trkpt lat="28.508882028982043" lon="-16.261088959872723">
        <ele>325.89999999999998</ele>
      </trkpt>
      <trkpt lat="28.508881023153663" lon="-16.261109998449683">
        <ele>325.30000000000001</ele>
      </trkpt>
      <trkpt lat="28.50887599401176" lon="-16.26112399622798">
        <ele>325.19999999999999</ele>
      </trkpt>
      <trkpt lat="28.508841041475534" lon="-16.261086026206613">
        <ele>325.5</ele>
      </trkpt>
      <trkpt lat="28.508793013170362" lon="-16.261072028428316">
        <ele>323.19999999999999</ele>
      </trkpt>
      <trkpt lat="28.508710032328963" lon="-16.261016959324479">
        <ele>322</ele>
      </trkpt>
      <trkpt lat="28.508626967668533" lon="-16.260981000959873">
        <ele>320</ele>
      </trkpt>
      <trkpt lat="28.508547004312277" lon="-16.26093003898859">
        <ele>319</ele>
      </trkpt>
      <trkpt lat="28.508483972400427" lon="-16.260893996804953">
        <ele>317.30000000000001</ele>
      </trkpt>
      <trkpt lat="28.508437033742666" lon="-16.260897014290094">
        <ele>315.89999999999998</ele>
      </trkpt>
      <trkpt lat="28.508415995165706" lon="-16.260875975713134">
        <ele>315.5</ele>
      </trkpt>
      <trkpt lat="28.508389005437493" lon="-16.260855020955205">
        <ele>314.60000000000002</ele>
      </trkpt>
      <trkpt lat="28.508353969082236" lon="-16.26084697432816">
        <ele>313.80000000000001</ele>
      </trkpt>
      <trkpt lat="28.508308036252856" lon="-16.260848985984921">
        <ele>313.10000000000002</ele>
      </trkpt>
      <trkpt lat="28.508260007947683" lon="-16.260870024561882">
        <ele>312</ele>
      </trkpt>
      <trkpt lat="28.508225977420807" lon="-16.260873964056373">
        <ele>311.39999999999998</ele>
      </trkpt>
      <trkpt lat="28.508182978257537" lon="-16.260861977934837">
        <ele>311.5</ele>
      </trkpt>
      <trkpt lat="28.508135033771396" lon="-16.26082300208509">
        <ele>310.30000000000001</ele>
      </trkpt>
      <trkpt lat="28.508113995194435" lon="-16.260786959901452">
        <ele>308.5</ele>
      </trkpt>
      <trkpt lat="28.508054986596107" lon="-16.260739015415311">
        <ele>307.89999999999998</ele>
      </trkpt>
      <trkpt lat="28.507993966341019" lon="-16.260690987110138">
        <ele>307.5</ele>
      </trkpt>
      <trkpt lat="28.507955996319652" lon="-16.260638013482094">
        <ele>306.69999999999999</ele>
      </trkpt>
      <trkpt lat="28.507941998541355" lon="-16.260605994611979">
        <ele>299.10000000000002</ele>
      </trkpt>
      <trkpt lat="28.507919032126665" lon="-16.260594008490443">
        <ele>298.80000000000001</ele>
      </trkpt>
      <trkpt lat="28.507863041013479" lon="-16.260596020147204">
        <ele>298</ele>
      </trkpt>
      <trkpt lat="28.507786011323333" lon="-16.260581016540527">
        <ele>296.60000000000002</ele>
      </trkpt>
      <trkpt lat="28.507747035473585" lon="-16.260555032640696">
        <ele>295.39999999999998</ele>
      </trkpt>
      <trkpt lat="28.507704958319664" lon="-16.260533994063735">
        <ele>295.19999999999999</ele>
      </trkpt>
      <trkpt lat="28.507662964984775" lon="-16.260504992678761">
        <ele>294.10000000000002</ele>
      </trkpt>
      <trkpt lat="28.507627006620169" lon="-16.260484959930182">
        <ele>293.19999999999999</ele>
      </trkpt>
      <trkpt lat="28.507495997473598" lon="-16.260441038757563">
        <ele>289.89999999999998</ele>
      </trkpt>
      <trkpt lat="28.507446963340044" lon="-16.260420000180602">
        <ele>289.60000000000002</ele>
      </trkpt>
      <trkpt lat="28.507401030510664" lon="-16.260404996573925">
        <ele>288.60000000000002</ele>
      </trkpt>
      <trkpt lat="28.507344033569098" lon="-16.260380018502474">
        <ele>287.69999999999999</ele>
      </trkpt>
      <trkpt lat="28.507297011092305" lon="-16.260385969653726">
        <ele>287.39999999999998</ele>
      </trkpt>
      <trkpt lat="28.507263986393809" lon="-16.26037398353219">
        <ele>285.80000000000001</ele>
      </trkpt>
      <trkpt lat="28.507216041907668" lon="-16.260361997410655">
        <ele>285.5</ele>
      </trkpt>
      <trkpt lat="28.507147980853915" lon="-16.260366020724177">
        <ele>284.10000000000002</ele>
      </trkpt>
      <trkpt lat="28.507055025547743" lon="-16.260344982147217">
        <ele>281.19999999999999</ele>
      </trkpt>
      <trkpt lat="28.507000040262938" lon="-16.260345987975597">
        <ele>280.80000000000001</ele>
      </trkpt>
      <trkpt lat="28.50694396533072" lon="-16.260342970490456">
        <ele>280.5</ele>
      </trkpt>
      <trkpt lat="28.506914963945746" lon="-16.260340036824346">
        <ele>279.5</ele>
      </trkpt>
      <trkpt lat="28.506888980045915" lon="-16.260346993803978">
        <ele>279.39999999999998</ele>
      </trkpt>
      <trkpt lat="28.506865007802844" lon="-16.26039301045239">
        <ele>279</ele>
      </trkpt>
      <trkpt lat="28.506843969225883" lon="-16.260427962988615">
        <ele>278.5</ele>
      </trkpt>
      <trkpt lat="28.506805999204516" lon="-16.260454030707479">
        <ele>277.69999999999999</ele>
      </trkpt>
      <trkpt lat="28.506712960079312" lon="-16.260483032092452">
        <ele>276.60000000000002</ele>
      </trkpt>
      <trkpt lat="28.506623022258282" lon="-16.260493006557226">
        <ele>273.69999999999999</ele>
      </trkpt>
      <trkpt lat="28.506496958434582" lon="-16.260499963536859">
        <ele>271.10000000000002</ele>
      </trkpt>
      <trkpt lat="28.506424035876989" lon="-16.2605220079422">
        <ele>270</ele>
      </trkpt>
      <trkpt lat="28.506393022835255" lon="-16.260542962700129">
        <ele>268.30000000000001</ele>
      </trkpt>
      <trkpt lat="28.506355974823236" lon="-16.260524019598961">
        <ele>267</ele>
      </trkpt>
      <trkpt lat="28.506284980103374" lon="-16.260530976578593">
        <ele>268.30000000000001</ele>
      </trkpt>
      <trkpt lat="28.506223037838936" lon="-16.26054497435689">
        <ele>267.10000000000002</ele>
      </trkpt>
      <trkpt lat="28.506127987056971" lon="-16.260577999055386">
        <ele>264.5</ele>
      </trkpt>
      <trkpt lat="28.506074007600546" lon="-16.260567018762231">
        <ele>264.19999999999999</ele>
      </trkpt>
      <trkpt lat="28.506053974851966" lon="-16.26054598018527">
        <ele>264.19999999999999</ele>
      </trkpt>
      <trkpt lat="28.506017010658979" lon="-16.260487977415323">
        <ele>265</ele>
      </trkpt>
      <trkpt lat="28.505988009274006" lon="-16.260433997958899">
        <ele>264.5</ele>
      </trkpt>
      <trkpt lat="28.505938975140452" lon="-16.260369038209319">
        <ele>267.19999999999999</ele>
      </trkpt>
      <trkpt lat="28.505878038704395" lon="-16.260326961055398">
        <ele>266</ele>
      </trkpt>
      <trkpt lat="28.505797991529107" lon="-16.260269964113832">
        <ele>265.30000000000001</ele>
      </trkpt>
      <trkpt lat="28.505649967119098" lon="-16.260173991322517">
        <ele>261.89999999999998</ele>
      </trkpt>
      <trkpt lat="28.505595987662673" lon="-16.260138032957911">
        <ele>260.69999999999999</ele>
      </trkpt>
      <trkpt lat="28.505557011812925" lon="-16.260077012702823">
        <ele>259.60000000000002</ele>
      </trkpt>
      <trkpt lat="28.505505966022611" lon="-16.260035019367933">
        <ele>259.19999999999999</ele>
      </trkpt>
      <trkpt lat="28.505432959645987" lon="-16.259971987456083">
        <ele>257.19999999999999</ele>
      </trkpt>
      <trkpt lat="28.505304967984557" lon="-16.259863022714853">
        <ele>253.80000000000001</ele>
      </trkpt>
      <trkpt lat="28.505265992134809" lon="-16.259843995794654">
        <ele>253.40000000000001</ele>
      </trkpt>
      <trkpt lat="28.505193991586566" lon="-16.259851958602667">
        <ele>249.80000000000001</ele>
      </trkpt>
      <trkpt lat="28.505161972716451" lon="-16.259851036593318">
        <ele>249</ele>
      </trkpt>
      <trkpt lat="28.505130959674716" lon="-16.259823041036725">
        <ele>248.59999999999999</ele>
      </trkpt>
      <trkpt lat="28.505102964118123" lon="-16.25981499440968">
        <ele>247.30000000000001</ele>
      </trkpt>
      <trkpt lat="28.505087038502097" lon="-16.259845001623034">
        <ele>245.69999999999999</ele>
      </trkpt>
      <trkpt lat="28.505049990490079" lon="-16.259817006066442">
        <ele>245.5</ele>
      </trkpt>
      <trkpt lat="28.505004979670048" lon="-16.2597949616611">
        <ele>243.69999999999999</ele>
      </trkpt>
      <trkpt lat="28.504957035183907" lon="-16.259805019944906">
        <ele>242.40000000000001</ele>
      </trkpt>
      <trkpt lat="28.504874976351857" lon="-16.259794039651752">
        <ele>241.19999999999999</ele>
      </trkpt>
      <trkpt lat="28.5048140399158" lon="-16.259751040488482">
        <ele>240.5</ele>
      </trkpt>
      <trkpt lat="28.50472996942699" lon="-16.259708041325212">
        <ele>239.09999999999999</ele>
      </trkpt>
      <trkpt lat="28.504688981920481" lon="-16.259652972221375">
        <ele>239.09999999999999</ele>
      </trkpt>
      <trkpt lat="28.504661992192268" lon="-16.259608967229724">
        <ele>236.69999999999999</ele>
      </trkpt>
      <trkpt lat="28.504583034664392" lon="-16.259610978886485">
        <ele>236.40000000000001</ele>
      </trkpt>
      <trkpt lat="28.50453500635922" lon="-16.259608967229724">
        <ele>235.19999999999999</ele>
      </trkpt>
      <trkpt lat="28.504469962790608" lon="-16.259617013856769">
        <ele>234.59999999999999</ele>
      </trkpt>
      <trkpt lat="28.504381030797958" lon="-16.259627994149923">
        <ele>231.90000000000001</ele>
      </trkpt>
      <trkpt lat="28.50434398278594" lon="-16.259609973058105">
        <ele>232.69999999999999</ele>
      </trkpt>
      <trkpt lat="28.504286985844374" lon="-16.259597986936569">
        <ele>229.90000000000001</ele>
      </trkpt>
      <trkpt lat="28.504210039973259" lon="-16.259581977501512">
        <ele>228.09999999999999</ele>
      </trkpt>
      <trkpt lat="28.504135021939874" lon="-16.259549036622047">
        <ele>227.30000000000001</ele>
      </trkpt>
      <trkpt lat="28.503964031115174" lon="-16.259463038295507">
        <ele>223.5</ele>
      </trkpt>
      <trkpt lat="28.50389102473855" lon="-16.259441999718547">
        <ele>221.80000000000001</ele>
      </trkpt>
      <trkpt lat="28.503811983391643" lon="-16.25938500277698">
        <ele>219.30000000000001</ele>
      </trkpt>
      <trkpt lat="28.503727996721864" lon="-16.259333034977317">
        <ele>217.59999999999999</ele>
      </trkpt>
      <trkpt lat="28.503687009215355" lon="-16.259309984743595">
        <ele>216.59999999999999</ele>
      </trkpt>
      <trkpt lat="28.503651972860098" lon="-16.259309984743595">
        <ele>214.69999999999999</ele>
      </trkpt>
      <trkpt lat="28.50363202393055" lon="-16.25931803137064">
        <ele>214.09999999999999</ele>
      </trkpt>
      <trkpt lat="28.503614002838731" lon="-16.259349966421723">
        <ele>213.69999999999999</ele>
      </trkpt>
      <trkpt lat="28.503595981746912" lon="-16.259356001392007">
        <ele>214</ele>
      </trkpt>
      <trkpt lat="28.503576032817364" lon="-16.259350972250104">
        <ele>214.09999999999999</ele>
      </trkpt>
      <trkpt lat="28.503538984805346" lon="-16.259331023320556">
        <ele>214.19999999999999</ele>
      </trkpt>
      <trkpt lat="28.503457009792328" lon="-16.259257011115551">
        <ele>212.69999999999999</ele>
      </trkpt>
      <trkpt lat="28.50337402895093" lon="-16.259155003353953">
        <ele>211</ele>
      </trkpt>
      <trkpt lat="28.503329018130898" lon="-16.259043021127582">
        <ele>206.80000000000001</ele>
      </trkpt>
      <trkpt lat="28.503315020352602" lon="-16.259009996429086">
        <ele>204.19999999999999</ele>
      </trkpt>
      <trkpt lat="28.503273027017713" lon="-16.25897797755897">
        <ele>208</ele>
      </trkpt>
      <trkpt lat="28.503203960135579" lon="-16.258935984224081">
        <ele>207.90000000000001</ele>
      </trkpt>
      <trkpt lat="28.503164984285831" lon="-16.258921986445785">
        <ele>207</ele>
      </trkpt>
      <trkpt lat="28.503115028142929" lon="-16.258902959525585">
        <ele>205.80000000000001</ele>
      </trkpt>
      <trkpt lat="28.503100024536252" lon="-16.258886028081179">
        <ele>205.30000000000001</ele>
      </trkpt>
      <trkpt lat="28.503102036193013" lon="-16.258872030302882">
        <ele>205.09999999999999</ele>
      </trkpt>
      <trkpt lat="28.503114022314548" lon="-16.258870018646121">
        <ele>205.19999999999999</ele>
      </trkpt>
      <trkpt lat="28.503132965415716" lon="-16.258877981454134">
        <ele>204.59999999999999</ele>
      </trkpt>
      <trkpt lat="28.503150986507535" lon="-16.258877981454134">
        <ele>204.09999999999999</ele>
      </trkpt>
      <trkpt lat="28.50318300537765" lon="-16.258874963968992">
        <ele>204.19999999999999</ele>
      </trkpt>
      <trkpt lat="28.503189962357283" lon="-16.25886901281774">
        <ele>203.80000000000001</ele>
      </trkpt>
      <trkpt lat="28.503184011206031" lon="-16.258855015039444">
        <ele>203.40000000000001</ele>
      </trkpt>
      <trkpt lat="28.503160960972309" lon="-16.258837999776006">
        <ele>203.09999999999999</ele>
      </trkpt>
      <trkpt lat="28.503130031749606" lon="-16.258813021704555">
        <ele>202.80000000000001</ele>
      </trkpt>
      <trkpt lat="28.503089966252446" lon="-16.258779997006059">
        <ele>201.40000000000001</ele>
      </trkpt>
      <trkpt lat="28.503044033423066" lon="-16.258724005892873">
        <ele>199.59999999999999</ele>
      </trkpt>
      <trkpt lat="28.503006985411048" lon="-16.258707996457815">
        <ele>198.59999999999999</ele>
      </trkpt>
      <trkpt lat="28.502981001511216" lon="-16.258690981194377">
        <ele>198.09999999999999</ele>
      </trkpt>
      <trkpt lat="28.502953005954623" lon="-16.258672960102558">
        <ele>197.69999999999999</ele>
      </trkpt>
      <trkpt lat="28.502917969599366" lon="-16.258648987859488">
        <ele>197</ele>
      </trkpt>
      <trkpt lat="28.502878993749619" lon="-16.258661979809403">
        <ele>196.19999999999999</ele>
      </trkpt>
      <trkpt lat="28.502828031778336" lon="-16.25865401700139">
        <ele>194.5</ele>
      </trkpt>
      <trkpt lat="28.502787966281176" lon="-16.258623003959656">
        <ele>193.19999999999999</ele>
      </trkpt>
      <trkpt lat="28.502757037058473" lon="-16.258625015616417">
        <ele>192.59999999999999</ele>
      </trkpt>
      <trkpt lat="28.502749996259809" lon="-16.258664997294545">
        <ele>192.80000000000001</ele>
      </trkpt>
      <trkpt lat="28.502729963511229" lon="-16.258688969537616">
        <ele>191.30000000000001</ele>
      </trkpt>
      <trkpt lat="28.502712026238441" lon="-16.258648987859488">
        <ele>190.09999999999999</ele>
      </trkpt>
      <trkpt lat="28.502697022631764" lon="-16.258677989244461">
        <ele>190</ele>
      </trkpt>
      <trkpt lat="28.502683024853468" lon="-16.258724005892873">
        <ele>189.09999999999999</ele>
      </trkpt>
      <trkpt lat="28.502655029296875" lon="-16.258793994784355">
        <ele>187.30000000000001</ele>
      </trkpt>
      <trkpt lat="28.502613035961986" lon="-16.258764993399382">
        <ele>186.59999999999999</ele>
      </trkpt>
      <trkpt lat="28.502588979899883" lon="-16.258772034198046">
        <ele>187</ele>
      </trkpt>
      <trkpt lat="28.502572970464826" lon="-16.258808998391032">
        <ele>187.30000000000001</ele>
      </trkpt>
      <trkpt lat="28.502533994615078" lon="-16.258821990340948">
        <ele>188.30000000000001</ele>
      </trkpt>
      <trkpt lat="28.502504993230104" lon="-16.258886028081179">
        <ele>188.40000000000001</ele>
      </trkpt>
      <trkpt lat="28.502500969916582" lon="-16.258917041122913">
        <ele>187.90000000000001</ele>
      </trkpt>
      <trkpt lat="28.502455037087202" lon="-16.258990969508886">
        <ele>187.90000000000001</ele>
      </trkpt>
      <trkpt lat="28.502437015995383" lon="-16.259030029177666">
        <ele>187.40000000000001</ele>
      </trkpt>
      <trkpt lat="28.502425029873848" lon="-16.25908300280571">
        <ele>186</ele>
      </trkpt>
      <trkpt lat="28.502384964376688" lon="-16.259151985868812">
        <ele>187.30000000000001</ele>
      </trkpt>
      <trkpt lat="28.502310030162334" lon="-16.259230021387339">
        <ele>187.90000000000001</ele>
      </trkpt>
      <trkpt lat="28.502264013513923" lon="-16.259335968643427">
        <ele>185.80000000000001</ele>
      </trkpt>
      <trkpt lat="28.502240041270852" lon="-16.259382991120219">
        <ele>185.40000000000001</ele>
      </trkpt>
      <trkpt lat="28.50215395912528" lon="-16.25947100110352">
        <ele>184.80000000000001</ele>
      </trkpt>
      <trkpt lat="28.502116994932294" lon="-16.259466977789998">
        <ele>185.40000000000001</ele>
      </trkpt>
      <trkpt lat="28.502053963020444" lon="-16.259460020810366">
        <ele>186.09999999999999</ele>
      </trkpt>
      <trkpt lat="28.50202496163547" lon="-16.259482987225056">
        <ele>184.90000000000001</ele>
      </trkpt>
      <trkpt lat="28.501995960250497" lon="-16.259506037458777">
        <ele>184</ele>
      </trkpt>
      <trkpt lat="28.501875009387732" lon="-16.259626988321543">
        <ele>181.19999999999999</ele>
      </trkpt>
      <trkpt lat="28.501834021881223" lon="-16.259668981656432">
        <ele>181.5</ele>
      </trkpt>
      <trkpt lat="28.501810971647501" lon="-16.259688008576632">
        <ele>181.5</ele>
      </trkpt>
      <trkpt lat="28.501781970262527" lon="-16.259709969162941">
        <ele>182.69999999999999</ele>
      </trkpt>
      <trkpt lat="28.501745006069541" lon="-16.259723966941237">
        <ele>182.30000000000001</ele>
      </trkpt>
      <trkpt lat="28.501692032441497" lon="-16.259724972769618">
        <ele>182.40000000000001</ele>
      </trkpt>
      <trkpt lat="28.501653978601098" lon="-16.259725978597999">
        <ele>182.40000000000001</ele>
      </trkpt>
      <trkpt lat="28.501515006646514" lon="-16.25972799025476">
        <ele>181.40000000000001</ele>
      </trkpt>
      <trkpt lat="28.501487011089921" lon="-16.25972899608314">
        <ele>180.80000000000001</ele>
      </trkpt>
      <trkpt lat="28.501448035240173" lon="-16.259733019396663">
        <ele>180.80000000000001</ele>
      </trkpt>
      <trkpt lat="28.501412998884916" lon="-16.259736958891153">
        <ele>180.5</ele>
      </trkpt>
      <trkpt lat="28.501377962529659" lon="-16.259745005518198">
        <ele>179.59999999999999</ele>
      </trkpt>
      <trkpt lat="28.50135600194335" lon="-16.259750034660101">
        <ele>178.80000000000001</ele>
      </trkpt>
      <trkpt lat="28.501315014436841" lon="-16.259760009124875">
        <ele>177.90000000000001</ele>
      </trkpt>
      <trkpt lat="28.501288024708629" lon="-16.259793033823371">
        <ele>176.69999999999999</ele>
      </trkpt>
      <trkpt lat="28.501273021101952" lon="-16.259812982752919">
        <ele>176.40000000000001</ele>
      </trkpt>
      <trkpt lat="28.501262040808797" lon="-16.259852964431047">
        <ele>175.5</ele>
      </trkpt>
      <trkpt lat="28.501233961433172" lon="-16.259884983301163">
        <ele>174.90000000000001</ele>
      </trkpt>
      <trkpt lat="28.501202026382089" lon="-16.259913984686136">
        <ele>174.19999999999999</ele>
      </trkpt>
      <trkpt lat="28.501170007511973" lon="-16.259938040748239">
        <ele>174.19999999999999</ele>
      </trkpt>
      <trkpt lat="28.501130025833845" lon="-16.259967964142561">
        <ele>173.69999999999999</ele>
      </trkpt>
      <trkpt lat="28.501036986708641" lon="-16.260059997439384">
        <ele>171.59999999999999</ele>
      </trkpt>
      <trkpt lat="28.500983007252216" lon="-16.260110959410667">
        <ele>171.40000000000001</ele>
      </trkpt>
      <trkpt lat="28.50096900947392" lon="-16.26013602130115">
        <ele>170.69999999999999</ele>
      </trkpt>
      <trkpt lat="28.500936990603805" lon="-16.260153958573937">
        <ele>169.80000000000001</ele>
      </trkpt>
      <trkpt lat="28.50088401697576" lon="-16.260214978829026">
        <ele>168.5</ele>
      </trkpt>
      <trkpt lat="28.500834982842207" lon="-16.260249009355903">
        <ele>167</ele>
      </trkpt>
      <trkpt lat="28.500792989507318" lon="-16.260273987427354">
        <ele>166.09999999999999</ele>
      </trkpt>
      <trkpt lat="28.500724006444216" lon="-16.260297959670424">
        <ele>166.09999999999999</ele>
      </trkpt>
      <trkpt lat="28.500702967867255" lon="-16.260310029610991">
        <ele>165.5</ele>
      </trkpt>
      <trkpt lat="28.500675978139043" lon="-16.260332996025681">
        <ele>164.69999999999999</ele>
      </trkpt>
      <trkpt lat="28.500659968703985" lon="-16.260340036824346">
        <ele>164.80000000000001</ele>
      </trkpt>
      <trkpt lat="28.500541029497981" lon="-16.260390998795629">
        <ele>163.30000000000001</ele>
      </trkpt>
      <trkpt lat="28.500483026728034" lon="-16.260431986302137">
        <ele>161.59999999999999</ele>
      </trkpt>
      <trkpt lat="28.500450002029538" lon="-16.260445984080434">
        <ele>160.80000000000001</ele>
      </trkpt>
      <trkpt lat="28.500414965674281" lon="-16.260451013222337">
        <ele>160.59999999999999</ele>
      </trkpt>
      <trkpt lat="28.500339025631547" lon="-16.260476997122169">
        <ele>159.69999999999999</ele>
      </trkpt>
      <trkpt lat="28.500329973176122" lon="-16.260488983243704">
        <ele>159.30000000000001</ele>
      </trkpt>
      <trkpt lat="28.500374983996153" lon="-16.260494012385607">
        <ele>158.09999999999999</ele>
      </trkpt>
      <trkpt lat="28.500416977331042" lon="-16.260498035699129">
        <ele>158.59999999999999</ele>
      </trkpt>
      <trkpt lat="28.500442039221525" lon="-16.260529970750213">
        <ele>156.80000000000001</ele>
      </trkpt>
      <trkpt lat="28.500538012012839" lon="-16.260584034025669">
        <ele>155.09999999999999</ele>
      </trkpt>
      <trkpt lat="28.500574976205826" lon="-16.260604988783598">
        <ele>154.30000000000001</ele>
      </trkpt>
      <trkpt lat="28.500592997297645" lon="-16.260610017925501">
        <ele>153.69999999999999</ele>
      </trkpt>
      <trkpt lat="28.500616969540715" lon="-16.260613035410643">
        <ele>153</ele>
      </trkpt>
      <trkpt lat="28.50062501616776" lon="-16.260623009875417">
        <ele>152.30000000000001</ele>
      </trkpt>
      <trkpt lat="28.500620992854238" lon="-16.260637007653713">
        <ele>152</ele>
      </trkpt>
      <trkpt lat="28.500597020611167" lon="-16.260642036795616">
        <ele>152</ele>
      </trkpt>
      <trkpt lat="28.500573970377445" lon="-16.260642036795616">
        <ele>150.90000000000001</ele>
      </trkpt>
      <trkpt lat="28.500537006184459" lon="-16.260642958804965">
        <ele>150.19999999999999</ele>
      </trkpt>
      <trkpt lat="28.500467017292976" lon="-16.260624015703797">
        <ele>150.69999999999999</ele>
      </trkpt>
      <trkpt lat="28.500438015908003" lon="-16.260623009875417">
        <ele>149.69999999999999</ele>
      </trkpt>
      <trkpt lat="28.500438015908003" lon="-16.260632984340191">
        <ele>149.19999999999999</ele>
      </trkpt>
      <trkpt lat="28.500465005636215" lon="-16.260644970461726">
        <ele>149.59999999999999</ele>
      </trkpt>
      <trkpt lat="28.500471040606499" lon="-16.260647987946868">
        <ele>149.59999999999999</ele>
      </trkpt>
      <trkpt lat="28.500479003414512" lon="-16.260653017088771">
        <ele>149.80000000000001</ele>
      </trkpt>
      <trkpt lat="28.500476991757751" lon="-16.260658968240023">
        <ele>149.40000000000001</ele>
      </trkpt>
      <trkpt lat="28.500458970665932" lon="-16.260661985725164">
        <ele>148.69999999999999</ele>
      </trkpt>
      <trkpt lat="28.500408008694649" lon="-16.260665003210306">
        <ele>147.90000000000001</ele>
      </trkpt>
      <trkpt lat="28.500358974561095" lon="-16.260667014867067">
        <ele>145.40000000000001</ele>
      </trkpt>
      <trkpt lat="28.500309018418193" lon="-16.260685035958886">
        <ele>144.59999999999999</ele>
      </trkpt>
      <trkpt lat="28.50008899345994" lon="-16.260632984340191">
        <ele>140.80000000000001</ele>
      </trkpt>
      <trkpt lat="28.499899981543422" lon="-16.260640025138855">
        <ele>137.30000000000001</ele>
      </trkpt>
      <trkpt lat="28.499807026237249" lon="-16.260689981281757">
        <ele>136.30000000000001</ele>
      </trkpt>
      <trkpt lat="28.499733014032245" lon="-16.260706996545196">
        <ele>135.90000000000001</ele>
      </trkpt>
      <trkpt lat="28.499587001278996" lon="-16.26071403734386">
        <ele>134.69999999999999</ele>
      </trkpt>
      <trkpt lat="28.499450040981174" lon="-16.260514967143536">
        <ele>134.30000000000001</ele>
      </trkpt>
      <trkpt lat="28.499276032671332" lon="-16.260231994092464">
        <ele>133.80000000000001</ele>
      </trkpt>
      <trkpt lat="28.499066988006234" lon="-16.259923037141562">
        <ele>131.90000000000001</ele>
      </trkpt>
      <trkpt lat="28.498989958316088" lon="-16.259854976087809">
        <ele>131.19999999999999</ele>
      </trkpt>
      <trkpt lat="28.498912006616592" lon="-16.259754979982972">
        <ele>130.19999999999999</ele>
      </trkpt>
      <trkpt lat="28.498787032440305" lon="-16.259545013308525">
        <ele>127.59999999999999</ele>
      </trkpt>
      <trkpt lat="28.498685024678707" lon="-16.259357007220387">
        <ele>125.09999999999999</ele>
      </trkpt>
      <trkpt lat="28.498650994151831" lon="-16.259282995015383">
        <ele>123.90000000000001</ele>
      </trkpt>
      <trkpt lat="28.498481009155512" lon="-16.25897797755897">
        <ele>118.09999999999999</ele>
      </trkpt>
      <trkpt lat="28.498408002778888" lon="-16.258865995332599">
        <ele>115.8</ele>
      </trkpt>
      <trkpt lat="28.498357040807605" lon="-16.258836993947625">
        <ele>114.7</ele>
      </trkpt>
      <trkpt lat="28.498270958662033" lon="-16.258821990340948">
        <ele>111.2</ele>
      </trkpt>
      <trkpt lat="28.49821999669075" lon="-16.258821990340948">
        <ele>113.8</ele>
      </trkpt>
      <trkpt lat="28.498165011405945" lon="-16.258715037256479">
        <ele>114.59999999999999</ele>
      </trkpt>
      <trkpt lat="28.498122012242675" lon="-16.258604982867837">
        <ele>115.8</ele>
      </trkpt>
      <trkpt lat="28.498073983937502" lon="-16.258389987051487">
        <ele>115.7</ele>
      </trkpt>
      <trkpt lat="28.498017992824316" lon="-16.258175997063518">
        <ele>117</ele>
      </trkpt>
      <trkpt lat="28.497997038066387" lon="-16.258084969595075">
        <ele>116.8</ele>
      </trkpt>
      <trkpt lat="28.497908022254705" lon="-16.257833009585738">
        <ele>116.3</ele>
      </trkpt>
      <trkpt lat="28.497773995622993" lon="-16.257497984915972">
        <ele>115.5</ele>
      </trkpt>
      <trkpt lat="28.497620020061731" lon="-16.257224986329675">
        <ele>113.40000000000001</ele>
      </trkpt>
      <trkpt lat="28.497491022571921" lon="-16.256994986906648">
        <ele>110.59999999999999</ele>
      </trkpt>
      <trkpt lat="28.497385997325182" lon="-16.256812009960413">
        <ele>108</ele>
      </trkpt>
      <trkpt lat="28.497160021215677" lon="-16.256491988897324">
        <ele>103.3</ele>
      </trkpt>
      <trkpt lat="28.497103024274111" lon="-16.256370032206178">
        <ele>101.3</ele>
      </trkpt>
      <trkpt lat="28.497046027332544" lon="-16.25622502528131">
        <ele>100.3</ele>
      </trkpt>
      <trkpt lat="28.496919963508844" lon="-16.25605596229434">
        <ele>99.5</ele>
      </trkpt>
      <trkpt lat="28.496812004595995" lon="-16.25596895813942">
        <ele>99</ele>
      </trkpt>
      <trkpt lat="28.496644031256437" lon="-16.255872985348105">
        <ele>99.400000000000006</ele>
      </trkpt>
      <trkpt lat="28.49645895883441" lon="-16.255796039476991">
        <ele>98.799999999999997</ele>
      </trkpt>
      <trkpt lat="28.496316969394684" lon="-16.255743987858295">
        <ele>97.400000000000006</ele>
      </trkpt>
      <trkpt lat="28.49619903601706" lon="-16.255710041150451">
        <ele>95.5</ele>
      </trkpt>
      <trkpt lat="28.496128041297197" lon="-16.255703000351787">
        <ele>95</ele>
      </trkpt>
      <trkpt lat="28.49587700329721" lon="-16.25575203448534">
        <ele>93.400000000000006</ele>
      </trkpt>
      <trkpt lat="28.495714981108904" lon="-16.255780030041933">
        <ele>93.299999999999997</ele>
      </trkpt>
      <trkpt lat="28.495536027476192" lon="-16.255792016163468">
        <ele>93.5</ele>
      </trkpt>
      <trkpt lat="28.495385991409421" lon="-16.255791010335088">
        <ele>93.099999999999994</ele>
      </trkpt>
      <trkpt lat="28.495273003354669" lon="-16.255780030041933">
        <ele>92.099999999999994</ele>
      </trkpt>
      <trkpt lat="28.495138976722956" lon="-16.255721021443605">
        <ele>90.400000000000006</ele>
      </trkpt>
      <trkpt lat="28.495026994496584" lon="-16.255671987310052">
        <ele>89.200000000000003</ele>
      </trkpt>
      <trkpt lat="28.494982989504933" lon="-16.255621025338769">
        <ele>88.5</ele>
      </trkpt>
      <trkpt lat="28.494973015040159" lon="-16.255546007305384">
        <ele>86</ele>
      </trkpt>
      <trkpt lat="28.494960023090243" lon="-16.255468977615237">
        <ele>89.099999999999994</ele>
      </trkpt>
      <trkpt lat="28.494917023926973" lon="-16.255436036735773">
        <ele>88.5</ele>
      </trkpt>
      <trkpt lat="28.494811998680234" lon="-16.255405023694038">
        <ele>86.700000000000003</ele>
      </trkpt>
      <trkpt lat="28.49469699896872" lon="-16.255348026752472">
        <ele>84.799999999999997</ele>
      </trkpt>
      <trkpt lat="28.494646036997437" lon="-16.255268985405564">
        <ele>83.799999999999997</ele>
      </trkpt>
      <trkpt lat="28.494618963450193" lon="-16.255178041756153">
        <ele>82.200000000000003</ele>
      </trkpt>
      <trkpt lat="28.49463396705687" lon="-16.255096988752484">
        <ele>81.900000000000006</ele>
      </trkpt>
      <trkpt lat="28.494724994525313" lon="-16.254671020433307">
        <ele>81.400000000000006</ele>
      </trkpt>
      <trkpt lat="28.49473999813199" lon="-16.254583010450006">
        <ele>81.200000000000003</ele>
      </trkpt>
      <trkpt lat="28.494747038930655" lon="-16.25444102101028">
        <ele>80.099999999999994</ele>
      </trkpt>
      <trkpt lat="28.494751984253526" lon="-16.254274975508451">
        <ele>79.099999999999994</ele>
      </trkpt>
      <trkpt lat="28.494770005345345" lon="-16.254060985520482">
        <ele>77.900000000000006</ele>
      </trkpt>
      <trkpt lat="28.494791965931654" lon="-16.253806008026004">
        <ele>76.5</ele>
      </trkpt>
      <trkpt lat="28.494800012558699" lon="-16.253641974180937">
        <ele>77</ele>
      </trkpt>
      <trkpt lat="28.494790038093925" lon="-16.253525968641043">
        <ele>77.799999999999997</ele>
      </trkpt>
      <trkpt lat="28.494726000353694" lon="-16.25334701500833">
        <ele>77.799999999999997</ele>
      </trkpt>
      <trkpt lat="28.49467403255403" lon="-16.253228997811675">
        <ele>78.400000000000006</ele>
      </trkpt>
      <trkpt lat="28.494410002604127" lon="-16.252953987568617">
        <ele>75.700000000000003</ele>
      </trkpt>
      <trkpt lat="28.494297014549375" lon="-16.252854997292161">
        <ele>75.299999999999997</ele>
      </trkpt>
      <trkpt lat="28.493823017925024" lon="-16.252618040889502">
        <ele>73.400000000000006</ele>
      </trkpt>
      <trkpt lat="28.493743976578116" lon="-16.252592978999019">
        <ele>72.700000000000003</ele>
      </trkpt>
      <trkpt lat="28.492849040776491" lon="-16.252368008717895">
        <ele>66.799999999999997</ele>
      </trkpt>
      <trkpt lat="28.492680983617902" lon="-16.252289973199368">
        <ele>65.5</ele>
      </trkpt>
      <trkpt lat="28.492542011663318" lon="-16.252205986529589">
        <ele>64.900000000000006</ele>
      </trkpt>
      <trkpt lat="28.492358028888702" lon="-16.251984033733606">
        <ele>64.200000000000003</ele>
      </trkpt>
      <trkpt lat="28.492146972566843" lon="-16.251766020432115">
        <ele>83.826999999999998</ele>
        <time>2022-09-19T19:09:29Z</time>
      </trkpt>
      <trkpt lat="28.490403033792973" lon="-16.250547040253878">
        <ele>74.623000000000005</ele>
        <time>2022-09-19T19:11:10Z</time>
      </trkpt>
      <trkpt lat="28.489626031368971" lon="-16.249741958454251">
        <ele>70.632999999999996</ele>
        <time>2022-09-19T19:12:19Z</time>
      </trkpt>
      <trkpt lat="28.489244990050793" lon="-16.249597035348415">
        <ele>69.668000000000006</ele>
        <time>2022-09-19T19:12:45Z</time>
      </trkpt>
      <trkpt lat="28.488995041698217" lon="-16.249208031222224">
        <ele>67.641999999999996</ele>
        <time>2022-09-19T19:13:13Z</time>
      </trkpt>
      <trkpt lat="28.488421970978379" lon="-16.248806035146117">
        <ele>65.620999999999995</ele>
        <time>2022-09-19T19:14:12Z</time>
      </trkpt>
      <trkpt lat="28.48809901624918" lon="-16.248626997694373">
        <ele>64.688999999999993</ele>
        <time>2022-09-19T19:14:32Z</time>
      </trkpt>
      <trkpt lat="28.486837958917022" lon="-16.248390041291714">
        <ele>59.606000000000002</ele>
        <time>2022-09-19T19:16:12Z</time>
      </trkpt>
      <trkpt lat="28.483958020806313" lon="-16.246360028162599">
        <ele>46.625999999999998</ele>
        <time>2022-09-19T19:19:39Z</time>
      </trkpt>
      <trkpt lat="28.482927968725562" lon="-16.245273984968662">
        <ele>44.009</ele>
        <time>2022-09-19T19:20:43Z</time>
      </trkpt>
      <trkpt lat="28.482387000694871" lon="-16.244465969502926">
        <ele>43.478999999999999</ele>
        <time>2022-09-19T19:21:24Z</time>
      </trkpt>
      <trkpt lat="28.48195499740541" lon="-16.244167992845178">
        <ele>41.819000000000003</ele>
        <time>2022-09-19T19:21:55Z</time>
      </trkpt>
      <trkpt lat="28.482140991836786" lon="-16.24464500695467">
        <ele>36.811999999999998</ele>
        <time>2022-09-19T19:22:25Z</time>
      </trkpt>
      <trkpt lat="28.481946028769016" lon="-16.244549034163356">
        <ele>35.097999999999999</ele>
        <time>2022-09-19T19:22:41Z</time>
      </trkpt>
      <trkpt lat="28.481436995789409" lon="-16.244184002280235">
        <ele>33.494</ele>
        <time>2022-09-19T19:23:11Z</time>
      </trkpt>
      <trkpt lat="28.480810029432178" lon="-16.243388978764415">
        <ele>28.614000000000001</ele>
        <time>2022-09-19T19:23:51Z</time>
      </trkpt>
      <trkpt lat="28.478828966617584" lon="-16.242767963558435">
        <ele>28.248999999999999</ele>
        <time>2022-09-19T19:25:30Z</time>
      </trkpt>
      <trkpt lat="28.47823997028172" lon="-16.242189025506377">
        <ele>26.882999999999999</ele>
        <time>2022-09-19T19:26:10Z</time>
      </trkpt>
      <trkpt lat="28.478617994114757" lon="-16.242799982428551">
        <ele>32.031999999999996</ele>
        <time>2022-09-19T19:27:02Z</time>
      </trkpt>
      <trkpt lat="28.478338960558176" lon="-16.242894027382135">
        <ele>32.255000000000003</ele>
        <time>2022-09-19T19:27:18Z</time>
      </trkpt>
      <trkpt lat="28.478457983583212" lon="-16.243345979601145">
        <ele>33.207000000000001</ele>
        <time>2022-09-19T19:28:00Z</time>
      </trkpt>
      <trkpt lat="28.477090978994966" lon="-16.245168037712574">
        <ele>33.216999999999999</ele>
        <time>2022-09-19T19:29:30Z</time>
      </trkpt>
      <trkpt lat="28.476015999913216" lon="-16.246109995990992">
        <ele>34.009</ele>
        <time>2022-09-19T19:30:29Z</time>
      </trkpt>
      <trkpt lat="28.474978990852833" lon="-16.246531018987298">
        <ele>33.625999999999998</ele>
        <time>2022-09-19T19:31:14Z</time>
      </trkpt>
      <trkpt lat="28.471558000892401" lon="-16.247122026979923">
        <ele>33.866</ele>
        <time>2022-09-19T19:33:24Z</time>
      </trkpt>
    </trkseg>
  </trk>

</gpx>