<?xml version="1.0" encoding="utf-8"?><gpx creator="Garmin Desktop App" version="1.1" xsi:schemaLocation="http://www.topografix.com/GPX/1/1 http://www.topografix.com/GPX/1/1/gpx.xsd http://www.garmin.com/xmlschemas/WaypointExtension/v1 http://www8.garmin.com/xmlschemas/WaypointExtensionv1.xsd http://www.garmin.com/xmlschemas/TrackPointExtension/v1 http://www.garmin.com/xmlschemas/TrackPointExtensionv1.xsd http://www.garmin.com/xmlschemas/GpxExtensions/v3 http://www8.garmin.com/xmlschemas/GpxExtensionsv3.xsd http://www.garmin.com/xmlschemas/ActivityExtension/v1 http://www8.garmin.com/xmlschemas/ActivityExtensionv1.xsd http://www.garmin.com/xmlschemas/AdventuresExtensions/v1 http://www8.garmin.com/xmlschemas/AdventuresExtensionv1.xsd http://www.garmin.com/xmlschemas/PressureExtension/v1 http://www.garmin.com/xmlschemas/PressureExtensionv1.xsd http://www.garmin.com/xmlschemas/TripExtensions/v1 http://www.garmin.com/xmlschemas/TripExtensionsv1.xsd http://www.garmin.com/xmlschemas/TripMetaDataExtensions/v1 http://www.garmin.com/xmlschemas/TripMetaDataExtensionsv1.xsd http://www.garmin.com/xmlschemas/ViaPointTransportationModeExtensions/v1 http://www.garmin.com/xmlschemas/ViaPointTransportationModeExtensionsv1.xsd http://www.garmin.com/xmlschemas/CreationTimeExtension/v1 http://www.garmin.com/xmlschemas/CreationTimeExtensionsv1.xsd http://www.garmin.com/xmlschemas/AccelerationExtension/v1 http://www.garmin.com/xmlschemas/AccelerationExtensionv1.xsd http://www.garmin.com/xmlschemas/PowerExtension/v1 http://www.garmin.com/xmlschemas/PowerExtensionv1.xsd http://www.garmin.com/xmlschemas/VideoExtension/v1 http://www.garmin.com/xmlschemas/VideoExtensionv1.xsd" xmlns="http://www.topografix.com/GPX/1/1" xmlns:xsi="http://www.w3.org/2001/XMLSchema-instance" xmlns:wptx1="http://www.garmin.com/xmlschemas/WaypointExtension/v1" xmlns:gpxtrx="http://www.garmin.com/xmlschemas/GpxExtensions/v3" xmlns:gpxtpx="http://www.garmin.com/xmlschemas/TrackPointExtension/v1" xmlns:gpxx="http://www.garmin.com/xmlschemas/GpxExtensions/v3" xmlns:trp="http://www.garmin.com/xmlschemas/TripExtensions/v1" xmlns:adv="http://www.garmin.com/xmlschemas/AdventuresExtensions/v1" xmlns:prs="http://www.garmin.com/xmlschemas/PressureExtension/v1" xmlns:tmd="http://www.garmin.com/xmlschemas/TripMetaDataExtensions/v1" xmlns:vptm="http://www.garmin.com/xmlschemas/ViaPointTransportationModeExtensions/v1" xmlns:ctx="http://www.garmin.com/xmlschemas/CreationTimeExtension/v1" xmlns:gpxacc="http://www.garmin.com/xmlschemas/AccelerationExtension/v1" xmlns:gpxpx="http://www.garmin.com/xmlschemas/PowerExtension/v1" xmlns:vidx1="http://www.garmin.com/xmlschemas/VideoExtension/v1">

  <metadata>
    <link href="http://www.garmin.com">
      <text>Garmin International</text>
    </link>
    <time>2022-10-05T15:07:01Z</time>
    <bounds maxlat="28.555537629872561" maxlon="-16.242189025506377" minlat="28.471558000892401" minlon="-16.261852970346808" />
  </metadata>

  <trk>
    <name>Anaga18_rv_finalbarrancopozotahodio</name>
    <extensions>
      <gpxx:TrackExtension>
        <gpxx:DisplayColor>Green</gpxx:DisplayColor>
      </gpxx:TrackExtension>
    </extensions>
    <trkseg>
      <trkpt lat="28.555537629872561" lon="-16.248083179816604">
        <ele>250.40000000000001</ele>
        <time>2021-02-20T10:30:32Z</time>
      </trkpt>
      <trkpt lat="28.555537294596434" lon="-16.248081335797906">
        <ele>250.40000000000001</ele>
        <time>2021-02-20T10:30:33Z</time>
      </trkpt>
      <trkpt lat="28.555534360930324" lon="-16.248080749064684">
        <ele>237.18000000000001</ele>
        <time>2021-02-20T10:30:36Z</time>
      </trkpt>
      <trkpt lat="28.555531678721309" lon="-16.248081251978874">
        <ele>236.49000000000001</ele>
        <time>2021-02-20T10:30:38Z</time>
      </trkpt>
      <trkpt lat="28.555529415607452" lon="-16.248084772378206">
        <ele>236.33000000000001</ele>
        <time>2021-02-20T10:30:49Z</time>
      </trkpt>
      <trkpt lat="28.555532600730658" lon="-16.248083766549826">
        <ele>236.38</ele>
        <time>2021-02-20T10:30:54Z</time>
      </trkpt>
      <trkpt lat="28.555537043139338" lon="-16.248080665245652">
        <ele>236.38</ele>
        <time>2021-02-20T10:30:58Z</time>
      </trkpt>
      <trkpt lat="28.55551902204752" lon="-16.248091561719775">
        <ele>236.38</ele>
        <time>2021-02-20T10:31:00Z</time>
      </trkpt>
      <trkpt lat="28.555443333461881" lon="-16.248193234205246">
        <ele>236.12</ele>
        <time>2021-02-20T10:31:08Z</time>
      </trkpt>
      <trkpt lat="28.555442076176405" lon="-16.248205807060003">
        <ele>235.96000000000001</ele>
        <time>2021-02-20T10:31:09Z</time>
      </trkpt>
      <trkpt lat="28.555441740900278" lon="-16.248353160917759">
        <ele>235.34999999999999</ele>
        <time>2021-02-20T10:31:17Z</time>
      </trkpt>
      <trkpt lat="28.55541005730629" lon="-16.248390041291714">
        <ele>234.84999999999999</ele>
        <time>2021-02-20T10:31:25Z</time>
      </trkpt>
      <trkpt lat="28.555373009294271" lon="-16.24832977540791">
        <ele>236.16</ele>
        <time>2021-02-20T10:31:32Z</time>
      </trkpt>
      <trkpt lat="28.555334703996778" lon="-16.248227432370186">
        <ele>237.94</ele>
        <time>2021-02-20T10:31:42Z</time>
      </trkpt>
      <trkpt lat="28.55533822439611" lon="-16.248135901987553">
        <ele>240.52000000000001</ele>
        <time>2021-02-20T10:31:54Z</time>
      </trkpt>
      <trkpt lat="28.555425563827157" lon="-16.248059710487723">
        <ele>242.15000000000001</ele>
        <time>2021-02-20T10:32:05Z</time>
      </trkpt>
      <trkpt lat="28.555482728406787" lon="-16.247925600036979">
        <ele>244.40000000000001</ele>
        <time>2021-02-20T10:32:20Z</time>
      </trkpt>
      <trkpt lat="28.555489014834166" lon="-16.247828453779221">
        <ele>247.19</ele>
        <time>2021-02-20T10:32:31Z</time>
      </trkpt>
      <trkpt lat="28.555434281006455" lon="-16.247669784352183">
        <ele>249.28</ele>
        <time>2021-02-20T10:32:47Z</time>
      </trkpt>
      <trkpt lat="28.555355994030833" lon="-16.247765338048339">
        <ele>249.31</ele>
        <time>2021-02-20T10:32:56Z</time>
      </trkpt>
      <trkpt lat="28.555334368720651" lon="-16.247801883146167">
        <ele>247.96000000000001</ele>
        <time>2021-02-20T10:32:59Z</time>
      </trkpt>
      <trkpt lat="28.555279634892941" lon="-16.247867094352841">
        <ele>245.56999999999999</ele>
        <time>2021-02-20T10:33:06Z</time>
      </trkpt>
      <trkpt lat="28.55519606731832" lon="-16.247909506782889">
        <ele>245.44999999999999</ele>
        <time>2021-02-20T10:33:13Z</time>
      </trkpt>
      <trkpt lat="28.5551867634058" lon="-16.247900873422623">
        <ele>245.22999999999999</ele>
        <time>2021-02-20T10:33:14Z</time>
      </trkpt>
      <trkpt lat="28.555156756192446" lon="-16.247894000262022">
        <ele>245.63999999999999</ele>
        <time>2021-02-20T10:33:16Z</time>
      </trkpt>
      <trkpt lat="28.555142423138022" lon="-16.247886791825294">
        <ele>245.41</ele>
        <time>2021-02-20T10:33:17Z</time>
      </trkpt>
      <trkpt lat="28.555132448673248" lon="-16.247876984998584">
        <ele>245.02000000000001</ele>
        <time>2021-02-20T10:33:18Z</time>
      </trkpt>
      <trkpt lat="28.555122641846538" lon="-16.247867848724127">
        <ele>245.13</ele>
        <time>2021-02-20T10:33:19Z</time>
      </trkpt>
      <trkpt lat="28.555110655725002" lon="-16.247859466820955">
        <ele>245.62</ele>
        <time>2021-02-20T10:33:20Z</time>
      </trkpt>
      <trkpt lat="28.555097999051213" lon="-16.24785628169775">
        <ele>245.31999999999999</ele>
        <time>2021-02-20T10:33:21Z</time>
      </trkpt>
      <trkpt lat="28.555097579956055" lon="-16.247839434072375">
        <ele>245.16</ele>
        <time>2021-02-20T10:33:22Z</time>
      </trkpt>
      <trkpt lat="28.555093891918659" lon="-16.24782694503665">
        <ele>245.05000000000001</ele>
        <time>2021-02-20T10:33:23Z</time>
      </trkpt>
      <trkpt lat="28.555079977959394" lon="-16.247767433524132">
        <ele>242.97999999999999</ele>
        <time>2021-02-20T10:33:30Z</time>
      </trkpt>
      <trkpt lat="28.555066902190447" lon="-16.247754609212279">
        <ele>241.84999999999999</ele>
        <time>2021-02-20T10:33:32Z</time>
      </trkpt>
      <trkpt lat="28.555034380406141" lon="-16.247741784900427">
        <ele>239.81</ele>
        <time>2021-02-20T10:33:37Z</time>
      </trkpt>
      <trkpt lat="28.554981490597129" lon="-16.247745975852013">
        <ele>236.53999999999999</ele>
        <time>2021-02-20T10:33:45Z</time>
      </trkpt>
      <trkpt lat="28.554974533617496" lon="-16.247758883982897">
        <ele>236.90000000000001</ele>
        <time>2021-02-20T10:33:46Z</time>
      </trkpt>
      <trkpt lat="28.554967157542706" lon="-16.247769193723798">
        <ele>236.16999999999999</ele>
        <time>2021-02-20T10:33:47Z</time>
      </trkpt>
      <trkpt lat="28.554957518354058" lon="-16.247776402160525">
        <ele>235.75999999999999</ele>
        <time>2021-02-20T10:33:48Z</time>
      </trkpt>
      <trkpt lat="28.554950980469584" lon="-16.247785706073046">
        <ele>234.91</ele>
        <time>2021-02-20T10:33:49Z</time>
      </trkpt>
      <trkpt lat="28.554948130622506" lon="-16.247800290584564">
        <ele>234.68000000000001</ele>
        <time>2021-02-20T10:33:50Z</time>
      </trkpt>
      <trkpt lat="28.554949555546045" lon="-16.247815797105432">
        <ele>234.44</ele>
        <time>2021-02-20T10:33:51Z</time>
      </trkpt>
      <trkpt lat="28.554967157542706" lon="-16.247857790440321">
        <ele>232.91</ele>
        <time>2021-02-20T10:33:55Z</time>
      </trkpt>
      <trkpt lat="28.554975371807814" lon="-16.247879164293408">
        <ele>232.56999999999999</ele>
        <time>2021-02-20T10:33:57Z</time>
      </trkpt>
      <trkpt lat="28.554975707083941" lon="-16.247892826795578">
        <ele>231.91</ele>
        <time>2021-02-20T10:33:58Z</time>
      </trkpt>
      <trkpt lat="28.554972605779767" lon="-16.247909758239985">
        <ele>231.68000000000001</ele>
        <time>2021-02-20T10:33:59Z</time>
      </trkpt>
      <trkpt lat="28.554968917742372" lon="-16.247928533703089">
        <ele>230.69</ele>
        <time>2021-02-20T10:34:00Z</time>
      </trkpt>
      <trkpt lat="28.554965648800135" lon="-16.247943872585893">
        <ele>230.81</ele>
        <time>2021-02-20T10:34:01Z</time>
      </trkpt>
      <trkpt lat="28.554955339059234" lon="-16.247940436005592">
        <ele>230.09999999999999</ele>
        <time>2021-02-20T10:34:04Z</time>
      </trkpt>
      <trkpt lat="28.554924409836531" lon="-16.247928868979216">
        <ele>226.97999999999999</ele>
        <time>2021-02-20T10:34:12Z</time>
      </trkpt>
      <trkpt lat="28.55491753667593" lon="-16.247914033010602">
        <ele>227</ele>
        <time>2021-02-20T10:34:13Z</time>
      </trkpt>
      <trkpt lat="28.554912591353059" lon="-16.247904226183891">
        <ele>226.44999999999999</ele>
        <time>2021-02-20T10:34:14Z</time>
      </trkpt>
      <trkpt lat="28.554907646030188" lon="-16.24787975102663">
        <ele>226.69</ele>
        <time>2021-02-20T10:34:15Z</time>
      </trkpt>
      <trkpt lat="28.554906472563744" lon="-16.247863909229636">
        <ele>226.22999999999999</ele>
        <time>2021-02-20T10:34:16Z</time>
      </trkpt>
      <trkpt lat="28.554907562211156" lon="-16.247850246727467">
        <ele>226.05000000000001</ele>
        <time>2021-02-20T10:34:17Z</time>
      </trkpt>
      <trkpt lat="28.554914016276598" lon="-16.247839098796248">
        <ele>225.97</ele>
        <time>2021-02-20T10:34:18Z</time>
      </trkpt>
      <trkpt lat="28.554915608838201" lon="-16.247823005542159">
        <ele>225.62</ele>
        <time>2021-02-20T10:34:19Z</time>
      </trkpt>
      <trkpt lat="28.554915944114327" lon="-16.247806157916784">
        <ele>226.05000000000001</ele>
        <time>2021-02-20T10:34:20Z</time>
      </trkpt>
      <trkpt lat="28.554917117580771" lon="-16.247788891196251">
        <ele>226.03999999999999</ele>
        <time>2021-02-20T10:34:21Z</time>
      </trkpt>
      <trkpt lat="28.554926924407482" lon="-16.24753818847239">
        <ele>225.80000000000001</ele>
        <time>2021-02-20T10:34:34Z</time>
      </trkpt>
      <trkpt lat="28.554858947172761" lon="-16.24743995256722">
        <ele>222.50999999999999</ele>
        <time>2021-02-20T10:34:40Z</time>
      </trkpt>
      <trkpt lat="28.554725339636207" lon="-16.24728606082499">
        <ele>220.84</ele>
        <time>2021-02-20T10:34:49Z</time>
      </trkpt>
      <trkpt lat="28.554649148136377" lon="-16.24723618850112">
        <ele>221.31</ele>
        <time>2021-02-20T10:34:56Z</time>
      </trkpt>
      <trkpt lat="28.554594414308667" lon="-16.247201738879085">
        <ele>221.59</ele>
        <time>2021-02-20T10:35:10Z</time>
      </trkpt>
      <trkpt lat="28.55456130579114" lon="-16.247135354205966">
        <ele>221.94999999999999</ele>
        <time>2021-02-20T10:35:18Z</time>
      </trkpt>
      <trkpt lat="28.554535238072276" lon="-16.24704415909946">
        <ele>221.99000000000001</ele>
        <time>2021-02-20T10:35:27Z</time>
      </trkpt>
      <trkpt lat="28.554458459839225" lon="-16.246994957327843">
        <ele>223.36000000000001</ele>
        <time>2021-02-20T10:35:39Z</time>
      </trkpt>
      <trkpt lat="28.554399451240897" lon="-16.246946174651384">
        <ele>226.58000000000001</ele>
        <time>2021-02-20T10:35:55Z</time>
      </trkpt>
      <trkpt lat="28.55437614955008" lon="-16.246955981478095">
        <ele>225.53999999999999</ele>
        <time>2021-02-20T10:36:18Z</time>
      </trkpt>
      <trkpt lat="28.554345807060599" lon="-16.24693033285439">
        <ele>227.43000000000001</ele>
        <time>2021-02-20T10:36:29Z</time>
      </trkpt>
      <trkpt lat="28.554312782362103" lon="-16.246857913210988">
        <ele>230.83000000000001</ele>
        <time>2021-02-20T10:36:44Z</time>
      </trkpt>
      <trkpt lat="28.554201973602176" lon="-16.246771747246385">
        <ele>234.25999999999999</ele>
        <time>2021-02-20T10:37:03Z</time>
      </trkpt>
      <trkpt lat="28.554101223126054" lon="-16.246744338423014">
        <ele>237.33000000000001</ele>
        <time>2021-02-20T10:37:20Z</time>
      </trkpt>
      <trkpt lat="28.554115975275636" lon="-16.246732855215669">
        <ele>237.50999999999999</ele>
        <time>2021-02-20T10:37:22Z</time>
      </trkpt>
      <trkpt lat="28.554099379107356" lon="-16.246651047840714">
        <ele>239.46000000000001</ele>
        <time>2021-02-20T10:37:34Z</time>
      </trkpt>
      <trkpt lat="28.554035928100348" lon="-16.246690358966589">
        <ele>242.27000000000001</ele>
        <time>2021-02-20T10:37:46Z</time>
      </trkpt>
      <trkpt lat="28.553963005542755" lon="-16.246687676757574">
        <ele>244.55000000000001</ele>
        <time>2021-02-20T10:37:56Z</time>
      </trkpt>
      <trkpt lat="28.553862422704697" lon="-16.246578376740217">
        <ele>247.66</ele>
        <time>2021-02-20T10:38:14Z</time>
      </trkpt>
      <trkpt lat="28.553855549544096" lon="-16.246570665389299">
        <ele>247.61000000000001</ele>
        <time>2021-02-20T10:38:15Z</time>
      </trkpt>
      <trkpt lat="28.553769467398524" lon="-16.24638207256794">
        <ele>249.49000000000001</ele>
        <time>2021-02-20T10:38:29Z</time>
      </trkpt>
      <trkpt lat="28.553697634488344" lon="-16.246237568557262">
        <ele>252.69</ele>
        <time>2021-02-20T10:38:46Z</time>
      </trkpt>
      <trkpt lat="28.553668297827244" lon="-16.246031625196338">
        <ele>256.02999999999997</ele>
        <time>2021-02-20T10:39:06Z</time>
      </trkpt>
      <trkpt lat="28.553633680567145" lon="-16.246118042618036">
        <ele>258.22000000000003</ele>
        <time>2021-02-20T10:39:21Z</time>
      </trkpt>
      <trkpt lat="28.553597051650286" lon="-16.24621351249516">
        <ele>260.29000000000002</ele>
        <time>2021-02-20T10:39:33Z</time>
      </trkpt>
      <trkpt lat="28.553544580936432" lon="-16.246386347338557">
        <ele>263.44999999999999</ele>
        <time>2021-02-20T10:39:51Z</time>
      </trkpt>
      <trkpt lat="28.553476855158806" lon="-16.246446026489139">
        <ele>266.60000000000002</ele>
        <time>2021-02-20T10:40:06Z</time>
      </trkpt>
      <trkpt lat="28.553381888195872" lon="-16.246386263519526">
        <ele>269.91000000000003</ele>
        <time>2021-02-20T10:40:23Z</time>
      </trkpt>
      <trkpt lat="28.55333436280489" lon="-16.246426664292812">
        <ele>273.11000000000001</ele>
        <time>2021-02-20T10:40:38Z</time>
      </trkpt>
      <trkpt lat="28.553312653675675" lon="-16.246496317908168">
        <ele>276.17000000000002</ele>
        <time>2021-02-20T10:40:50Z</time>
      </trkpt>
      <trkpt lat="28.553290860727429" lon="-16.246587932109833">
        <ele>279.33999999999997</ele>
        <time>2021-02-20T10:41:06Z</time>
      </trkpt>
      <trkpt lat="28.553237048909068" lon="-16.246707458049059">
        <ele>281.57999999999998</ele>
        <time>2021-02-20T10:41:21Z</time>
      </trkpt>
      <trkpt lat="28.553177453577518" lon="-16.246713073924184">
        <ele>284.81</ele>
        <time>2021-02-20T10:41:35Z</time>
      </trkpt>
      <trkpt lat="28.553132861852646" lon="-16.24678373336792">
        <ele>288.02999999999997</ele>
        <time>2021-02-20T10:41:50Z</time>
      </trkpt>
      <trkpt lat="28.553054742515087" lon="-16.246817596256733">
        <ele>291.06</ele>
        <time>2021-02-20T10:42:05Z</time>
      </trkpt>
      <trkpt lat="28.552948459982872" lon="-16.246865289285779">
        <ele>294.30000000000001</ele>
        <time>2021-02-20T10:42:23Z</time>
      </trkpt>
      <trkpt lat="28.552943179383874" lon="-16.24687073752284">
        <ele>294.55000000000001</ele>
        <time>2021-02-20T10:42:24Z</time>
      </trkpt>
      <trkpt lat="28.552889954298735" lon="-16.246963357552886">
        <ele>297.02999999999997</ele>
        <time>2021-02-20T10:42:38Z</time>
      </trkpt>
      <trkpt lat="28.552797669544816" lon="-16.246968302875757">
        <ele>300.02999999999997</ele>
        <time>2021-02-20T10:42:57Z</time>
      </trkpt>
      <trkpt lat="28.552777301520109" lon="-16.246922621503472">
        <ele>303.17000000000002</ele>
        <time>2021-02-20T10:43:08Z</time>
      </trkpt>
      <trkpt lat="28.552810242399573" lon="-16.246800748631358">
        <ele>304.57999999999998</ele>
        <time>2021-02-20T10:43:21Z</time>
      </trkpt>
      <trkpt lat="28.55281644500792" lon="-16.246768394485116">
        <ele>307.67000000000002</ele>
        <time>2021-02-20T10:43:33Z</time>
      </trkpt>
      <trkpt lat="28.552785851061344" lon="-16.246764874085784">
        <ele>309.36000000000001</ele>
        <time>2021-02-20T10:43:42Z</time>
      </trkpt>
      <trkpt lat="28.5527622140944" lon="-16.24666353687644">
        <ele>312.39999999999998</ele>
        <time>2021-02-20T10:43:55Z</time>
      </trkpt>
      <trkpt lat="28.552726255729795" lon="-16.246530096977949">
        <ele>315.81999999999999</ele>
        <time>2021-02-20T10:44:12Z</time>
      </trkpt>
      <trkpt lat="28.552744444459677" lon="-16.246426496654749">
        <ele>319.02999999999997</ele>
        <time>2021-02-20T10:44:31Z</time>
      </trkpt>
      <trkpt lat="28.552723741158843" lon="-16.24633714556694">
        <ele>321.17000000000002</ele>
        <time>2021-02-20T10:44:47Z</time>
      </trkpt>
      <trkpt lat="28.552615698426962" lon="-16.246246285736561">
        <ele>323.38999999999999</ele>
        <time>2021-02-20T10:45:05Z</time>
      </trkpt>
      <trkpt lat="28.552470942959189" lon="-16.246234299615026">
        <ele>321.95999999999998</ele>
        <time>2021-02-20T10:45:12Z</time>
      </trkpt>
      <trkpt lat="28.552284445613623" lon="-16.246208231896162">
        <ele>319.77999999999997</ele>
        <time>2021-02-20T10:45:23Z</time>
      </trkpt>
      <trkpt lat="28.55218562297523" lon="-16.246042940765619">
        <ele>317.19999999999999</ele>
        <time>2021-02-20T10:45:32Z</time>
      </trkpt>
      <trkpt lat="28.552160477265716" lon="-16.246035899966955">
        <ele>316.13</ele>
        <time>2021-02-20T10:45:34Z</time>
      </trkpt>
      <trkpt lat="28.552122171968222" lon="-16.246041348204017">
        <ele>315.79000000000002</ele>
        <time>2021-02-20T10:45:37Z</time>
      </trkpt>
      <trkpt lat="28.552063414826989" lon="-16.246059956029058">
        <ele>314.88999999999999</ele>
        <time>2021-02-20T10:45:40Z</time>
      </trkpt>
      <trkpt lat="28.551998035982251" lon="-16.246022321283817">
        <ele>314.33999999999997</ele>
        <time>2021-02-20T10:45:44Z</time>
      </trkpt>
      <trkpt lat="28.551853112876415" lon="-16.245889384299517">
        <ele>314.50999999999999</ele>
        <time>2021-02-20T10:46:00Z</time>
      </trkpt>
      <trkpt lat="28.551827967166901" lon="-16.245873626321554">
        <ele>314.51999999999998</ele>
        <time>2021-02-20T10:46:01Z</time>
      </trkpt>
      <trkpt lat="28.551794858649373" lon="-16.245863400399685">
        <ele>315.02999999999997</ele>
        <time>2021-02-20T10:46:04Z</time>
      </trkpt>
      <trkpt lat="28.551715901121497" lon="-16.245855772867799">
        <ele>315.30000000000001</ele>
        <time>2021-02-20T10:46:12Z</time>
      </trkpt>
      <trkpt lat="28.551684049889445" lon="-16.245865160599351">
        <ele>314.51999999999998</ele>
        <time>2021-02-20T10:46:15Z</time>
      </trkpt>
      <trkpt lat="28.551560332998633" lon="-16.245927354320884">
        <ele>314.69999999999999</ele>
        <time>2021-02-20T10:46:28Z</time>
      </trkpt>
      <trkpt lat="28.551443992182612" lon="-16.245978316292167">
        <ele>315.91000000000003</ele>
        <time>2021-02-20T10:46:42Z</time>
      </trkpt>
      <trkpt lat="28.551391772925854" lon="-16.24613287858665">
        <ele>318.81999999999999</ele>
        <time>2021-02-20T10:46:55Z</time>
      </trkpt>
      <trkpt lat="28.551292279735208" lon="-16.246228767558932">
        <ele>317.80000000000001</ele>
        <time>2021-02-20T10:47:01Z</time>
      </trkpt>
      <trkpt lat="28.551142076030374" lon="-16.246187528595328">
        <ele>317.75999999999999</ele>
        <time>2021-02-20T10:47:12Z</time>
      </trkpt>
      <trkpt lat="28.551116930320859" lon="-16.246186355128884">
        <ele>318.08999999999997</ele>
        <time>2021-02-20T10:47:14Z</time>
      </trkpt>
      <trkpt lat="28.550996147096157" lon="-16.246275957673788">
        <ele>317.12</ele>
        <time>2021-02-20T10:47:26Z</time>
      </trkpt>
      <trkpt lat="28.550971252843738" lon="-16.246314598247409">
        <ele>316.58999999999997</ele>
        <time>2021-02-20T10:47:29Z</time>
      </trkpt>
      <trkpt lat="28.550790958106518" lon="-16.246380982920527">
        <ele>315.39999999999998</ele>
        <time>2021-02-20T10:47:40Z</time>
      </trkpt>
      <trkpt lat="28.550723567605019" lon="-16.24634494073689">
        <ele>315.69</ele>
        <time>2021-02-20T10:47:45Z</time>
      </trkpt>
      <trkpt lat="28.550631031394005" lon="-16.246257685124874">
        <ele>317.47000000000003</ele>
        <time>2021-02-20T10:47:58Z</time>
      </trkpt>
      <trkpt lat="28.550627175718546" lon="-16.246246201917529">
        <ele>317.75999999999999</ele>
        <time>2021-02-20T10:47:59Z</time>
      </trkpt>
      <trkpt lat="28.550529275089502" lon="-16.246087113395333">
        <ele>319.47000000000003</ele>
        <time>2021-02-20T10:48:20Z</time>
      </trkpt>
      <trkpt lat="28.550512176007032" lon="-16.246085688471794">
        <ele>320.32999999999998</ele>
        <time>2021-02-20T10:48:22Z</time>
      </trkpt>
      <trkpt lat="28.550437828525901" lon="-16.246091471984982">
        <ele>321.75</ele>
        <time>2021-02-20T10:48:31Z</time>
      </trkpt>
      <trkpt lat="28.55034688487649" lon="-16.246082419529557">
        <ele>322.70999999999998</ele>
        <time>2021-02-20T10:48:41Z</time>
      </trkpt>
      <trkpt lat="28.550275973975658" lon="-16.245947973802686">
        <ele>325.75</ele>
        <time>2021-02-20T10:48:56Z</time>
      </trkpt>
      <trkpt lat="28.550247140228748" lon="-16.245844792574644">
        <ele>329.02999999999997</ele>
        <time>2021-02-20T10:49:10Z</time>
      </trkpt>
      <trkpt lat="28.550182180479169" lon="-16.245725685730577">
        <ele>332.50999999999999</ele>
        <time>2021-02-20T10:49:31Z</time>
      </trkpt>
      <trkpt lat="28.550097523257136" lon="-16.24565402045846">
        <ele>335.61000000000001</ele>
        <time>2021-02-20T10:49:50Z</time>
      </trkpt>
      <trkpt lat="28.550004232674837" lon="-16.245652679353952">
        <ele>337.94</ele>
        <time>2021-02-20T10:50:05Z</time>
      </trkpt>
      <trkpt lat="28.549996688961983" lon="-16.245649661868811">
        <ele>337.60000000000002</ele>
        <time>2021-02-20T10:50:06Z</time>
      </trkpt>
      <trkpt lat="28.550096014514565" lon="-16.245539439842105">
        <ele>341.32999999999998</ele>
        <time>2021-02-20T10:50:26Z</time>
      </trkpt>
      <trkpt lat="28.550034575164318" lon="-16.245521837845445">
        <ele>344.92000000000002</ele>
        <time>2021-02-20T10:50:43Z</time>
      </trkpt>
      <trkpt lat="28.550008088350296" lon="-16.245496356859803">
        <ele>347.95999999999998</ele>
        <time>2021-02-20T10:50:59Z</time>
      </trkpt>
      <trkpt lat="28.54999995790422" lon="-16.24543072655797">
        <ele>351.05000000000001</ele>
        <time>2021-02-20T10:51:13Z</time>
      </trkpt>
      <trkpt lat="28.550041615962982" lon="-16.245363671332598">
        <ele>354.24000000000001</ele>
        <time>2021-02-20T10:51:28Z</time>
      </trkpt>
      <trkpt lat="28.550014290958643" lon="-16.245319666340947">
        <ele>357.62</ele>
        <time>2021-02-20T10:51:44Z</time>
      </trkpt>
      <trkpt lat="28.550075395032763" lon="-16.245248420163989">
        <ele>360.67000000000002</ele>
        <time>2021-02-20T10:51:58Z</time>
      </trkpt>
      <trkpt lat="28.550161309540272" lon="-16.24518639408052">
        <ele>363.74000000000001</ele>
        <time>2021-02-20T10:52:15Z</time>
      </trkpt>
      <trkpt lat="28.550151083618402" lon="-16.245161248371005">
        <ele>366.52999999999997</ele>
        <time>2021-02-20T10:52:29Z</time>
      </trkpt>
      <trkpt lat="28.550213780254126" lon="-16.245086062699556">
        <ele>369.72000000000003</ele>
        <time>2021-02-20T10:52:44Z</time>
      </trkpt>
      <trkpt lat="28.550198776647449" lon="-16.245071813464165">
        <ele>370.73000000000002</ele>
        <time>2021-02-20T10:52:49Z</time>
      </trkpt>
      <trkpt lat="28.550130045041442" lon="-16.245069550350308">
        <ele>373.63999999999999</ele>
        <time>2021-02-20T10:53:07Z</time>
      </trkpt>
      <trkpt lat="28.550181677564979" lon="-16.244977936148643">
        <ele>376.81</ele>
        <time>2021-02-20T10:53:25Z</time>
      </trkpt>
      <trkpt lat="28.550151335075498" lon="-16.244972152635455">
        <ele>377.00999999999999</ele>
        <time>2021-02-20T10:53:39Z</time>
      </trkpt>
      <trkpt lat="28.550052596256137" lon="-16.245017498731613">
        <ele>380.25</ele>
        <time>2021-02-20T10:53:56Z</time>
      </trkpt>
      <trkpt lat="28.550002556294203" lon="-16.244898559525609">
        <ele>383.31</ele>
        <time>2021-02-20T10:54:13Z</time>
      </trkpt>
      <trkpt lat="28.54989493265748" lon="-16.244838712736964">
        <ele>385.92000000000002</ele>
        <time>2021-02-20T10:54:32Z</time>
      </trkpt>
      <trkpt lat="28.549807174131274" lon="-16.244794121012092">
        <ele>388.63</ele>
        <time>2021-02-20T10:54:48Z</time>
      </trkpt>
      <trkpt lat="28.549766102805734" lon="-16.244769645854831">
        <ele>391.92000000000002</ele>
        <time>2021-02-20T10:55:07Z</time>
      </trkpt>
      <trkpt lat="28.549707010388374" lon="-16.24478867277503">
        <ele>394.94</ele>
        <time>2021-02-20T10:55:24Z</time>
      </trkpt>
      <trkpt lat="28.549658479169011" lon="-16.244711056351662">
        <ele>398.05000000000001</ele>
        <time>2021-02-20T10:55:37Z</time>
      </trkpt>
      <trkpt lat="28.549640122801065" lon="-16.2447021715343">
        <ele>401.19999999999999</ele>
        <time>2021-02-20T10:55:47Z</time>
      </trkpt>
      <trkpt lat="28.549594189971685" lon="-16.244625225663185">
        <ele>404.32999999999998</ele>
        <time>2021-02-20T10:56:02Z</time>
      </trkpt>
      <trkpt lat="28.549543144181371" lon="-16.244646850973368">
        <ele>407.38999999999999</ele>
        <time>2021-02-20T10:56:17Z</time>
      </trkpt>
      <trkpt lat="28.549481201916933" lon="-16.244509136304259">
        <ele>410.47000000000003</ele>
        <time>2021-02-20T10:56:33Z</time>
      </trkpt>
      <trkpt lat="28.549464689567685" lon="-16.244464376941323">
        <ele>410.83999999999997</ele>
        <time>2021-02-20T10:56:37Z</time>
      </trkpt>
      <trkpt lat="28.549369806423783" lon="-16.24431031756103">
        <ele>414.22000000000003</ele>
        <time>2021-02-20T10:56:59Z</time>
      </trkpt>
      <trkpt lat="28.549315240234137" lon="-16.244368404150009">
        <ele>417.38</ele>
        <time>2021-02-20T10:57:12Z</time>
      </trkpt>
      <trkpt lat="28.549239132553339" lon="-16.244445936754346">
        <ele>419.81</ele>
        <time>2021-02-20T10:57:28Z</time>
      </trkpt>
      <trkpt lat="28.549211304634809" lon="-16.244482733309269">
        <ele>420.72000000000003</ele>
        <time>2021-02-20T10:57:50Z</time>
      </trkpt>
      <trkpt lat="28.549163024872541" lon="-16.244453731924295">
        <ele>417.30000000000001</ele>
        <time>2021-02-20T10:57:59Z</time>
      </trkpt>
      <trkpt lat="28.549183811992407" lon="-16.244453815743327">
        <ele>424.30000000000001</ele>
        <time>2021-06-26T08:38:01Z</time>
      </trkpt>
      <trkpt lat="28.549093455076218" lon="-16.244479129090905">
        <ele>427.23000000000002</ele>
        <time>2021-06-26T08:38:19Z</time>
      </trkpt>
      <trkpt lat="28.549113320186734" lon="-16.244507962837815">
        <ele>428.80000000000001</ele>
        <time>2021-06-26T08:38:38Z</time>
      </trkpt>
      <trkpt lat="28.54910971596837" lon="-16.244508801028132">
        <ele>429.18000000000001</ele>
        <time>2021-06-26T08:39:00Z</time>
      </trkpt>
      <trkpt lat="28.54913167655468" lon="-16.244558673352003">
        <ele>431.12</ele>
        <time>2021-06-26T08:39:21Z</time>
      </trkpt>
      <trkpt lat="28.549107704311609" lon="-16.244576526805758">
        <ele>432.54000000000002</ele>
        <time>2021-06-26T08:39:27Z</time>
      </trkpt>
      <trkpt lat="28.549067722633481" lon="-16.244595134630799">
        <ele>433.23000000000002</ele>
        <time>2021-06-26T08:39:34Z</time>
      </trkpt>
      <trkpt lat="28.548989687114954" lon="-16.244577364996076">
        <ele>435.44</ele>
        <time>2021-06-26T08:39:47Z</time>
      </trkpt>
      <trkpt lat="28.548931265249848" lon="-16.244546100497246">
        <ele>435.76999999999998</ele>
        <time>2021-06-26T08:40:05Z</time>
      </trkpt>
      <trkpt lat="28.548877034336329" lon="-16.244535036385059">
        <ele>435</ele>
        <time>2021-06-26T08:40:25Z</time>
      </trkpt>
      <trkpt lat="28.548846608027816" lon="-16.244524978101254">
        <ele>435.64999999999998</ele>
        <time>2021-06-26T08:40:28Z</time>
      </trkpt>
      <trkpt lat="28.548753317445517" lon="-16.244498994201422">
        <ele>438.30000000000001</ele>
        <time>2021-06-26T08:40:40Z</time>
      </trkpt>
      <trkpt lat="28.548676036298275" lon="-16.244503268972039">
        <ele>440.01999999999998</ele>
        <time>2021-06-26T08:40:48Z</time>
      </trkpt>
      <trkpt lat="28.548528933897614" lon="-16.244551129639149">
        <ele>442.49000000000001</ele>
        <time>2021-06-26T08:41:04Z</time>
      </trkpt>
      <trkpt lat="28.548411168158054" lon="-16.24458490870893">
        <ele>445.07999999999998</ele>
        <time>2021-06-26T08:41:18Z</time>
      </trkpt>
      <trkpt lat="28.548342352733016" lon="-16.244668979197741">
        <ele>448.12</ele>
        <time>2021-06-26T08:41:32Z</time>
      </trkpt>
      <trkpt lat="28.548280745744705" lon="-16.244779955595732">
        <ele>450.20999999999998</ele>
        <time>2021-06-26T08:41:46Z</time>
      </trkpt>
      <trkpt lat="28.548221569508314" lon="-16.244847597554326">
        <ele>451.05000000000001</ele>
        <time>2021-06-26T08:41:55Z</time>
      </trkpt>
      <trkpt lat="28.548183515667915" lon="-16.244862852618098">
        <ele>451.72000000000003</ele>
        <time>2021-06-26T08:42:00Z</time>
      </trkpt>
      <trkpt lat="28.548134146258235" lon="-16.244892440736294">
        <ele>453.44999999999999</ele>
        <time>2021-06-26T08:42:07Z</time>
      </trkpt>
      <trkpt lat="28.548079244792461" lon="-16.244901828467846">
        <ele>454.64999999999998</ele>
        <time>2021-06-26T08:42:14Z</time>
      </trkpt>
      <trkpt lat="28.548073042184114" lon="-16.244902666658163">
        <ele>455.38</ele>
        <time>2021-06-26T08:42:15Z</time>
      </trkpt>
      <trkpt lat="28.547994419932365" lon="-16.244818344712257">
        <ele>457.56999999999999</ele>
        <time>2021-06-26T08:42:29Z</time>
      </trkpt>
      <trkpt lat="28.547891741618514" lon="-16.244794121012092">
        <ele>460.66000000000003</ele>
        <time>2021-06-26T08:42:43Z</time>
      </trkpt>
      <trkpt lat="28.547847652807832" lon="-16.244816835969687">
        <ele>461.85000000000002</ele>
        <time>2021-06-26T08:42:48Z</time>
      </trkpt>
      <trkpt lat="28.547750171273947" lon="-16.2448506988585">
        <ele>463.74000000000001</ele>
        <time>2021-06-26T08:43:00Z</time>
      </trkpt>
      <trkpt lat="28.547681104391813" lon="-16.244883053004742">
        <ele>464.07999999999998</ele>
        <time>2021-06-26T08:43:04Z</time>
      </trkpt>
      <trkpt lat="28.547481196001172" lon="-16.244932925328612">
        <ele>464.93000000000001</ele>
        <time>2021-06-26T08:43:17Z</time>
      </trkpt>
      <trkpt lat="28.547460325062275" lon="-16.244929824024439">
        <ele>465.19999999999999</ele>
        <time>2021-06-26T08:43:19Z</time>
      </trkpt>
      <trkpt lat="28.547402154654264" lon="-16.244958154857159">
        <ele>466.54000000000002</ele>
        <time>2021-06-26T08:43:27Z</time>
      </trkpt>
      <trkpt lat="28.547340044751763" lon="-16.244976008310914">
        <ele>467.02999999999997</ele>
        <time>2021-06-26T08:43:36Z</time>
      </trkpt>
      <trkpt lat="28.547203922644258" lon="-16.245142808184028">
        <ele>466.57999999999998</ele>
        <time>2021-06-26T08:43:55Z</time>
      </trkpt>
      <trkpt lat="28.547091018408537" lon="-16.245199553668499">
        <ele>466.75</ele>
        <time>2021-06-26T08:44:04Z</time>
      </trkpt>
      <trkpt lat="28.546982053667307" lon="-16.245193518698215">
        <ele>467.85000000000002</ele>
        <time>2021-06-26T08:44:14Z</time>
      </trkpt>
      <trkpt lat="28.546847272664309" lon="-16.245282366871834">
        <ele>468.47000000000003</ele>
        <time>2021-06-26T08:44:31Z</time>
      </trkpt>
      <trkpt lat="28.546729339286685" lon="-16.245315475389361">
        <ele>471.50999999999999</ele>
        <time>2021-06-26T08:44:46Z</time>
      </trkpt>
      <trkpt lat="28.546670833602548" lon="-16.245253197848797">
        <ele>474.56</ele>
        <time>2021-06-26T08:45:04Z</time>
      </trkpt>
      <trkpt lat="28.546687932685018" lon="-16.245178012177348">
        <ele>477.61000000000001</ele>
        <time>2021-06-26T08:45:17Z</time>
      </trkpt>
      <trkpt lat="28.546711737290025" lon="-16.245059743523598">
        <ele>480.86000000000001</ele>
        <time>2021-06-26T08:45:34Z</time>
      </trkpt>
      <trkpt lat="28.546712910756469" lon="-16.245051193982363">
        <ele>481.05000000000001</ele>
        <time>2021-06-26T08:45:35Z</time>
      </trkpt>
      <trkpt lat="28.546745851635933" lon="-16.244925213977695">
        <ele>484.14999999999998</ele>
        <time>2021-06-26T08:45:53Z</time>
      </trkpt>
      <trkpt lat="28.546729758381844" lon="-16.244802419096231">
        <ele>487.00999999999999</ele>
        <time>2021-06-26T08:46:09Z</time>
      </trkpt>
      <trkpt lat="28.546676868572831" lon="-16.244668224826455">
        <ele>489.89999999999998</ele>
        <time>2021-06-26T08:46:25Z</time>
      </trkpt>
      <trkpt lat="28.546535046771169" lon="-16.24458784237504">
        <ele>492.49000000000001</ele>
        <time>2021-06-26T08:46:40Z</time>
      </trkpt>
      <trkpt lat="28.546496406197548" lon="-16.244568731635809">
        <ele>492.98000000000002</ele>
        <time>2021-06-26T08:46:44Z</time>
      </trkpt>
      <trkpt lat="28.546383082866669" lon="-16.244538137689233">
        <ele>494.82999999999998</ele>
        <time>2021-06-26T08:46:56Z</time>
      </trkpt>
      <trkpt lat="28.546223742887378" lon="-16.24445834197104">
        <ele>496.86000000000001</ele>
        <time>2021-06-26T08:47:12Z</time>
      </trkpt>
      <trkpt lat="28.546097259968519" lon="-16.244378965348005">
        <ele>499.18000000000001</ele>
        <time>2021-06-26T08:47:29Z</time>
      </trkpt>
      <trkpt lat="28.545951414853334" lon="-16.244251811876893">
        <ele>502.10000000000002</ele>
        <time>2021-06-26T08:47:48Z</time>
      </trkpt>
      <trkpt lat="28.545799618586898" lon="-16.24413974583149">
        <ele>504.56999999999999</ele>
        <time>2021-06-26T08:48:09Z</time>
      </trkpt>
      <trkpt lat="28.545743459835649" lon="-16.244133794680238">
        <ele>505.44999999999999</ele>
        <time>2021-06-26T08:48:15Z</time>
      </trkpt>
      <trkpt lat="28.545656120404601" lon="-16.244142092764378">
        <ele>504.86000000000001</ele>
        <time>2021-06-26T08:48:26Z</time>
      </trkpt>
      <trkpt lat="28.545626699924469" lon="-16.244156258180737">
        <ele>504.92000000000002</ele>
        <time>2021-06-26T08:48:30Z</time>
      </trkpt>
      <trkpt lat="28.545539444312453" lon="-16.244198000058532">
        <ele>504.75</ele>
        <time>2021-06-26T08:48:44Z</time>
      </trkpt>
      <trkpt lat="28.545510778203607" lon="-16.244218619540334">
        <ele>504.76999999999998</ele>
        <time>2021-06-26T08:48:47Z</time>
      </trkpt>
      <trkpt lat="28.54548018425703" lon="-16.244222223758698">
        <ele>505.20999999999998</ele>
        <time>2021-06-26T08:48:51Z</time>
      </trkpt>
      <trkpt lat="28.545461408793926" lon="-16.24421501532197">
        <ele>504.37</ele>
        <time>2021-06-26T08:48:58Z</time>
      </trkpt>
      <trkpt lat="28.545245155692101" lon="-16.244317777454853">
        <ele>505.00999999999999</ele>
        <time>2021-06-26T08:49:13Z</time>
      </trkpt>
      <trkpt lat="28.544866377487779" lon="-16.244433615356684">
        <ele>505.29000000000002</ele>
        <time>2021-06-26T08:49:35Z</time>
      </trkpt>
      <trkpt lat="28.54476478882134" lon="-16.244422132149339">
        <ele>505.81</ele>
        <time>2021-06-26T08:49:47Z</time>
      </trkpt>
      <trkpt lat="28.544725310057402" lon="-16.244412660598755">
        <ele>505.81</ele>
        <time>2021-06-26T08:49:51Z</time>
      </trkpt>
      <trkpt lat="28.544714665040374" lon="-16.244408804923296">
        <ele>505.86000000000001</ele>
        <time>2021-06-26T08:49:53Z</time>
      </trkpt>
      <trkpt lat="28.544663703069091" lon="-16.244390197098255">
        <ele>505.81</ele>
        <time>2021-06-26T08:49:56Z</time>
      </trkpt>
      <trkpt lat="28.54459086433053" lon="-16.244365721940994">
        <ele>506.25999999999999</ele>
        <time>2021-06-26T08:50:07Z</time>
      </trkpt>
      <trkpt lat="28.544102786108851" lon="-16.244253404438496">
        <ele>509.70999999999998</ele>
        <time>2021-06-26T08:50:35Z</time>
      </trkpt>
      <trkpt lat="28.544052746146917" lon="-16.244362117722631">
        <ele>509.92000000000002</ele>
        <time>2021-06-26T08:50:52Z</time>
      </trkpt>
      <trkpt lat="28.544009746983647" lon="-16.24438650906086">
        <ele>509.91000000000003</ele>
        <time>2021-06-26T08:50:55Z</time>
      </trkpt>
      <trkpt lat="28.543991474434733" lon="-16.24440117739141">
        <ele>509.75999999999999</ele>
        <time>2021-06-26T08:50:56Z</time>
      </trkpt>
      <trkpt lat="28.543973956257105" lon="-16.244413834065199">
        <ele>509.20999999999998</ele>
        <time>2021-06-26T08:50:57Z</time>
      </trkpt>
      <trkpt lat="28.54395660571754" lon="-16.244429256767035">
        <ele>509.29000000000002</ele>
        <time>2021-06-26T08:50:58Z</time>
      </trkpt>
      <trkpt lat="28.543943278491497" lon="-16.244444428011775">
        <ele>509.12</ele>
        <time>2021-06-26T08:50:59Z</time>
      </trkpt>
      <trkpt lat="28.543926347047091" lon="-16.244459515437484">
        <ele>508.55000000000001</ele>
        <time>2021-06-26T08:51:00Z</time>
      </trkpt>
      <trkpt lat="28.543907320126891" lon="-16.2444725073874">
        <ele>508.61000000000001</ele>
        <time>2021-06-26T08:51:01Z</time>
      </trkpt>
      <trkpt lat="28.543886281549931" lon="-16.244480973109603">
        <ele>507.69999999999999</ele>
        <time>2021-06-26T08:51:02Z</time>
      </trkpt>
      <trkpt lat="28.543867841362953" lon="-16.244487343356013">
        <ele>506.79000000000002</ele>
        <time>2021-06-26T08:51:03Z</time>
      </trkpt>
      <trkpt lat="28.543846551328897" lon="-16.244493965059519">
        <ele>506.38999999999999</ele>
        <time>2021-06-26T08:51:04Z</time>
      </trkpt>
      <trkpt lat="28.543826518580317" lon="-16.244499832391739">
        <ele>506.14999999999998</ele>
        <time>2021-06-26T08:51:05Z</time>
      </trkpt>
      <trkpt lat="28.543804557994008" lon="-16.244507543742657">
        <ele>505.39999999999998</ele>
        <time>2021-06-26T08:51:06Z</time>
      </trkpt>
      <trkpt lat="28.543695760890841" lon="-16.244624219834805">
        <ele>502.10000000000002</ele>
        <time>2021-06-26T08:51:13Z</time>
      </trkpt>
      <trkpt lat="28.543664747849107" lon="-16.244681216776371">
        <ele>501.19999999999999</ele>
        <time>2021-06-26T08:51:15Z</time>
      </trkpt>
      <trkpt lat="28.543623760342598" lon="-16.2447764351964">
        <ele>500.93000000000001</ele>
        <time>2021-06-26T08:51:19Z</time>
      </trkpt>
      <trkpt lat="28.54362141340971" lon="-16.244801329448819">
        <ele>500.94</ele>
        <time>2021-06-26T08:51:20Z</time>
      </trkpt>
      <trkpt lat="28.543624766170979" lon="-16.244830582290888">
        <ele>500.64999999999998</ele>
        <time>2021-06-26T08:51:21Z</time>
      </trkpt>
      <trkpt lat="28.543631471693516" lon="-16.244857823476195">
        <ele>500.62</ele>
        <time>2021-06-26T08:51:22Z</time>
      </trkpt>
      <trkpt lat="28.543635411188006" lon="-16.244885735213757">
        <ele>500.60000000000002</ele>
        <time>2021-06-26T08:51:23Z</time>
      </trkpt>
      <trkpt lat="28.543639602139592" lon="-16.244910964742303">
        <ele>500.56</ele>
        <time>2021-06-26T08:51:24Z</time>
      </trkpt>
      <trkpt lat="28.543648319318891" lon="-16.244932757690549">
        <ele>499.93000000000001</ele>
        <time>2021-06-26T08:51:25Z</time>
      </trkpt>
      <trkpt lat="28.543655024841428" lon="-16.244957065209746">
        <ele>500.38</ele>
        <time>2021-06-26T08:51:26Z</time>
      </trkpt>
      <trkpt lat="28.543661227449775" lon="-16.244981624186039">
        <ele>500.14999999999998</ele>
        <time>2021-06-26T08:51:27Z</time>
      </trkpt>
      <trkpt lat="28.543668435886502" lon="-16.24500417150557">
        <ele>499.44999999999999</ele>
        <time>2021-06-26T08:51:28Z</time>
      </trkpt>
      <trkpt lat="28.543676063418388" lon="-16.24502613209188">
        <ele>499.69</ele>
        <time>2021-06-26T08:51:29Z</time>
      </trkpt>
      <trkpt lat="28.543683774769306" lon="-16.245047925040126">
        <ele>499.66000000000003</ele>
        <time>2021-06-26T08:51:30Z</time>
      </trkpt>
      <trkpt lat="28.543688803911209" lon="-16.245072400197387">
        <ele>499.86000000000001</ele>
        <time>2021-06-26T08:51:31Z</time>
      </trkpt>
      <trkpt lat="28.543695593252778" lon="-16.24509796500206">
        <ele>499.94999999999999</ele>
        <time>2021-06-26T08:51:32Z</time>
      </trkpt>
      <trkpt lat="28.54370104148984" lon="-16.245122356340289">
        <ele>499.74000000000001</ele>
        <time>2021-06-26T08:51:33Z</time>
      </trkpt>
      <trkpt lat="28.54370741173625" lon="-16.245146077126265">
        <ele>499.74000000000001</ele>
        <time>2021-06-26T08:51:34Z</time>
      </trkpt>
      <trkpt lat="28.5437186434865" lon="-16.245169043540955">
        <ele>500.5</ele>
        <time>2021-06-26T08:51:35Z</time>
      </trkpt>
      <trkpt lat="28.543729120865464" lon="-16.245193518698215">
        <ele>499.67000000000002</ele>
        <time>2021-06-26T08:51:36Z</time>
      </trkpt>
      <trkpt lat="28.543736999854445" lon="-16.245218329131603">
        <ele>499.39999999999998</ele>
        <time>2021-06-26T08:51:37Z</time>
      </trkpt>
      <trkpt lat="28.543786117807031" lon="-16.24537892639637">
        <ele>499</ele>
        <time>2021-06-26T08:51:44Z</time>
      </trkpt>
      <trkpt lat="28.543794415891171" lon="-16.245403569191694">
        <ele>498.39999999999998</ele>
        <time>2021-06-26T08:51:45Z</time>
      </trkpt>
      <trkpt lat="28.543798690661788" lon="-16.245429469272494">
        <ele>497.98000000000002</ele>
        <time>2021-06-26T08:51:46Z</time>
      </trkpt>
      <trkpt lat="28.543802546337247" lon="-16.245454028248787">
        <ele>497.95999999999998</ele>
        <time>2021-06-26T08:51:47Z</time>
      </trkpt>
      <trkpt lat="28.54381151497364" lon="-16.245478168129921">
        <ele>497.76999999999998</ele>
        <time>2021-06-26T08:51:48Z</time>
      </trkpt>
      <trkpt lat="28.543819477781653" lon="-16.245501721277833">
        <ele>496.94999999999999</ele>
        <time>2021-06-26T08:51:49Z</time>
      </trkpt>
      <trkpt lat="28.543825345113873" lon="-16.245526950806379">
        <ele>496.66000000000003</ele>
        <time>2021-06-26T08:51:50Z</time>
      </trkpt>
      <trkpt lat="28.543919390067458" lon="-16.245778407901525">
        <ele>495.22000000000003</ele>
        <time>2021-06-26T08:52:00Z</time>
      </trkpt>
      <trkpt lat="28.54403380304575" lon="-16.245993990451097">
        <ele>494.87</ele>
        <time>2021-06-26T08:52:10Z</time>
      </trkpt>
      <trkpt lat="28.544170930981636" lon="-16.246188282966614">
        <ele>493.69999999999999</ele>
        <time>2021-06-26T08:52:20Z</time>
      </trkpt>
      <trkpt lat="28.544245027005672" lon="-16.246307389810681">
        <ele>492.58999999999997</ele>
        <time>2021-06-26T08:52:26Z</time>
      </trkpt>
      <trkpt lat="28.544249972328544" lon="-16.246329434216022">
        <ele>492.07999999999998</ele>
        <time>2021-06-26T08:52:27Z</time>
      </trkpt>
      <trkpt lat="28.544275034219027" lon="-16.246380563825369">
        <ele>490.54000000000002</ele>
        <time>2021-06-26T08:52:30Z</time>
      </trkpt>
      <trkpt lat="28.54429230093956" lon="-16.246380815282464">
        <ele>489.89999999999998</ele>
        <time>2021-06-26T08:52:31Z</time>
      </trkpt>
      <trkpt lat="28.54430990293622" lon="-16.246374025940895">
        <ele>489.19</ele>
        <time>2021-06-26T08:52:32Z</time>
      </trkpt>
      <trkpt lat="28.5443264991045" lon="-16.246363883838058">
        <ele>489.18000000000001</ele>
        <time>2021-06-26T08:52:33Z</time>
      </trkpt>
      <trkpt lat="28.544376622885466" lon="-16.246275706216693">
        <ele>486.26999999999998</ele>
        <time>2021-06-26T08:52:38Z</time>
      </trkpt>
      <trkpt lat="28.544387519359589" lon="-16.246256092563272">
        <ele>485.92000000000002</ele>
        <time>2021-06-26T08:52:39Z</time>
      </trkpt>
      <trkpt lat="28.54440126568079" lon="-16.246240837499499">
        <ele>485.13</ele>
        <time>2021-06-26T08:52:40Z</time>
      </trkpt>
      <trkpt lat="28.54441886767745" lon="-16.246226923540235">
        <ele>483.74000000000001</ele>
        <time>2021-06-26T08:52:41Z</time>
      </trkpt>
      <trkpt lat="28.544436553493142" lon="-16.24621351249516">
        <ele>483.75</ele>
        <time>2021-06-26T08:52:42Z</time>
      </trkpt>
      <trkpt lat="28.544456418603659" lon="-16.24620228074491">
        <ele>483.41000000000003</ele>
        <time>2021-06-26T08:52:43Z</time>
      </trkpt>
      <trkpt lat="28.544476283714175" lon="-16.246200185269117">
        <ele>482.97000000000003</ele>
        <time>2021-06-26T08:52:44Z</time>
      </trkpt>
      <trkpt lat="28.544491622596979" lon="-16.246210997924209">
        <ele>482.88</ele>
        <time>2021-06-26T08:52:45Z</time>
      </trkpt>
      <trkpt lat="28.544503441080451" lon="-16.246233377605677">
        <ele>482.69999999999999</ele>
        <time>2021-06-26T08:52:46Z</time>
      </trkpt>
      <trkpt lat="28.544508134946227" lon="-16.246260618790984">
        <ele>482.52999999999997</ele>
        <time>2021-06-26T08:52:47Z</time>
      </trkpt>
      <trkpt lat="28.544502686709166" lon="-16.246286518871784">
        <ele>482.56999999999999</ele>
        <time>2021-06-26T08:52:48Z</time>
      </trkpt>
      <trkpt lat="28.544493801891804" lon="-16.246309317648411">
        <ele>481.87</ele>
        <time>2021-06-26T08:52:49Z</time>
      </trkpt>
      <trkpt lat="28.544429009780288" lon="-16.24653504230082">
        <ele>479.88</ele>
        <time>2021-06-26T08:52:58Z</time>
      </trkpt>
      <trkpt lat="28.544423813000321" lon="-16.246558343991637">
        <ele>479.82999999999998</ele>
        <time>2021-06-26T08:52:59Z</time>
      </trkpt>
      <trkpt lat="28.544426076114178" lon="-16.246586088091135">
        <ele>479.55000000000001</ele>
        <time>2021-06-26T08:53:00Z</time>
      </trkpt>
      <trkpt lat="28.544428506866097" lon="-16.246610479429364">
        <ele>479.48000000000002</ele>
        <time>2021-06-26T08:53:01Z</time>
      </trkpt>
      <trkpt lat="28.544433452188969" lon="-16.246636547148228">
        <ele>479.29000000000002</ele>
        <time>2021-06-26T08:53:02Z</time>
      </trkpt>
      <trkpt lat="28.544581895694137" lon="-16.246849447488785">
        <ele>477.17000000000002</ele>
        <time>2021-06-26T08:53:13Z</time>
      </trkpt>
      <trkpt lat="28.544746348634362" lon="-16.24698112718761">
        <ele>476.69999999999999</ele>
        <time>2021-06-26T08:53:22Z</time>
      </trkpt>
      <trkpt lat="28.544797981157899" lon="-16.247028820216656">
        <ele>475.41000000000003</ele>
        <time>2021-06-26T08:53:26Z</time>
      </trkpt>
      <trkpt lat="28.544808626174927" lon="-16.247102916240692">
        <ele>478.05000000000001</ele>
        <time>2021-06-26T08:53:38Z</time>
      </trkpt>
      <trkpt lat="28.544779708608985" lon="-16.247114986181259">
        <ele>480.19999999999999</ele>
        <time>2021-06-26T08:53:46Z</time>
      </trkpt>
      <trkpt lat="28.544684741646051" lon="-16.247118003666401">
        <ele>483.75</ele>
        <time>2021-06-26T08:54:02Z</time>
      </trkpt>
      <trkpt lat="28.544596564024687" lon="-16.247132839635015">
        <ele>486.77999999999997</ele>
        <time>2021-06-26T08:54:16Z</time>
      </trkpt>
      <trkpt lat="28.544521043077111" lon="-16.247158069163561">
        <ele>489.80000000000001</ele>
        <time>2021-06-26T08:54:28Z</time>
      </trkpt>
      <trkpt lat="28.544436134397984" lon="-16.247146334499121">
        <ele>493</ele>
        <time>2021-06-26T08:54:41Z</time>
      </trkpt>
      <trkpt lat="28.544375030323863" lon="-16.247151531279087">
        <ele>496.06</ele>
        <time>2021-06-26T08:54:51Z</time>
      </trkpt>
      <trkpt lat="28.544285176321864" lon="-16.2471370305866">
        <ele>499.37</ele>
        <time>2021-06-26T08:55:08Z</time>
      </trkpt>
      <trkpt lat="28.544233962893486" lon="-16.247182041406631">
        <ele>501.69999999999999</ele>
        <time>2021-06-26T08:55:23Z</time>
      </trkpt>
      <trkpt lat="28.54417260736227" lon="-16.247185058891773">
        <ele>504.55000000000001</ele>
        <time>2021-06-26T08:55:38Z</time>
      </trkpt>
      <trkpt lat="28.544131871312857" lon="-16.247196206822991">
        <ele>507.81</ele>
        <time>2021-06-26T08:55:52Z</time>
      </trkpt>
      <trkpt lat="28.54407386854291" lon="-16.247174246236682">
        <ele>510.91000000000003</ele>
        <time>2021-06-26T08:56:10Z</time>
      </trkpt>
      <trkpt lat="28.544028606265783" lon="-16.24718832783401">
        <ele>514.38</ele>
        <time>2021-06-26T08:56:21Z</time>
      </trkpt>
      <trkpt lat="28.544026091694832" lon="-16.247188998386264">
        <ele>514.25</ele>
        <time>2021-06-26T08:56:22Z</time>
      </trkpt>
      <trkpt lat="28.543943278491497" lon="-16.247206097468734">
        <ele>517.33000000000004</ele>
        <time>2021-06-26T08:56:36Z</time>
      </trkpt>
      <trkpt lat="28.5438515804708" lon="-16.247237781062722">
        <ele>520.51999999999998</ele>
        <time>2021-06-26T08:56:50Z</time>
      </trkpt>
      <trkpt lat="28.543800367042422" lon="-16.24725965783">
        <ele>523.73000000000002</ele>
        <time>2021-06-26T08:57:06Z</time>
      </trkpt>
      <trkpt lat="28.543761139735579" lon="-16.24725479632616">
        <ele>526.76999999999998</ele>
        <time>2021-06-26T08:57:21Z</time>
      </trkpt>
      <trkpt lat="28.543665250763297" lon="-16.247238619253039">
        <ele>528.89999999999998</ele>
        <time>2021-06-26T08:57:34Z</time>
      </trkpt>
      <trkpt lat="28.543607164174318" lon="-16.247230656445026">
        <ele>528.97000000000003</ele>
        <time>2021-06-26T08:57:40Z</time>
      </trkpt>
      <trkpt lat="28.543541952967644" lon="-16.247216323390603">
        <ele>530.01999999999998</ele>
        <time>2021-06-26T08:57:45Z</time>
      </trkpt>
      <trkpt lat="28.543449165299535" lon="-16.247076010331511">
        <ele>530.19000000000005</ele>
        <time>2021-06-26T08:57:59Z</time>
      </trkpt>
      <trkpt lat="28.543292507529259" lon="-16.24701390042901">
        <ele>532.61000000000001</ele>
        <time>2021-06-26T08:58:12Z</time>
      </trkpt>
      <trkpt lat="28.543250933289528" lon="-16.246952041983604">
        <ele>532.79999999999995</ele>
        <time>2021-06-26T08:58:16Z</time>
      </trkpt>
      <trkpt lat="28.543197708204389" lon="-16.246793791651726">
        <ele>534.29999999999995</ele>
        <time>2021-06-26T08:58:30Z</time>
      </trkpt>
      <trkpt lat="28.543085977435112" lon="-16.246786750853062">
        <ele>537.34000000000003</ele>
        <time>2021-06-26T08:58:45Z</time>
      </trkpt>
      <trkpt lat="28.5430848877877" lon="-16.246783901005983">
        <ele>538.13</ele>
        <time>2021-06-26T08:58:46Z</time>
      </trkpt>
      <trkpt lat="28.542971648275852" lon="-16.246770909056067">
        <ele>538.42999999999995</ele>
        <time>2021-06-26T08:59:01Z</time>
      </trkpt>
      <trkpt lat="28.542907107621431" lon="-16.246764957904816">
        <ele>541.78999999999996</ele>
        <time>2021-06-26T08:59:13Z</time>
      </trkpt>
      <trkpt lat="28.54290409013629" lon="-16.246720869094133">
        <ele>543.5</ele>
        <time>2021-06-26T08:59:23Z</time>
      </trkpt>
      <trkpt lat="28.54277660138905" lon="-16.24663420021534">
        <ele>546.11000000000001</ele>
        <time>2021-06-26T08:59:37Z</time>
      </trkpt>
      <trkpt lat="28.542726896703243" lon="-16.246630931273103">
        <ele>547.36000000000001</ele>
        <time>2021-06-26T08:59:42Z</time>
      </trkpt>
      <trkpt lat="28.542617848142982" lon="-16.2466000020504">
        <ele>549.77999999999997</ele>
        <time>2021-06-26T08:59:53Z</time>
      </trkpt>
      <trkpt lat="28.542803088203073" lon="-16.246665883809328">
        <ele>545.08000000000004</ele>
        <time>2021-06-26T09:02:13Z</time>
      </trkpt>
      <trkpt lat="28.542792275547981" lon="-16.246676025912166">
        <ele>546.14999999999998</ele>
        <time>2021-06-26T09:02:16Z</time>
      </trkpt>
      <trkpt lat="28.542772410437465" lon="-16.246638223528862">
        <ele>547.29999999999995</ele>
        <time>2021-06-26T09:02:40Z</time>
      </trkpt>
      <trkpt lat="28.542740559205413" lon="-16.246636379510164">
        <ele>548.52999999999997</ele>
        <time>2021-06-26T09:02:56Z</time>
      </trkpt>
      <trkpt lat="28.542694207280874" lon="-16.246628584340215">
        <ele>551.57000000000005</ele>
        <time>2021-06-26T09:03:09Z</time>
      </trkpt>
      <trkpt lat="28.542648022994399" lon="-16.246610647067428">
        <ele>554.69000000000005</ele>
        <time>2021-06-26T09:03:23Z</time>
      </trkpt>
      <trkpt lat="28.542542494833469" lon="-16.246541412547231">
        <ele>557.79999999999995</ele>
        <time>2021-06-26T09:03:37Z</time>
      </trkpt>
      <trkpt lat="28.542476613074541" lon="-16.246453737840056">
        <ele>561.03999999999996</ele>
        <time>2021-06-26T09:03:51Z</time>
      </trkpt>
      <trkpt lat="28.542467225342989" lon="-16.246415767818689">
        <ele>562.66999999999996</ele>
        <time>2021-06-26T09:03:57Z</time>
      </trkpt>
      <trkpt lat="28.542434787377715" lon="-16.246347874403">
        <ele>566.41999999999996</ele>
        <time>2021-06-26T09:04:07Z</time>
      </trkpt>
      <trkpt lat="28.542421963065863" lon="-16.246346868574619">
        <ele>565.95000000000005</ele>
        <time>2021-06-26T09:04:08Z</time>
      </trkpt>
      <trkpt lat="28.5423768684268" lon="-16.246291799470782">
        <ele>569.09000000000003</ele>
        <time>2021-06-26T09:04:22Z</time>
      </trkpt>
      <trkpt lat="28.542355494573712" lon="-16.246222900226712">
        <ele>572.51999999999998</ele>
        <time>2021-06-26T09:04:40Z</time>
      </trkpt>
      <trkpt lat="28.542321296408772" lon="-16.246164562180638">
        <ele>575.66999999999996</ele>
        <time>2021-06-26T09:04:53Z</time>
      </trkpt>
      <trkpt lat="28.542316183447838" lon="-16.246064398437738">
        <ele>578.67999999999995</ele>
        <time>2021-06-26T09:05:05Z</time>
      </trkpt>
      <trkpt lat="28.54223026894033" lon="-16.245991392061114">
        <ele>581.75999999999999</ele>
        <time>2021-06-26T09:05:23Z</time>
      </trkpt>
      <trkpt lat="28.542097918689251" lon="-16.24601905234158">
        <ele>583.86000000000001</ele>
        <time>2021-06-26T09:05:46Z</time>
      </trkpt>
      <trkpt lat="28.542030025273561" lon="-16.246038330718875">
        <ele>586.29999999999995</ele>
        <time>2021-06-26T09:05:57Z</time>
      </trkpt>
      <trkpt lat="28.541887030005455" lon="-16.246025674045086">
        <ele>587.21000000000004</ele>
        <time>2021-06-26T09:06:04Z</time>
      </trkpt>
      <trkpt lat="28.541819052770734" lon="-16.246035564690828">
        <ele>587.27999999999997</ele>
        <time>2021-06-26T09:06:06Z</time>
      </trkpt>
      <trkpt lat="28.54169525206089" lon="-16.246130364015698">
        <ele>587.87</ele>
        <time>2021-06-26T09:06:12Z</time>
      </trkpt>
      <trkpt lat="28.541602967306972" lon="-16.24617101624608">
        <ele>588.00999999999999</ele>
        <time>2021-06-26T09:06:24Z</time>
      </trkpt>
      <trkpt lat="28.54149928316474" lon="-16.24619004316628">
        <ele>588.64999999999998</ele>
        <time>2021-06-26T09:06:35Z</time>
      </trkpt>
      <trkpt lat="28.541442789137363" lon="-16.246203454211354">
        <ele>588.20000000000005</ele>
        <time>2021-06-26T09:06:39Z</time>
      </trkpt>
      <trkpt lat="28.541355030611157" lon="-16.246260534971952">
        <ele>584.61000000000001</ele>
        <time>2021-06-26T09:06:47Z</time>
      </trkpt>
      <trkpt lat="28.541290825232863" lon="-16.246251231059432">
        <ele>583.25999999999999</ele>
        <time>2021-06-26T09:06:51Z</time>
      </trkpt>
      <trkpt lat="28.5412422940135" lon="-16.246310323476791">
        <ele>579.49000000000001</ele>
        <time>2021-06-26T09:07:00Z</time>
      </trkpt>
      <trkpt lat="28.541221590712667" lon="-16.246361620724201">
        <ele>578.97000000000003</ele>
        <time>2021-06-26T09:07:13Z</time>
      </trkpt>
      <trkpt lat="28.541177669540048" lon="-16.246397327631712">
        <ele>578.36000000000001</ele>
        <time>2021-06-26T09:07:25Z</time>
      </trkpt>
      <trkpt lat="28.541137268766761" lon="-16.246344018727541">
        <ele>576.72000000000003</ele>
        <time>2021-06-26T09:07:31Z</time>
      </trkpt>
      <trkpt lat="28.541107345372438" lon="-16.246308563277125">
        <ele>575.74000000000001</ele>
        <time>2021-06-26T09:07:35Z</time>
      </trkpt>
      <trkpt lat="28.541071470826864" lon="-16.246283082291484">
        <ele>573.35000000000002</ele>
        <time>2021-06-26T09:07:39Z</time>
      </trkpt>
      <trkpt lat="28.541039284318686" lon="-16.246226420626044">
        <ele>572.38</ele>
        <time>2021-06-26T09:07:44Z</time>
      </trkpt>
      <trkpt lat="28.540928307920694" lon="-16.24605031684041">
        <ele>573.07000000000005</ele>
        <time>2021-06-26T09:07:55Z</time>
      </trkpt>
      <trkpt lat="28.540872652083635" lon="-16.245963480323553">
        <ele>575.02999999999997</ele>
        <time>2021-06-26T09:08:05Z</time>
      </trkpt>
      <trkpt lat="28.540833676233888" lon="-16.245939591899514">
        <ele>576.53999999999996</ele>
        <time>2021-06-26T09:08:10Z</time>
      </trkpt>
      <trkpt lat="28.540798304602504" lon="-16.245931377634406">
        <ele>577.05999999999995</ele>
        <time>2021-06-26T09:08:13Z</time>
      </trkpt>
      <trkpt lat="28.540766956284642" lon="-16.245933892205358">
        <ele>576.70000000000005</ele>
        <time>2021-06-26T09:08:16Z</time>
      </trkpt>
      <trkpt lat="28.540666792541742" lon="-16.245874967426062">
        <ele>577.76999999999998</ele>
        <time>2021-06-26T09:08:31Z</time>
      </trkpt>
      <trkpt lat="28.540650280192494" lon="-16.245824508368969">
        <ele>578.77999999999997</ele>
        <time>2021-06-26T09:08:36Z</time>
      </trkpt>
      <trkpt lat="28.540641898289323" lon="-16.245816629379988">
        <ele>578.99000000000001</ele>
        <time>2021-06-26T09:08:38Z</time>
      </trkpt>
      <trkpt lat="28.540557157248259" lon="-16.245762398466468">
        <ele>580.12</ele>
        <time>2021-06-26T09:08:45Z</time>
      </trkpt>
      <trkpt lat="28.540661009028554" lon="-16.245896006003022">
        <ele>581</ele>
      </trkpt>
      <trkpt lat="28.540666960179806" lon="-16.245904974639416">
        <ele>580.79999999999995</ele>
      </trkpt>
      <trkpt lat="28.540669977664948" lon="-16.24591201543808">
        <ele>580.60000000000002</ele>
      </trkpt>
      <trkpt lat="28.540672995150089" lon="-16.245918972417712">
        <ele>580.5</ele>
      </trkpt>
      <trkpt lat="28.540677018463612" lon="-16.245919978246093">
        <ele>580.39999999999998</ele>
      </trkpt>
      <trkpt lat="28.540681041777134" lon="-16.245922995731235">
        <ele>580.29999999999995</ele>
      </trkpt>
      <trkpt lat="28.540682969614863" lon="-16.245928024873137">
        <ele>580.10000000000002</ele>
      </trkpt>
      <trkpt lat="28.540681963786483" lon="-16.245943028479815">
        <ele>579.89999999999998</ele>
      </trkpt>
      <trkpt lat="28.540677018463612" lon="-16.245963983237743">
        <ele>577.5</ele>
      </trkpt>
      <trkpt lat="28.540666960179806" lon="-16.245974041521549">
        <ele>577</ele>
      </trkpt>
      <trkpt lat="28.540664026513696" lon="-16.24597898684442">
        <ele>577</ele>
      </trkpt>
      <trkpt lat="28.540662014856935" lon="-16.245980998501182">
        <ele>576.89999999999998</ele>
      </trkpt>
      <trkpt lat="28.540658997371793" lon="-16.245989967137575">
        <ele>576.79999999999995</ele>
      </trkpt>
      <trkpt lat="28.540655979886651" lon="-16.24599801376462">
        <ele>576.70000000000005</ele>
      </trkpt>
      <trkpt lat="28.54065396822989" lon="-16.246003964915872">
        <ele>576.60000000000002</ele>
      </trkpt>
      <trkpt lat="28.540652962401509" lon="-16.246009999886155">
        <ele>576.5</ele>
      </trkpt>
      <trkpt lat="28.540648017078638" lon="-16.246017040684819">
        <ele>576.29999999999995</ele>
      </trkpt>
      <trkpt lat="28.540637036785483" lon="-16.24602198600769">
        <ele>576.70000000000005</ele>
      </trkpt>
      <trkpt lat="28.540618009865284" lon="-16.246027015149593">
        <ele>577.5</ele>
      </trkpt>
      <trkpt lat="28.54060803540051" lon="-16.246028020977974">
        <ele>577.5</ele>
      </trkpt>
      <trkpt lat="28.540602000430226" lon="-16.246028020977974">
        <ele>577.39999999999998</ele>
      </trkpt>
      <trkpt lat="28.540594959631562" lon="-16.246029026806355">
        <ele>577.20000000000005</ele>
      </trkpt>
      <trkpt lat="28.540586996823549" lon="-16.246030032634735">
        <ele>577</ele>
      </trkpt>
      <trkpt lat="28.540579034015536" lon="-16.246031038463116">
        <ele>576.79999999999995</ele>
      </trkpt>
      <trkpt lat="28.540569981560111" lon="-16.246031960472465">
        <ele>576.89999999999998</ele>
      </trkpt>
      <trkpt lat="28.540564030408859" lon="-16.246030032634735">
        <ele>577.20000000000005</ele>
      </trkpt>
      <trkpt lat="28.540555983781815" lon="-16.246029026806355">
        <ele>577.29999999999995</ele>
      </trkpt>
      <trkpt lat="28.540542991831899" lon="-16.246028020977974">
        <ele>577.20000000000005</ele>
      </trkpt>
      <trkpt lat="28.540529999881983" lon="-16.246025003492832">
        <ele>577.29999999999995</ele>
      </trkpt>
      <trkpt lat="28.540520025417209" lon="-16.246023997664452">
        <ele>577.29999999999995</ele>
      </trkpt>
      <trkpt lat="28.540507033467293" lon="-16.24602198600769">
        <ele>577.29999999999995</ele>
      </trkpt>
      <trkpt lat="28.540500998497009" lon="-16.24602098017931">
        <ele>577.39999999999998</ele>
      </trkpt>
      <trkpt lat="28.540494963526726" lon="-16.24602098017931">
        <ele>577.5</ele>
      </trkpt>
      <trkpt lat="28.540490018203855" lon="-16.24602098017931">
        <ele>577.60000000000002</ele>
      </trkpt>
      <trkpt lat="28.54048297740519" lon="-16.24602198600769">
        <ele>577.70000000000005</ele>
      </trkpt>
      <trkpt lat="28.540477026253939" lon="-16.246022991836071">
        <ele>577.70000000000005</ele>
      </trkpt>
      <trkpt lat="28.540473002940416" lon="-16.246025003492832">
        <ele>577.70000000000005</ele>
      </trkpt>
      <trkpt lat="28.540465040132403" lon="-16.246029026806355">
        <ele>577.70000000000005</ele>
      </trkpt>
      <trkpt lat="28.540456993505359" lon="-16.246035983785987">
        <ele>577.79999999999995</ele>
      </trkpt>
      <trkpt lat="28.540450958535075" lon="-16.24604201875627">
        <ele>577.79999999999995</ele>
      </trkpt>
      <trkpt lat="28.540442995727062" lon="-16.246051993221045">
        <ele>577.89999999999998</ele>
      </trkpt>
      <trkpt lat="28.54043603874743" lon="-16.246060961857438">
        <ele>578</ele>
      </trkpt>
      <trkpt lat="28.540427992120385" lon="-16.246071020141244">
        <ele>578.10000000000002</ele>
      </trkpt>
      <trkpt lat="28.540423968806863" lon="-16.246077977120876">
        <ele>578.20000000000005</ele>
      </trkpt>
      <trkpt lat="28.540420029312372" lon="-16.246092980727553">
        <ele>578.20000000000005</ele>
      </trkpt>
      <trkpt lat="28.54041600599885" lon="-16.246109995990992">
        <ele>578.29999999999995</ele>
      </trkpt>
      <trkpt lat="28.540412988513708" lon="-16.24612801708281">
        <ele>578.79999999999995</ele>
      </trkpt>
      <trkpt lat="28.540411982685328" lon="-16.246144026517868">
        <ele>579.10000000000002</ele>
      </trkpt>
      <trkpt lat="28.540410976856947" lon="-16.246158024296165">
        <ele>579.20000000000005</ele>
      </trkpt>
      <trkpt lat="28.540409971028566" lon="-16.246166992932558">
        <ele>579.10000000000002</ele>
      </trkpt>
      <trkpt lat="28.540409971028566" lon="-16.246175961568952">
        <ele>579.20000000000005</ele>
      </trkpt>
      <trkpt lat="28.540408965200186" lon="-16.246185014024377">
        <ele>579.39999999999998</ele>
      </trkpt>
      <trkpt lat="28.540409971028566" lon="-16.246202029287815">
        <ele>579.79999999999995</ele>
      </trkpt>
      <trkpt lat="28.540409971028566" lon="-16.246221978217363">
        <ele>580.20000000000005</ele>
      </trkpt>
      <trkpt lat="28.540408965200186" lon="-16.246231030672789">
        <ele>580.39999999999998</ele>
      </trkpt>
      <trkpt lat="28.540408965200186" lon="-16.246238993480802">
        <ele>580.70000000000005</ele>
      </trkpt>
      <trkpt lat="28.540408965200186" lon="-16.246250979602337">
        <ele>581.20000000000005</ele>
      </trkpt>
      <trkpt lat="28.540410976856947" lon="-16.246263971552253">
        <ele>581.29999999999995</ele>
      </trkpt>
      <trkpt lat="28.540410976856947" lon="-16.246284004300833">
        <ele>582.10000000000002</ele>
      </trkpt>
      <trkpt lat="28.540412988513708" lon="-16.246301019564271">
        <ele>582.5</ele>
      </trkpt>
      <trkpt lat="28.540415000170469" lon="-16.246316023170948">
        <ele>582.70000000000005</ele>
      </trkpt>
      <trkpt lat="28.54041600599885" lon="-16.246325997635722">
        <ele>582.89999999999998</ele>
      </trkpt>
      <trkpt lat="28.540418017655611" lon="-16.246333038434386">
        <ele>582.89999999999998</ele>
      </trkpt>
      <trkpt lat="28.540419023483992" lon="-16.24634301289916">
        <ele>583.29999999999995</ele>
      </trkpt>
      <trkpt lat="28.540420029312372" lon="-16.24636497348547">
        <ele>584.39999999999998</ele>
      </trkpt>
      <trkpt lat="28.540410976856947" lon="-16.246379977092147">
        <ele>585.20000000000005</ele>
      </trkpt>
      <trkpt lat="28.540393961593509" lon="-16.24640503898263">
        <ele>586.5</ele>
      </trkpt>
      <trkpt lat="28.540372001007199" lon="-16.24642800539732">
        <ele>587.20000000000005</ele>
      </trkpt>
      <trkpt lat="28.540346017107368" lon="-16.246444014832377">
        <ele>588.20000000000005</ele>
      </trkpt>
      <trkpt lat="28.540329001843929" lon="-16.246449965983629">
        <ele>589.60000000000002</ele>
      </trkpt>
      <trkpt lat="28.540319027379155" lon="-16.246453989297152">
        <ele>590.10000000000002</ele>
      </trkpt>
      <trkpt lat="28.540305029600859" lon="-16.246458012610674">
        <ele>590.79999999999995</ele>
      </trkpt>
      <trkpt lat="28.540292959660292" lon="-16.246462035924196">
        <ele>590.89999999999998</ele>
      </trkpt>
      <trkpt lat="28.540282985195518" lon="-16.246464969590306">
        <ele>591</ele>
      </trkpt>
      <trkpt lat="28.54026798158884" lon="-16.24647201038897">
        <ele>591.20000000000005</ele>
      </trkpt>
      <trkpt lat="28.540254989638925" lon="-16.246478967368603">
        <ele>591.20000000000005</ele>
      </trkpt>
      <trkpt lat="28.54024501517415" lon="-16.246486008167267">
        <ele>591.39999999999998</ele>
      </trkpt>
      <trkpt lat="28.540233029052615" lon="-16.246492965146899">
        <ele>591.5</ele>
      </trkpt>
      <trkpt lat="28.540220959112048" lon="-16.246503023430705">
        <ele>592.20000000000005</ele>
      </trkpt>
      <trkpt lat="28.540204027667642" lon="-16.246511992067099">
        <ele>591.70000000000005</ele>
      </trkpt>
      <trkpt lat="28.540190029889345" lon="-16.246520038694143">
        <ele>591.39999999999998</ele>
      </trkpt>
      <trkpt lat="28.540177037939429" lon="-16.246530013158917">
        <ele>591.89999999999998</ele>
      </trkpt>
      <trkpt lat="28.540162034332752" lon="-16.246538981795311">
        <ele>591.60000000000002</ele>
      </trkpt>
      <trkpt lat="28.540148036554456" lon="-16.246547028422356">
        <ele>591.79999999999995</ele>
      </trkpt>
      <trkpt lat="28.540133032947779" lon="-16.24655800871551">
        <ele>592</ele>
      </trkpt>
      <trkpt lat="28.540120963007212" lon="-16.246565971523523">
        <ele>591.79999999999995</ele>
      </trkpt>
      <trkpt lat="28.540103025734425" lon="-16.2465809751302">
        <ele>592</ele>
      </trkpt>
      <trkpt lat="28.54007301852107" lon="-16.24662104062736">
        <ele>591.39999999999998</ele>
      </trkpt>
      <trkpt lat="28.540054997429252" lon="-16.246654987335205">
        <ele>591.89999999999998</ele>
      </trkpt>
      <trkpt lat="28.540033958852291" lon="-16.24668600037694">
        <ele>592.29999999999995</ele>
      </trkpt>
      <trkpt lat="28.540020966902375" lon="-16.24670997262001">
        <ele>592.79999999999995</ele>
      </trkpt>
      <trkpt lat="28.540007974952459" lon="-16.246732017025352">
        <ele>593.29999999999995</ele>
      </trkpt>
      <trkpt lat="28.540000012144446" lon="-16.24675003811717">
        <ele>594</ele>
      </trkpt>
      <trkpt lat="28.539990959689021" lon="-16.246767975389957">
        <ele>594.29999999999995</ele>
      </trkpt>
      <trkpt lat="28.539984002709389" lon="-16.246779961511493">
        <ele>594.39999999999998</ele>
      </trkpt>
      <trkpt lat="28.539978973567486" lon="-16.246790019795299">
        <ele>594.39999999999998</ele>
      </trkpt>
      <trkpt lat="28.539976039901376" lon="-16.246790019795299">
        <ele>594.39999999999998</ele>
      </trkpt>
      <trkpt lat="28.539961958304048" lon="-16.246777027845383">
        <ele>594.5</ele>
      </trkpt>
      <trkpt lat="28.539957012981176" lon="-16.246770992875099">
        <ele>594.89999999999998</ele>
      </trkpt>
      <trkpt lat="28.539953995496035" lon="-16.246765041723847">
        <ele>595.29999999999995</ele>
      </trkpt>
      <trkpt lat="28.539950978010893" lon="-16.246758000925183">
        <ele>595.79999999999995</ele>
      </trkpt>
      <trkpt lat="28.539947038516402" lon="-16.246746014803648">
        <ele>596.60000000000002</ele>
      </trkpt>
      <trkpt lat="28.539945026859641" lon="-16.246734028682113">
        <ele>597.29999999999995</ele>
      </trkpt>
      <trkpt lat="28.539942009374499" lon="-16.246721958741546">
        <ele>598.39999999999998</ele>
      </trkpt>
      <trkpt lat="28.539938991889358" lon="-16.246715001761913">
        <ele>598.89999999999998</ele>
      </trkpt>
      <trkpt lat="28.539934968575835" lon="-16.246703015640378">
        <ele>599.29999999999995</ele>
      </trkpt>
      <trkpt lat="28.539932034909725" lon="-16.246688012033701">
        <ele>599.79999999999995</ele>
      </trkpt>
      <trkpt lat="28.539924994111061" lon="-16.246668985113502">
        <ele>600.5</ele>
      </trkpt>
      <trkpt lat="28.539918959140778" lon="-16.246649036183953">
        <ele>600.60000000000002</ele>
      </trkpt>
      <trkpt lat="28.539915019646287" lon="-16.246634032577276">
        <ele>600.79999999999995</ele>
      </trkpt>
      <trkpt lat="28.539912002161145" lon="-16.24662104062736">
        <ele>601</ele>
      </trkpt>
      <trkpt lat="28.539910996332765" lon="-16.246605031192303">
        <ele>601.39999999999998</ele>
      </trkpt>
      <trkpt lat="28.539912002161145" lon="-16.246586004272103">
        <ele>601.89999999999998</ele>
      </trkpt>
      <trkpt lat="28.539913007989526" lon="-16.246576029807329">
        <ele>602.39999999999998</ele>
      </trkpt>
      <trkpt lat="28.539914013817906" lon="-16.246568989008665">
        <ele>602.60000000000002</ele>
      </trkpt>
      <trkpt lat="28.539916025474668" lon="-16.24655700288713">
        <ele>602.79999999999995</ele>
      </trkpt>
      <trkpt lat="28.539917031303048" lon="-16.246550967916846">
        <ele>602.79999999999995</ele>
      </trkpt>
      <trkpt lat="28.539917031303048" lon="-16.246544010937214">
        <ele>603</ele>
      </trkpt>
      <trkpt lat="28.539915019646287" lon="-16.24653697013855">
        <ele>603.20000000000005</ele>
      </trkpt>
      <trkpt lat="28.539914013817906" lon="-16.246529007330537">
        <ele>603.39999999999998</ele>
      </trkpt>
      <trkpt lat="28.539912002161145" lon="-16.246518027037382">
        <ele>603.70000000000005</ele>
      </trkpt>
      <trkpt lat="28.539908984676003" lon="-16.246504029259086">
        <ele>604.20000000000005</ele>
      </trkpt>
      <trkpt lat="28.539906973019242" lon="-16.246492965146899">
        <ele>604.89999999999998</ele>
      </trkpt>
      <trkpt lat="28.539904039353132" lon="-16.246480979025364">
        <ele>605.29999999999995</ele>
      </trkpt>
      <trkpt lat="28.539902027696371" lon="-16.246475027874112">
        <ele>605.39999999999998</ele>
      </trkpt>
      <trkpt lat="28.53990102186799" lon="-16.24647100456059">
        <ele>605.5</ele>
      </trkpt>
      <trkpt lat="28.539898004382849" lon="-16.246464969590306">
        <ele>605.5</ele>
      </trkpt>
      <trkpt lat="28.539895992726088" lon="-16.246459018439054">
        <ele>605.60000000000002</ele>
      </trkpt>
      <trkpt lat="28.539892975240946" lon="-16.246452983468771">
        <ele>605.60000000000002</ele>
      </trkpt>
      <trkpt lat="28.539889035746455" lon="-16.246444014832377">
        <ele>605.70000000000005</ele>
      </trkpt>
      <trkpt lat="28.539886018261313" lon="-16.246436974033713">
        <ele>605.79999999999995</ele>
      </trkpt>
      <trkpt lat="28.539880989119411" lon="-16.246422976255417">
        <ele>606.29999999999995</ele>
      </trkpt>
      <trkpt lat="28.539876965805888" lon="-16.246411995962262">
        <ele>607</ele>
      </trkpt>
      <trkpt lat="28.539873026311398" lon="-16.246397998183966">
        <ele>607.5</ele>
      </trkpt>
      <trkpt lat="28.539867997169495" lon="-16.246389029547572">
        <ele>607.29999999999995</ele>
      </trkpt>
      <trkpt lat="28.539863973855972" lon="-16.246376959607005">
        <ele>607.60000000000002</ele>
      </trkpt>
      <trkpt lat="28.53985802270472" lon="-16.246363967657089">
        <ele>608.5</ele>
      </trkpt>
      <trkpt lat="28.539853999391198" lon="-16.246356004849076">
        <ele>608.89999999999998</ele>
      </trkpt>
      <trkpt lat="28.539847964420915" lon="-16.246348964050412">
        <ele>609.10000000000002</ele>
      </trkpt>
      <trkpt lat="28.539840001612902" lon="-16.246341001242399">
        <ele>609</ele>
      </trkpt>
      <trkpt lat="28.539832038804889" lon="-16.246332032606006">
        <ele>609.39999999999998</ele>
      </trkpt>
      <trkpt lat="28.539823992177844" lon="-16.246320968493819">
        <ele>610.20000000000005</ele>
      </trkpt>
      <trkpt lat="28.539818963035941" lon="-16.246314011514187">
        <ele>610.70000000000005</ele>
      </trkpt>
      <trkpt lat="28.539813011884689" lon="-16.246308982372284">
        <ele>610.79999999999995</ele>
      </trkpt>
      <trkpt lat="28.539807982742786" lon="-16.246305964887142">
        <ele>610.79999999999995</ele>
      </trkpt>
      <trkpt lat="28.539802031591535" lon="-16.24630001373589">
        <ele>611</ele>
      </trkpt>
      <trkpt lat="28.539797002449632" lon="-16.246296996250749">
        <ele>611.10000000000002</ele>
      </trkpt>
      <trkpt lat="28.539787027984858" lon="-16.246290961280465">
        <ele>611.29999999999995</ele>
      </trkpt>
      <trkpt lat="28.539780993014574" lon="-16.246286015957594">
        <ele>611.39999999999998</ele>
      </trkpt>
      <trkpt lat="28.539596004411578" lon="-16.246243016794324">
        <ele>614.89999999999998</ele>
      </trkpt>
      <trkpt lat="28.539532972499728" lon="-16.246238993480802">
        <ele>616.39999999999998</ele>
      </trkpt>
      <trkpt lat="28.539473041892052" lon="-16.246244022622705">
        <ele>616.20000000000005</ele>
      </trkpt>
      <trkpt lat="28.539458960294724" lon="-16.246244022622705">
        <ele>616.70000000000005</ele>
      </trkpt>
      <trkpt lat="28.539439011365175" lon="-16.246244022622705">
        <ele>616.79999999999995</ele>
      </trkpt>
      <trkpt lat="28.539413027465343" lon="-16.246242010965943">
        <ele>617.5</ele>
      </trkpt>
      <trkpt lat="28.539389977231622" lon="-16.246239999309182">
        <ele>618.10000000000002</ele>
      </trkpt>
      <trkpt lat="28.539369022473693" lon="-16.246243016794324">
        <ele>617</ele>
      </trkpt>
      <trkpt lat="28.539352007210255" lon="-16.246247040107846">
        <ele>616.60000000000002</ele>
      </trkpt>
      <trkpt lat="28.539335997775197" lon="-16.246251985430717">
        <ele>619</ele>
      </trkpt>
      <trkpt lat="28.539324011653662" lon="-16.24625600874424">
        <ele>619.60000000000002</ele>
      </trkpt>
      <trkpt lat="28.539301967248321" lon="-16.246262965723872">
        <ele>619</ele>
      </trkpt>
      <trkpt lat="28.53923499584198" lon="-16.246282998472452">
        <ele>621.5</ele>
      </trkpt>
      <trkpt lat="28.53921202942729" lon="-16.246295990422368">
        <ele>620.89999999999998</ele>
      </trkpt>
      <trkpt lat="28.53919199667871" lon="-16.246301019564271">
        <ele>621.70000000000005</ele>
      </trkpt>
      <trkpt lat="28.539175987243652" lon="-16.246304037049413">
        <ele>621.70000000000005</ele>
      </trkpt>
      <trkpt lat="28.539159977808595" lon="-16.246306970715523">
        <ele>621.5</ele>
      </trkpt>
      <trkpt lat="28.539146985858679" lon="-16.246308982372284">
        <ele>621.5</ele>
      </trkpt>
      <trkpt lat="28.539133993908763" lon="-16.246308982372284">
        <ele>621.60000000000002</ele>
      </trkpt>
      <trkpt lat="28.539123013615608" lon="-16.246309988200665">
        <ele>621.70000000000005</ele>
      </trkpt>
      <trkpt lat="28.539111027494073" lon="-16.246314011514187">
        <ele>621.70000000000005</ele>
      </trkpt>
      <trkpt lat="28.539099963381886" lon="-16.246316023170948">
        <ele>621.79999999999995</ele>
      </trkpt>
      <trkpt lat="28.539081020280719" lon="-16.2463219743222">
        <ele>621.70000000000005</ele>
      </trkpt>
      <trkpt lat="28.539055958390236" lon="-16.246328009292483">
        <ele>621.70000000000005</ele>
      </trkpt>
      <trkpt lat="28.539035003632307" lon="-16.246332032606006">
        <ele>621.5</ele>
      </trkpt>
      <trkpt lat="28.539015976712108" lon="-16.246333038434386">
        <ele>621.39999999999998</ele>
      </trkpt>
      <trkpt lat="28.539001978933811" lon="-16.246338989585638">
        <ele>621.39999999999998</ele>
      </trkpt>
      <trkpt lat="28.538987981155515" lon="-16.246347958222032">
        <ele>621.10000000000002</ele>
      </trkpt>
      <trkpt lat="28.538974989205599" lon="-16.246351981535554">
        <ele>620.89999999999998</ele>
      </trkpt>
      <trkpt lat="28.538965014740825" lon="-16.246356004849076">
        <ele>620.5</ele>
      </trkpt>
      <trkpt lat="28.538953028619289" lon="-16.246358016505837">
        <ele>619.89999999999998</ele>
      </trkpt>
      <trkpt lat="28.538940958678722" lon="-16.246357010677457">
        <ele>619.60000000000002</ele>
      </trkpt>
      <trkpt lat="28.538931990042329" lon="-16.246357010677457">
        <ele>619.5</ele>
      </trkpt>
      <trkpt lat="28.538920003920794" lon="-16.246356004849076">
        <ele>619.5</ele>
      </trkpt>
      <trkpt lat="28.538909023627639" lon="-16.246356004849076">
        <ele>619.5</ele>
      </trkpt>
      <trkpt lat="28.538896031677723" lon="-16.246359022334218">
        <ele>619.10000000000002</ele>
      </trkpt>
      <trkpt lat="28.538879016414285" lon="-16.24636203981936">
        <ele>618</ele>
      </trkpt>
      <trkpt lat="28.538864012807608" lon="-16.24636203981936">
        <ele>617.89999999999998</ele>
      </trkpt>
      <trkpt lat="28.538858983665705" lon="-16.246362961828709">
        <ele>618.10000000000002</ele>
      </trkpt>
      <trkpt lat="28.538846997544169" lon="-16.24636203981936">
        <ele>618.79999999999995</ele>
      </trkpt>
      <trkpt lat="28.538831993937492" lon="-16.246363967657089">
        <ele>619.39999999999998</ele>
      </trkpt>
      <trkpt lat="28.538817996159196" lon="-16.246366985142231">
        <ele>619.29999999999995</ele>
      </trkpt>
      <trkpt lat="28.538810033351183" lon="-16.246370002627373">
        <ele>619</ele>
      </trkpt>
      <trkpt lat="28.538797041401267" lon="-16.246376959607005">
        <ele>618.89999999999998</ele>
      </trkpt>
      <trkpt lat="28.538786983117461" lon="-16.246381988748908">
        <ele>619.29999999999995</ele>
      </trkpt>
      <trkpt lat="28.538780026137829" lon="-16.246382994577289">
        <ele>619.89999999999998</ele>
      </trkpt>
      <trkpt lat="28.538771979510784" lon="-16.24638500623405">
        <ele>620.39999999999998</ele>
      </trkpt>
      <trkpt lat="28.538764016702771" lon="-16.246387017890811">
        <ele>620.89999999999998</ele>
      </trkpt>
      <trkpt lat="28.538754964247346" lon="-16.246390035375953">
        <ele>621.29999999999995</ele>
      </trkpt>
      <trkpt lat="28.538744989782572" lon="-16.246399004012346">
        <ele>621.20000000000005</ele>
      </trkpt>
      <trkpt lat="28.538727974519134" lon="-16.24640797264874">
        <ele>621.10000000000002</ele>
      </trkpt>
      <trkpt lat="28.538707019761205" lon="-16.246419958770275">
        <ele>621.10000000000002</ele>
      </trkpt>
      <trkpt lat="28.538685981184244" lon="-16.246424987912178">
        <ele>621.60000000000002</ele>
      </trkpt>
      <trkpt lat="28.538670977577567" lon="-16.2464290112257">
        <ele>621.89999999999998</ele>
      </trkpt>
      <trkpt lat="28.538656979799271" lon="-16.246433034539223">
        <ele>621.89999999999998</ele>
      </trkpt>
      <trkpt lat="28.538644993677735" lon="-16.246436974033713">
        <ele>621.5</ele>
      </trkpt>
      <trkpt lat="28.538636025041342" lon="-16.246437979862094">
        <ele>621.39999999999998</ele>
      </trkpt>
      <trkpt lat="28.538624960929155" lon="-16.246440997347236">
        <ele>621.10000000000002</ele>
      </trkpt>
      <trkpt lat="28.53861297480762" lon="-16.246444014832377">
        <ele>620.89999999999998</ele>
      </trkpt>
      <trkpt lat="28.538601994514465" lon="-16.246447032317519">
        <ele>621.39999999999998</ele>
      </trkpt>
      <trkpt lat="28.538592020049691" lon="-16.246448960155249">
        <ele>622.10000000000002</ele>
      </trkpt>
      <trkpt lat="28.538584979251027" lon="-16.246448960155249">
        <ele>622.60000000000002</ele>
      </trkpt>
      <trkpt lat="28.538575004786253" lon="-16.2464480381459">
        <ele>623.39999999999998</ele>
      </trkpt>
      <trkpt lat="28.538565030321479" lon="-16.246446026489139">
        <ele>624.10000000000002</ele>
      </trkpt>
      <trkpt lat="28.538558995351195" lon="-16.246443009003997">
        <ele>624.39999999999998</ele>
      </trkpt>
      <trkpt lat="28.538552960380912" lon="-16.246439991518855">
        <ele>624.60000000000002</ele>
      </trkpt>
      <trkpt lat="28.538546003401279" lon="-16.246434962376952">
        <ele>624.79999999999995</ele>
      </trkpt>
      <trkpt lat="28.538537034764886" lon="-16.246431022882462">
        <ele>625.29999999999995</ele>
      </trkpt>
      <trkpt lat="28.538521025329828" lon="-16.246422976255417">
        <ele>626.20000000000005</ele>
      </trkpt>
      <trkpt lat="28.538519013673067" lon="-16.246420964598656">
        <ele>626.29999999999995</ele>
      </trkpt>
      <trkpt lat="28.538505015894771" lon="-16.246404033154249">
        <ele>627.89999999999998</ele>
      </trkpt>
      <trkpt lat="28.538478026166558" lon="-16.246361033990979">
        <ele>628</ele>
      </trkpt>
      <trkpt lat="28.538456987589598" lon="-16.246314011514187">
        <ele>628.10000000000002</ele>
      </trkpt>
      <trkpt lat="28.538450030609965" lon="-16.24630001373589">
        <ele>628.70000000000005</ele>
      </trkpt>
      <trkpt lat="28.538441983982921" lon="-16.246285010129213">
        <ele>628.89999999999998</ele>
      </trkpt>
      <trkpt lat="28.538434021174908" lon="-16.246269000694156">
        <ele>628.70000000000005</ele>
      </trkpt>
      <trkpt lat="28.538424968719482" lon="-16.246250979602337">
        <ele>628.60000000000002</ele>
      </trkpt>
      <trkpt lat="28.538421029224992" lon="-16.246238993480802">
        <ele>630.10000000000002</ele>
      </trkpt>
      <trkpt lat="28.538414994254708" lon="-16.246229019016027">
        <ele>629.29999999999995</ele>
      </trkpt>
      <trkpt lat="28.538405019789934" lon="-16.246212003752589">
        <ele>629.89999999999998</ele>
      </trkpt>
      <trkpt lat="28.538395967334509" lon="-16.24619297683239">
        <ele>631.89999999999998</ele>
      </trkpt>
      <trkpt lat="28.538379035890102" lon="-16.246169004589319">
        <ele>631.89999999999998</ele>
      </trkpt>
      <trkpt lat="28.538357997313142" lon="-16.246142014861107">
        <ele>632.60000000000002</ele>
      </trkpt>
      <trkpt lat="28.538346011191607" lon="-16.246124999597669">
        <ele>628.60000000000002</ele>
      </trkpt>
      <trkpt lat="28.538333019241691" lon="-16.246105972677469">
        <ele>629.39999999999998</ele>
      </trkpt>
      <trkpt lat="28.538322038948536" lon="-16.246089041233063">
        <ele>631.79999999999995</ele>
      </trkpt>
      <trkpt lat="28.53831198066473" lon="-16.246075965464115">
        <ele>630.70000000000005</ele>
      </trkpt>
      <trkpt lat="28.538302006199956" lon="-16.24606498517096">
        <ele>630.60000000000002</ele>
      </trkpt>
      <trkpt lat="28.538293037563562" lon="-16.246057022362947">
        <ele>630.29999999999995</ele>
      </trkpt>
      <trkpt lat="28.538283985108137" lon="-16.246048975735903">
        <ele>629.60000000000002</ele>
      </trkpt>
      <trkpt lat="28.538270993158221" lon="-16.246040007099509">
        <ele>628.39999999999998</ele>
      </trkpt>
      <trkpt lat="28.538258001208305" lon="-16.246032966300845">
        <ele>629.20000000000005</ele>
      </trkpt>
      <trkpt lat="28.538238974288106" lon="-16.246018968522549">
        <ele>629</ele>
      </trkpt>
      <trkpt lat="28.538231011480093" lon="-16.246013017371297">
        <ele>629.10000000000002</ele>
      </trkpt>
      <trkpt lat="28.538222964853048" lon="-16.246007988229394">
        <ele>629.39999999999998</ele>
      </trkpt>
      <trkpt lat="28.538184994831681" lon="-16.245965994894505">
        <ele>633.10000000000002</ele>
      </trkpt>
      <trkpt lat="28.538178037852049" lon="-16.245959037914872">
        <ele>633.89999999999998</ele>
      </trkpt>
      <trkpt lat="28.538154987618327" lon="-16.245929030701518">
        <ele>631.10000000000002</ele>
      </trkpt>
      <trkpt lat="28.538145013153553" lon="-16.24591201543808">
        <ele>630.39999999999998</ele>
      </trkpt>
      <trkpt lat="28.53813998401165" lon="-16.245902040973306">
        <ele>630.29999999999995</ele>
      </trkpt>
      <trkpt lat="28.538135960698128" lon="-16.245889971032739">
        <ele>630.39999999999998</ele>
      </trkpt>
      <trkpt lat="28.538133027032018" lon="-16.245877984911203">
        <ele>631.10000000000002</ele>
      </trkpt>
      <trkpt lat="28.538127997890115" lon="-16.245863987132907">
        <ele>631.20000000000005</ele>
      </trkpt>
      <trkpt lat="28.538123974576592" lon="-16.245854012668133">
        <ele>630.79999999999995</ele>
      </trkpt>
      <trkpt lat="28.538120035082102" lon="-16.245844960212708">
        <ele>630.29999999999995</ele>
      </trkpt>
      <trkpt lat="28.53811701759696" lon="-16.245839009061456">
        <ele>630.10000000000002</ele>
      </trkpt>
      <trkpt lat="28.538114000111818" lon="-16.245833979919553">
        <ele>629.89999999999998</ele>
      </trkpt>
      <trkpt lat="28.538107965141535" lon="-16.24582601711154">
        <ele>629.70000000000005</ele>
      </trkpt>
      <trkpt lat="28.538098996505141" lon="-16.245815958827734">
        <ele>629.20000000000005</ele>
      </trkpt>
      <trkpt lat="28.538093967363238" lon="-16.245811013504863">
        <ele>629</ele>
      </trkpt>
      <trkpt lat="28.538080975413322" lon="-16.245799027383327">
        <ele>629.60000000000002</ele>
      </trkpt>
      <trkpt lat="28.538075024262071" lon="-16.245795004069805">
        <ele>629.70000000000005</ele>
      </trkpt>
      <trkpt lat="28.538064965978265" lon="-16.245788969099522">
        <ele>629.70000000000005</ele>
      </trkpt>
      <trkpt lat="28.538060020655394" lon="-16.245787041261792">
        <ele>629.70000000000005</ele>
      </trkpt>
      <trkpt lat="28.538054991513491" lon="-16.245785029605031">
        <ele>629.70000000000005</ele>
      </trkpt>
      <trkpt lat="28.538048034533858" lon="-16.24578402377665">
        <ele>629.5</ele>
      </trkpt>
      <trkpt lat="28.538037976250052" lon="-16.24578402377665">
        <ele>629.10000000000002</ele>
      </trkpt>
      <trkpt lat="28.538028001785278" lon="-16.24578402377665">
        <ele>629.29999999999995</ele>
      </trkpt>
      <trkpt lat="28.538021966814995" lon="-16.24578402377665">
        <ele>629.39999999999998</ele>
      </trkpt>
      <trkpt lat="28.538011992350221" lon="-16.24578402377665">
        <ele>629.60000000000002</ele>
      </trkpt>
      <trkpt lat="28.537999000400305" lon="-16.245786035433412">
        <ele>629.70000000000005</ele>
      </trkpt>
      <trkpt lat="28.537989025935531" lon="-16.245787963271141">
        <ele>629.70000000000005</ele>
      </trkpt>
      <trkpt lat="28.537978967651725" lon="-16.245789974927902">
        <ele>629.39999999999998</ele>
      </trkpt>
      <trkpt lat="28.537971004843712" lon="-16.245792992413044">
        <ele>628.70000000000005</ele>
      </trkpt>
      <trkpt lat="28.537961030378938" lon="-16.245797015726566">
        <ele>628.5</ele>
      </trkpt>
      <trkpt lat="28.537950972095132" lon="-16.245801961049438">
        <ele>628.39999999999998</ele>
      </trkpt>
      <trkpt lat="28.537942003458738" lon="-16.245804978534579">
        <ele>628.29999999999995</ele>
      </trkpt>
      <trkpt lat="28.537931023165584" lon="-16.24580699019134">
        <ele>628.29999999999995</ele>
      </trkpt>
      <trkpt lat="28.537918031215668" lon="-16.245815036818385">
        <ele>628.39999999999998</ele>
      </trkpt>
      <trkpt lat="28.537906967103481" lon="-16.245824005454779">
        <ele>628.10000000000002</ele>
      </trkpt>
      <trkpt lat="28.537889029830694" lon="-16.245835991576314">
        <ele>627.60000000000002</ele>
      </trkpt>
      <trkpt lat="28.537873020395637" lon="-16.245847977697849">
        <ele>626.39999999999998</ele>
      </trkpt>
      <trkpt lat="28.537861034274101" lon="-16.245858035981655">
        <ele>627.70000000000005</ele>
      </trkpt>
      <trkpt lat="28.537854999303818" lon="-16.245861975476146">
        <ele>628.39999999999998</ele>
      </trkpt>
      <trkpt lat="28.537849970161915" lon="-16.24587002210319">
        <ele>628.5</ele>
      </trkpt>
      <trkpt lat="28.537845024839044" lon="-16.245875973254442">
        <ele>628.89999999999998</ele>
      </trkpt>
      <trkpt lat="28.537836978211999" lon="-16.245883014053106">
        <ele>629.20000000000005</ele>
      </trkpt>
      <trkpt lat="28.537825997918844" lon="-16.245897011831403">
        <ele>629.10000000000002</ele>
      </trkpt>
      <trkpt lat="28.537819962948561" lon="-16.245914027094841">
        <ele>629.10000000000002</ele>
      </trkpt>
      <trkpt lat="28.537817029282451" lon="-16.245921989902854">
        <ele>629.39999999999998</ele>
      </trkpt>
      <trkpt lat="28.53781501762569" lon="-16.245939005166292">
        <ele>629.79999999999995</ele>
      </trkpt>
      <trkpt lat="28.537813005968928" lon="-16.245947973802686">
        <ele>630</ele>
      </trkpt>
      <trkpt lat="28.537810994312167" lon="-16.245951997116208">
        <ele>630.10000000000002</ele>
      </trkpt>
      <trkpt lat="28.537806970998645" lon="-16.24595602042973">
        <ele>630.20000000000005</ele>
      </trkpt>
      <trkpt lat="28.537796996533871" lon="-16.245959037914872">
        <ele>630.39999999999998</ele>
      </trkpt>
      <trkpt lat="28.537790961563587" lon="-16.245958032086492">
        <ele>630.5</ele>
      </trkpt>
      <trkpt lat="28.537784004583955" lon="-16.245950991287827">
        <ele>630.70000000000005</ele>
      </trkpt>
      <trkpt lat="28.537779981270432" lon="-16.245944034308195">
        <ele>631.10000000000002</ele>
      </trkpt>
      <trkpt lat="28.5377730242908" lon="-16.245929030701518">
        <ele>631.39999999999998</ele>
      </trkpt>
      <trkpt lat="28.53777201846242" lon="-16.245921989902854">
        <ele>631.39999999999998</ele>
      </trkpt>
      <trkpt lat="28.537771012634039" lon="-16.245915032923222">
        <ele>631.39999999999998</ele>
      </trkpt>
      <trkpt lat="28.537769000977278" lon="-16.245906986296177">
        <ele>631.29999999999995</ele>
      </trkpt>
      <trkpt lat="28.537763971835375" lon="-16.245898017659783">
        <ele>631.29999999999995</ele>
      </trkpt>
      <trkpt lat="28.537755003198981" lon="-16.245879996567965">
        <ele>631.29999999999995</ele>
      </trkpt>
      <trkpt lat="28.537749974057078" lon="-16.24586901627481">
        <ele>631.29999999999995</ele>
      </trkpt>
      <trkpt lat="28.537741005420685" lon="-16.245853006839752">
        <ele>631.5</ele>
      </trkpt>
      <trkpt lat="28.53773295879364" lon="-16.245838003233075">
        <ele>631.60000000000002</ele>
      </trkpt>
      <trkpt lat="28.537724995985627" lon="-16.245822999626398">
        <ele>631.70000000000005</ele>
      </trkpt>
      <trkpt lat="28.537721978500485" lon="-16.245815036818385">
        <ele>631.79999999999995</ele>
      </trkpt>
      <trkpt lat="28.537723990157247" lon="-16.24580598436296">
        <ele>631.89999999999998</ele>
      </trkpt>
      <trkpt lat="28.537726001814008" lon="-16.245787963271141">
        <ele>632.39999999999998</ele>
      </trkpt>
      <trkpt lat="28.537723990157247" lon="-16.245773965492845">
        <ele>632.79999999999995</ele>
      </trkpt>
      <trkpt lat="28.537717033177614" lon="-16.245759967714548">
        <ele>633.39999999999998</ele>
      </trkpt>
      <trkpt lat="28.53770999237895" lon="-16.245748987421393">
        <ele>634</ele>
      </trkpt>
      <trkpt lat="28.537704041227698" lon="-16.245743036270142">
        <ele>634.29999999999995</ele>
      </trkpt>
      <trkpt lat="28.537692977115512" lon="-16.245730966329575">
        <ele>635</ele>
      </trkpt>
      <trkpt lat="28.537636986002326" lon="-16.24571998603642">
        <ele>633.5</ele>
      </trkpt>
      <trkpt lat="28.537589963525534" lon="-16.245721997693181">
        <ele>632.39999999999998</ele>
      </trkpt>
      <trkpt lat="28.537542019039392" lon="-16.245712023228407">
        <ele>632.89999999999998</ele>
      </trkpt>
      <trkpt lat="28.5374949965626" lon="-16.245695007964969">
        <ele>634.5</ele>
      </trkpt>
      <trkpt lat="28.537465995177627" lon="-16.245680004358292">
        <ele>634.5</ele>
      </trkpt>
      <trkpt lat="28.537436993792653" lon="-16.245662989094853">
        <ele>633.10000000000002</ele>
      </trkpt>
      <trkpt lat="28.537411009892821" lon="-16.245638011023402">
        <ele>633.60000000000002</ele>
      </trkpt>
      <trkpt lat="28.537399023771286" lon="-16.245628036558628">
        <ele>633.70000000000005</ele>
      </trkpt>
      <trkpt lat="28.53738502599299" lon="-16.245613032951951">
        <ele>633.5</ele>
      </trkpt>
      <trkpt lat="28.537375973537564" lon="-16.245601968839765">
        <ele>633.29999999999995</ele>
      </trkpt>
      <trkpt lat="28.537363987416029" lon="-16.245594006031752">
        <ele>632.60000000000002</ele>
      </trkpt>
      <trkpt lat="28.537354012951255" lon="-16.245582019910216">
        <ele>632.70000000000005</ele>
      </trkpt>
      <trkpt lat="28.537341021001339" lon="-16.245557041838765">
        <ele>632.89999999999998</ele>
      </trkpt>
      <trkpt lat="28.537332974374294" lon="-16.245539020746946">
        <ele>633.10000000000002</ele>
      </trkpt>
      <trkpt lat="28.537324005737901" lon="-16.245532985776663">
        <ele>632.79999999999995</ele>
      </trkpt>
      <trkpt lat="28.537314031273127" lon="-16.245533991605043">
        <ele>631.89999999999998</ele>
      </trkpt>
      <trkpt lat="28.537298021838069" lon="-16.245533991605043">
        <ele>630.5</ele>
      </trkpt>
      <trkpt lat="28.537284024059772" lon="-16.245541032403708">
        <ele>631.20000000000005</ele>
      </trkpt>
      <trkpt lat="28.537273965775967" lon="-16.245553018525243">
        <ele>630.10000000000002</ele>
      </trkpt>
      <trkpt lat="28.537267008796334" lon="-16.245560981333256">
        <ele>629.10000000000002</ele>
      </trkpt>
      <trkpt lat="28.537261979654431" lon="-16.245571039617062">
        <ele>629.20000000000005</ele>
      </trkpt>
      <trkpt lat="28.537252005189657" lon="-16.245581014081836">
        <ele>629.29999999999995</ele>
      </trkpt>
      <trkpt lat="28.537252005189657" lon="-16.245585037395358">
        <ele>629.29999999999995</ele>
      </trkpt>
      <trkpt lat="28.537248987704515" lon="-16.24559199437499">
        <ele>629.39999999999998</ele>
      </trkpt>
      <trkpt lat="28.537246976047754" lon="-16.245605992153287">
        <ele>629.60000000000002</ele>
      </trkpt>
      <trkpt lat="28.537249993532896" lon="-16.245620995759964">
        <ele>629.79999999999995</ele>
      </trkpt>
      <trkpt lat="28.537254016846418" lon="-16.245638011023402">
        <ele>629.89999999999998</ele>
      </trkpt>
      <trkpt lat="28.537262985482812" lon="-16.245662989094853">
        <ele>630.29999999999995</ele>
      </trkpt>
      <trkpt lat="28.537267008796334" lon="-16.245669024065137">
        <ele>630.5</ele>
      </trkpt>
      <trkpt lat="28.537271032109857" lon="-16.245672963559628">
        <ele>630.5</ele>
      </trkpt>
      <trkpt lat="28.53727899491787" lon="-16.245681010186672">
        <ele>630.10000000000002</ele>
      </trkpt>
      <trkpt lat="28.537283018231392" lon="-16.245686961337924">
        <ele>629.89999999999998</ele>
      </trkpt>
      <trkpt lat="28.537287041544914" lon="-16.245687967166305">
        <ele>629.70000000000005</ele>
      </trkpt>
      <trkpt lat="28.537291986867785" lon="-16.245694002136588">
        <ele>629.39999999999998</ele>
      </trkpt>
      <trkpt lat="28.537296010181308" lon="-16.24569701962173">
        <ele>629.20000000000005</ele>
      </trkpt>
      <trkpt lat="28.53730196133256" lon="-16.245700037106872">
        <ele>628.79999999999995</ele>
      </trkpt>
      <trkpt lat="28.537306990474463" lon="-16.245701964944601">
        <ele>628.5</ele>
      </trkpt>
      <trkpt lat="28.537315037101507" lon="-16.245711017400026">
        <ele>628.10000000000002</ele>
      </trkpt>
      <trkpt lat="28.537317970767617" lon="-16.245715040713549">
        <ele>627.89999999999998</ele>
      </trkpt>
      <trkpt lat="28.53732299990952" lon="-16.245726021006703">
        <ele>627.70000000000005</ele>
      </trkpt>
      <trkpt lat="28.537326017394662" lon="-16.245733983814716">
        <ele>627.39999999999998</ele>
      </trkpt>
      <trkpt lat="28.537330040708184" lon="-16.245747981593013">
        <ele>627.10000000000002</ele>
      </trkpt>
      <trkpt lat="28.537332974374294" lon="-16.245749993249774">
        <ele>626.89999999999998</ele>
      </trkpt>
      <trkpt lat="28.5373430326581" lon="-16.245760973542929">
        <ele>626.5</ele>
      </trkpt>
      <trkpt lat="28.537349989637733" lon="-16.245767008513212">
        <ele>626.29999999999995</ele>
      </trkpt>
      <trkpt lat="28.537358036264777" lon="-16.245769020169973">
        <ele>626.10000000000002</ele>
      </trkpt>
      <trkpt lat="28.537362981587648" lon="-16.245772037655115">
        <ele>625.89999999999998</ele>
      </trkpt>
      <trkpt lat="28.537367004901171" lon="-16.245772959664464">
        <ele>625.79999999999995</ele>
      </trkpt>
      <trkpt lat="28.537373039871454" lon="-16.245777988806367">
        <ele>625.60000000000002</ele>
      </trkpt>
      <trkpt lat="28.537378991022706" lon="-16.24578402377665">
        <ele>625.29999999999995</ele>
      </trkpt>
      <trkpt lat="28.53738603182137" lon="-16.245793998241425">
        <ele>624.79999999999995</ele>
      </trkpt>
      <trkpt lat="28.537390977144241" lon="-16.24580598436296">
        <ele>624.20000000000005</ele>
      </trkpt>
      <trkpt lat="28.537392988801003" lon="-16.245815958827734">
        <ele>623.89999999999998</ele>
      </trkpt>
      <trkpt lat="28.537390977144241" lon="-16.24582601711154">
        <ele>623.60000000000002</ele>
      </trkpt>
      <trkpt lat="28.5373879596591" lon="-16.245839009061456">
        <ele>623.60000000000002</ele>
      </trkpt>
      <trkpt lat="28.537387037649751" lon="-16.245845966041088">
        <ele>623.60000000000002</ele>
      </trkpt>
      <trkpt lat="28.53738502599299" lon="-16.245853006839752">
        <ele>623.60000000000002</ele>
      </trkpt>
      <trkpt lat="28.537381002679467" lon="-16.245859041810036">
        <ele>623.70000000000005</ele>
      </trkpt>
      <trkpt lat="28.537375973537564" lon="-16.245864992961287">
        <ele>623.79999999999995</ele>
      </trkpt>
      <trkpt lat="28.537372034043074" lon="-16.245873961597681">
        <ele>623.89999999999998</ele>
      </trkpt>
      <trkpt lat="28.537368010729551" lon="-16.245884019881487">
        <ele>624.10000000000002</ele>
      </trkpt>
      <trkpt lat="28.53736599907279" lon="-16.245890976861119">
        <ele>624.5</ele>
      </trkpt>
      <trkpt lat="28.537360969930887" lon="-16.245902962982655">
        <ele>625.89999999999998</ele>
      </trkpt>
      <trkpt lat="28.537359964102507" lon="-16.245906986296177">
        <ele>626.29999999999995</ele>
      </trkpt>
      <trkpt lat="28.537358036264777" lon="-16.245915032923222">
        <ele>627.10000000000002</ele>
      </trkpt>
      <trkpt lat="28.537354012951255" lon="-16.245928024873137">
        <ele>628.39999999999998</ele>
      </trkpt>
      <trkpt lat="28.537350995466113" lon="-16.245941016823053">
        <ele>629.79999999999995</ele>
      </trkpt>
      <trkpt lat="28.537346972152591" lon="-16.245951997116208">
        <ele>630.79999999999995</ele>
      </trkpt>
      <trkpt lat="28.53734496049583" lon="-16.245959037914872">
        <ele>631.20000000000005</ele>
      </trkpt>
      <trkpt lat="28.537344038486481" lon="-16.245972029864788">
        <ele>631.79999999999995</ele>
      </trkpt>
      <trkpt lat="28.537340015172958" lon="-16.245985021814704">
        <ele>633.5</ele>
      </trkpt>
      <trkpt lat="28.537334986031055" lon="-16.245999019593">
        <ele>635.39999999999998</ele>
      </trkpt>
      <trkpt lat="28.537329034879804" lon="-16.246012011542916">
        <ele>637.39999999999998</ele>
      </trkpt>
      <trkpt lat="28.537326017394662" lon="-16.246022991836071">
        <ele>638.79999999999995</ele>
      </trkpt>
      <trkpt lat="28.537317970767617" lon="-16.246040007099509">
        <ele>640.20000000000005</ele>
      </trkpt>
      <trkpt lat="28.537309002131224" lon="-16.246060039848089">
        <ele>640.89999999999998</ele>
      </trkpt>
      <trkpt lat="28.537297016009688" lon="-16.24608501791954">
        <ele>640.89999999999998</ele>
      </trkpt>
      <trkpt lat="28.537287963554263" lon="-16.246103961020708">
        <ele>641.10000000000002</ele>
      </trkpt>
      <trkpt lat="28.537281006574631" lon="-16.246117958799005">
        <ele>641.10000000000002</ele>
      </trkpt>
      <trkpt lat="28.537276983261108" lon="-16.246122987940907">
        <ele>641.20000000000005</ele>
      </trkpt>
      <trkpt lat="28.537274971604347" lon="-16.246126005426049">
        <ele>641.20000000000005</ele>
      </trkpt>
      <trkpt lat="28.537270026281476" lon="-16.246131034567952">
        <ele>641.20000000000005</ele>
      </trkpt>
      <trkpt lat="28.537264997139573" lon="-16.246137991547585">
        <ele>641.10000000000002</ele>
      </trkpt>
      <trkpt lat="28.537262985482812" lon="-16.246141009032726">
        <ele>641</ele>
      </trkpt>
      <trkpt lat="28.53725896216929" lon="-16.246145032346249">
        <ele>640.79999999999995</ele>
      </trkpt>
      <trkpt lat="28.537254016846418" lon="-16.246148971840739">
        <ele>640.60000000000002</ele>
      </trkpt>
      <trkpt lat="28.537248987704515" lon="-16.2461509834975">
        <ele>640.5</ele>
      </trkpt>
      <trkpt lat="28.537246976047754" lon="-16.246155006811023">
        <ele>640</ele>
      </trkpt>
      <trkpt lat="28.537241024896502" lon="-16.246161041781306">
        <ele>639.29999999999995</ele>
      </trkpt>
      <trkpt lat="28.537220992147923" lon="-16.246247962117195">
        <ele>629.20000000000005</ele>
      </trkpt>
      <trkpt lat="28.53721403516829" lon="-16.246261959895492">
        <ele>628.39999999999998</ele>
      </trkpt>
      <trkpt lat="28.53719400241971" lon="-16.246317028999329">
        <ele>629.60000000000002</ele>
      </trkpt>
      <trkpt lat="28.537190984934568" lon="-16.246328009292483">
        <ele>630.29999999999995</ele>
      </trkpt>
      <trkpt lat="28.537186961621046" lon="-16.246347036212683">
        <ele>631.5</ele>
      </trkpt>
      <trkpt lat="28.537187967449427" lon="-16.246390035375953">
        <ele>633.39999999999998</ele>
      </trkpt>
      <trkpt lat="28.537185033783317" lon="-16.246421970427036">
        <ele>634.89999999999998</ele>
      </trkpt>
      <trkpt lat="28.537180004641414" lon="-16.2464480381459">
        <ele>635.20000000000005</ele>
      </trkpt>
      <trkpt lat="28.537176987156272" lon="-16.246462035924196">
        <ele>635.10000000000002</ele>
      </trkpt>
      <trkpt lat="28.537176987156272" lon="-16.246490031480789">
        <ele>634.10000000000002</ele>
      </trkpt>
      <trkpt lat="28.53717003017664" lon="-16.246534958481789">
        <ele>633.89999999999998</ele>
      </trkpt>
      <trkpt lat="28.537163995206356" lon="-16.24657703563571">
        <ele>634.39999999999998</ele>
      </trkpt>
      <trkpt lat="28.537162989377975" lon="-16.246591033414006">
        <ele>634.60000000000002</ele>
      </trkpt>
      <trkpt lat="28.537163995206356" lon="-16.24660100787878">
        <ele>634.60000000000002</ele>
      </trkpt>
      <trkpt lat="28.537159971892834" lon="-16.246617017313838">
        <ele>635.29999999999995</ele>
      </trkpt>
      <trkpt lat="28.537157038226724" lon="-16.246627997606993">
        <ele>635.89999999999998</ele>
      </trkpt>
      <trkpt lat="28.537155026569963" lon="-16.246640989556909">
        <ele>636.39999999999998</ele>
      </trkpt>
      <trkpt lat="28.537153014913201" lon="-16.246658004820347">
        <ele>637.60000000000002</ele>
      </trkpt>
      <trkpt lat="28.53715100325644" lon="-16.246676025912166">
        <ele>637.79999999999995</ele>
      </trkpt>
      <trkpt lat="28.537145974114537" lon="-16.246694969013333">
        <ele>638.20000000000005</ele>
      </trkpt>
      <trkpt lat="28.537140022963285" lon="-16.2467070389539">
        <ele>638.70000000000005</ele>
      </trkpt>
      <trkpt lat="28.537131976336241" lon="-16.246718019247055">
        <ele>639.29999999999995</ele>
      </trkpt>
      <trkpt lat="28.53712703101337" lon="-16.246722964569926">
        <ele>639.5</ele>
      </trkpt>
      <trkpt lat="28.537118984386325" lon="-16.246734028682113">
        <ele>640.20000000000005</ele>
      </trkpt>
      <trkpt lat="28.53710800409317" lon="-16.246750960126519">
        <ele>641.20000000000005</ele>
      </trkpt>
      <trkpt lat="28.537101969122887" lon="-16.246758000925183">
        <ele>642</ele>
      </trkpt>
      <trkpt lat="28.537097023800015" lon="-16.246765963733196">
        <ele>642.60000000000002</ele>
      </trkpt>
      <trkpt lat="28.537090988829732" lon="-16.246777027845383">
        <ele>643.29999999999995</ele>
      </trkpt>
      <trkpt lat="28.537082020193338" lon="-16.24679303728044">
        <ele>644.20000000000005</ele>
      </trkpt>
      <trkpt lat="28.537071961909533" lon="-16.246803011745214">
        <ele>644.89999999999998</ele>
      </trkpt>
      <trkpt lat="28.53706399910152" lon="-16.246813992038369">
        <ele>646</ele>
      </trkpt>
      <trkpt lat="28.537056036293507" lon="-16.246832013130188">
        <ele>647.29999999999995</ele>
      </trkpt>
      <trkpt lat="28.53704103268683" lon="-16.246860008686781">
        <ele>648.70000000000005</ele>
      </trkpt>
      <trkpt lat="28.537036003544927" lon="-16.24687903560698">
        <ele>650.20000000000005</ele>
      </trkpt>
      <trkpt lat="28.537031980231404" lon="-16.246895967051387">
        <ele>651.10000000000002</ele>
      </trkpt>
      <trkpt lat="28.537026029080153" lon="-16.246911976486444">
        <ele>652.10000000000002</ele>
      </trkpt>
      <trkpt lat="28.537025023251772" lon="-16.246929997578263">
        <ele>653.10000000000002</ele>
      </trkpt>
      <trkpt lat="28.537013037130237" lon="-16.246946007013321">
        <ele>654.79999999999995</ele>
      </trkpt>
      <trkpt lat="28.537010019645095" lon="-16.246961010619998">
        <ele>655.70000000000005</ele>
      </trkpt>
      <trkpt lat="28.537008007988334" lon="-16.246974002569914">
        <ele>656.29999999999995</ele>
      </trkpt>
      <trkpt lat="28.537005996331573" lon="-16.24698699451983">
        <ele>656.79999999999995</ele>
      </trkpt>
      <trkpt lat="28.536999961361289" lon="-16.247000992298126">
        <ele>657.10000000000002</ele>
      </trkpt>
      <trkpt lat="28.536989986896515" lon="-16.247020019218326">
        <ele>657.20000000000005</ele>
      </trkpt>
      <trkpt lat="28.536966014653444" lon="-16.247039968147874">
        <ele>657.10000000000002</ele>
      </trkpt>
      <trkpt lat="28.53695604018867" lon="-16.247048014774919">
        <ele>656.89999999999998</ele>
      </trkpt>
      <trkpt lat="28.536944976076484" lon="-16.247057989239693">
        <ele>656.5</ele>
      </trkpt>
      <trkpt lat="28.536930978298187" lon="-16.247068969532847">
        <ele>656</ele>
      </trkpt>
      <trkpt lat="28.536921003833413" lon="-16.247081961482763">
        <ele>655.20000000000005</ele>
      </trkpt>
      <trkpt lat="28.536917986348271" lon="-16.247100988402963">
        <ele>654.5</ele>
      </trkpt>
      <trkpt lat="28.536904994398355" lon="-16.247113980352879">
        <ele>653.5</ele>
      </trkpt>
      <trkpt lat="28.536902982741594" lon="-16.247133007273078">
        <ele>652.70000000000005</ele>
      </trkpt>
      <trkpt lat="28.536888984963298" lon="-16.247149016708136">
        <ele>651.60000000000002</ele>
      </trkpt>
      <trkpt lat="28.536895019933581" lon="-16.247167037799954">
        <ele>651</ele>
      </trkpt>
      <trkpt lat="28.536882027983665" lon="-16.247185980901122">
        <ele>649.70000000000005</ele>
      </trkpt>
      <trkpt lat="28.536876998841763" lon="-16.24720299616456">
        <ele>649.29999999999995</ele>
      </trkpt>
      <trkpt lat="28.536851014941931" lon="-16.247219005599618">
        <ele>647.79999999999995</ele>
      </trkpt>
      <trkpt lat="28.53687297552824" lon="-16.247233003377914">
        <ele>647.39999999999998</ele>
      </trkpt>
      <trkpt lat="28.536870963871479" lon="-16.247242977842689">
        <ele>646.70000000000005</ele>
      </trkpt>
      <trkpt lat="28.536890996620059" lon="-16.247253958135843">
        <ele>647.29999999999995</ele>
      </trkpt>
      <trkpt lat="28.536916980519891" lon="-16.247260998934507">
        <ele>648.70000000000005</ele>
      </trkpt>
      <trkpt lat="28.536880016326904" lon="-16.247530980035663">
        <ele>633.70000000000005</ele>
      </trkpt>
      <trkpt lat="28.536876998841763" lon="-16.247634999454021">
        <ele>630.79999999999995</ele>
      </trkpt>
      <trkpt lat="28.536851014941931" lon="-16.247704988345504">
        <ele>632.60000000000002</ele>
      </trkpt>
      <trkpt lat="28.536842968314886" lon="-16.24771798029542">
        <ele>633.5</ele>
      </trkpt>
      <trkpt lat="28.536853026598692" lon="-16.247774977236986">
        <ele>635.70000000000005</ele>
      </trkpt>
      <trkpt lat="28.536974983289838" lon="-16.247891988605261">
        <ele>636.10000000000002</ele>
      </trkpt>
      <trkpt lat="28.536941958591342" lon="-16.247989973053336">
        <ele>645.5</ele>
      </trkpt>
      <trkpt lat="28.536925027146935" lon="-16.248002965003252">
        <ele>647.5</ele>
      </trkpt>
      <trkpt lat="28.536839028820395" lon="-16.248177979141474">
        <ele>648.29999999999995</ele>
      </trkpt>
      <trkpt lat="28.536817990243435" lon="-16.248258026316762">
        <ele>646</ele>
      </trkpt>
      <trkpt lat="28.536428986117244" lon="-16.248639989644289">
        <ele>662.20000000000005</ele>
      </trkpt>
      <trkpt lat="28.536335024982691" lon="-16.248688017949462">
        <ele>667</ele>
      </trkpt>
      <trkpt lat="28.536272998899221" lon="-16.24872799962759">
        <ele>659.5</ele>
      </trkpt>
      <trkpt lat="28.535939985886216" lon="-16.24881399795413">
        <ele>659.20000000000005</ele>
      </trkpt>
      <trkpt lat="28.535825992003083" lon="-16.248816009610891">
        <ele>659.10000000000002</ele>
      </trkpt>
      <trkpt lat="28.535804031416774" lon="-16.248806035146117">
        <ele>659.29999999999995</ele>
      </trkpt>
      <trkpt lat="28.535699006170034" lon="-16.248774016276002">
        <ele>655.10000000000002</ele>
      </trkpt>
      <trkpt lat="28.535615019500256" lon="-16.248933020979166">
        <ele>644.89999999999998</ele>
      </trkpt>
      <trkpt lat="28.535465989261866" lon="-16.24894198961556">
        <ele>655.60000000000002</ele>
      </trkpt>
      <trkpt lat="28.53538703173399" lon="-16.249104011803865">
        <ele>641</ele>
      </trkpt>
      <trkpt lat="28.535399017855525" lon="-16.249237032607198">
        <ele>638.70000000000005</ele>
      </trkpt>
      <trkpt lat="28.535385020077229" lon="-16.249347003176808">
        <ele>641.5</ele>
      </trkpt>
      <trkpt lat="28.535399017855525" lon="-16.249357983469963">
        <ele>641.5</ele>
      </trkpt>
      <trkpt lat="28.535420978441834" lon="-16.24939201399684">
        <ele>642.5</ele>
      </trkpt>
      <trkpt lat="28.535505970939994" lon="-16.249406011775136">
        <ele>642.89999999999998</ele>
      </trkpt>
      <trkpt lat="28.535633962601423" lon="-16.24945898540318">
        <ele>651.5</ele>
      </trkpt>
      <trkpt lat="28.535705963149667" lon="-16.249497039243579">
        <ele>650.5</ele>
      </trkpt>
      <trkpt lat="28.535805959254503" lon="-16.249642968177795">
        <ele>656.39999999999998</ele>
      </trkpt>
      <trkpt lat="28.535934034734964" lon="-16.249827034771442">
        <ele>651.39999999999998</ele>
      </trkpt>
      <trkpt lat="28.535955995321274" lon="-16.249900041148067">
        <ele>651.29999999999995</ele>
      </trkpt>
      <trkpt lat="28.536177026107907" lon="-16.250197011977434">
        <ele>659.89999999999998</ele>
      </trkpt>
      <trkpt lat="28.536206027492881" lon="-16.250218972563744">
        <ele>662.10000000000002</ele>
      </trkpt>
      <trkpt lat="28.536318009719253" lon="-16.250349981710315">
        <ele>664.20000000000005</ele>
      </trkpt>
      <trkpt lat="28.536309963092208" lon="-16.250347970053554">
        <ele>664.10000000000002</ele>
      </trkpt>
      <trkpt lat="28.536279033869505" lon="-16.25033900141716">
        <ele>663.60000000000002</ele>
      </trkpt>
      <trkpt lat="28.536218013614416" lon="-16.250342018902302">
        <ele>665.29999999999995</ele>
      </trkpt>
      <trkpt lat="28.536164034157991" lon="-16.250369008630514">
        <ele>667.10000000000002</ele>
      </trkpt>
      <trkpt lat="28.536181971430779" lon="-16.250387029722333">
        <ele>667.20000000000005</ele>
      </trkpt>
      <trkpt lat="28.536212984472513" lon="-16.250495994463563">
        <ele>670</ele>
      </trkpt>
      <trkpt lat="28.536199992522597" lon="-16.250549973919988">
        <ele>674.20000000000005</ele>
      </trkpt>
      <trkpt lat="28.536163028329611" lon="-16.250491971150041">
        <ele>672.5</ele>
      </trkpt>
      <trkpt lat="28.536131009459496" lon="-16.250472022220492">
        <ele>673.79999999999995</ele>
      </trkpt>
      <trkpt lat="28.536007963120937" lon="-16.250444026663899">
        <ele>681.39999999999998</ele>
      </trkpt>
      <trkpt lat="28.535965969786048" lon="-16.250386023893952">
        <ele>676.39999999999998</ele>
      </trkpt>
      <trkpt lat="28.535823980346322" lon="-16.250345958396792">
        <ele>684.29999999999995</ele>
      </trkpt>
      <trkpt lat="28.535808976739645" lon="-16.250395998358727">
        <ele>687</ele>
      </trkpt>
      <trkpt lat="28.535806965082884" lon="-16.250437991693616">
        <ele>688.5</ele>
      </trkpt>
      <trkpt lat="28.535794978961349" lon="-16.250549973919988">
        <ele>694</ele>
      </trkpt>
      <trkpt lat="28.535832026973367" lon="-16.250600013881922">
        <ele>696.39999999999998</ele>
      </trkpt>
      <trkpt lat="28.535835966467857" lon="-16.250602025538683">
        <ele>696.5</ele>
      </trkpt>
      <trkpt lat="28.535948032513261" lon="-16.250750971958041">
        <ele>704.10000000000002</ele>
      </trkpt>
      <trkpt lat="28.53607501834631" lon="-16.250881981104612">
        <ele>706.60000000000002</ele>
      </trkpt>
      <trkpt lat="28.536127991974354" lon="-16.250980971381068">
        <ele>711.39999999999998</ele>
      </trkpt>
      <trkpt lat="28.536136038601398" lon="-16.250999998301268">
        <ele>712.39999999999998</ele>
      </trkpt>
      <trkpt lat="28.536139978095889" lon="-16.25100402161479">
        <ele>712.60000000000002</ele>
      </trkpt>
      <trkpt lat="28.536153975874186" lon="-16.251036040484905">
        <ele>713.20000000000005</ele>
      </trkpt>
      <trkpt lat="28.536157999187708" lon="-16.251048026606441">
        <ele>713.29999999999995</ele>
      </trkpt>
      <trkpt lat="28.536153975874186" lon="-16.251064036041498">
        <ele>713.70000000000005</ele>
      </trkpt>
      <trkpt lat="28.536150036379695" lon="-16.251075016334653">
        <ele>713.89999999999998</ele>
      </trkpt>
      <trkpt lat="28.53614198975265" lon="-16.251085996627808">
        <ele>714.20000000000005</ele>
      </trkpt>
      <trkpt lat="28.536134026944637" lon="-16.251087002456188">
        <ele>714.29999999999995</ele>
      </trkpt>
      <trkpt lat="28.536121034994721" lon="-16.251087002456188">
        <ele>714.70000000000005</ele>
      </trkpt>
      <trkpt lat="28.536097984761" lon="-16.251087002456188">
        <ele>715.39999999999998</ele>
      </trkpt>
      <trkpt lat="28.536079963669181" lon="-16.251082979142666">
        <ele>716.10000000000002</ele>
      </trkpt>
      <trkpt lat="28.536069989204407" lon="-16.251080967485905">
        <ele>716.39999999999998</ele>
      </trkpt>
      <trkpt lat="28.536061020568013" lon="-16.251080967485905">
        <ele>716.5</ele>
      </trkpt>
      <trkpt lat="28.536002011969686" lon="-16.251065963879228">
        <ele>717.60000000000002</ele>
      </trkpt>
      <trkpt lat="28.535965969786048" lon="-16.251063030213118">
        <ele>718.39999999999998</ele>
      </trkpt>
      <trkpt lat="28.535941997542977" lon="-16.251066969707608">
        <ele>719</ele>
      </trkpt>
      <trkpt lat="28.535933028906584" lon="-16.251079039648175">
        <ele>719.70000000000005</ele>
      </trkpt>
      <trkpt lat="28.535919031128287" lon="-16.251093959435821">
        <ele>720.70000000000005</ele>
      </trkpt>
      <trkpt lat="28.535898998379707" lon="-16.251104017719626">
        <ele>721.39999999999998</ele>
      </trkpt>
      <trkpt lat="28.535879971459508" lon="-16.251107035204768">
        <ele>721.60000000000002</ele>
      </trkpt>
      <trkpt lat="28.535854993388057" lon="-16.251108963042498">
        <ele>721.60000000000002</ele>
      </trkpt>
      <trkpt lat="28.535835966467857" lon="-16.251109968870878">
        <ele>721.79999999999995</ele>
      </trkpt>
      <trkpt lat="28.53581702336669" lon="-16.25111298635602">
        <ele>722.39999999999998</ele>
      </trkpt>
      <trkpt lat="28.535789027810097" lon="-16.251097982749343">
        <ele>723.20000000000005</ele>
      </trkpt>
      <trkpt lat="28.535783998668194" lon="-16.251071998849511">
        <ele>724.10000000000002</ele>
      </trkpt>
      <trkpt lat="28.535780981183052" lon="-16.251040985807776">
        <ele>724.5</ele>
      </trkpt>
      <trkpt lat="28.535779975354671" lon="-16.251036962494254">
        <ele>724.5</ele>
      </trkpt>
      <trkpt lat="28.535737982019782" lon="-16.251019025221467">
        <ele>725.79999999999995</ele>
      </trkpt>
      <trkpt lat="28.535649972036481" lon="-16.25104702077806">
        <ele>728.20000000000005</ele>
      </trkpt>
      <trkpt lat="28.535621976479888" lon="-16.251151962205768">
        <ele>729.39999999999998</ele>
      </trkpt>
      <trkpt lat="28.53547696955502" lon="-16.251130001619458">
        <ele>735.29999999999995</ele>
      </trkpt>
      <trkpt lat="28.535435982048512" lon="-16.251107035204768">
        <ele>736.20000000000005</ele>
      </trkpt>
      <trkpt lat="28.535401029512286" lon="-16.251114998012781">
        <ele>738.10000000000002</ele>
      </trkpt>
      <trkpt lat="28.535362975671887" lon="-16.251066969707608">
        <ele>738</ele>
      </trkpt>
      <trkpt lat="28.535279994830489" lon="-16.251058001071215">
        <ele>741.89999999999998</ele>
      </trkpt>
      <trkpt lat="28.535201037302613" lon="-16.251128995791078">
        <ele>744.70000000000005</ele>
      </trkpt>
      <trkpt lat="28.535114033147693" lon="-16.251151962205768">
        <ele>747.79999999999995</ele>
      </trkpt>
      <trkpt lat="28.535001967102289" lon="-16.251203007996082">
        <ele>753.20000000000005</ele>
      </trkpt>
      <trkpt lat="28.5347889829427" lon="-16.251303004100919">
        <ele>765.39999999999998</ele>
      </trkpt>
      <trkpt lat="28.534712959080935" lon="-16.251306021586061">
        <ele>768.79999999999995</ele>
      </trkpt>
      <trkpt lat="28.534652022644877" lon="-16.251344997435808">
        <ele>772.20000000000005</ele>
      </trkpt>
      <trkpt lat="28.534584967419505" lon="-16.251399982720613">
        <ele>773.10000000000002</ele>
      </trkpt>
      <trkpt lat="28.534540962427855" lon="-16.251433007419109">
        <ele>773.70000000000005</ele>
      </trkpt>
      <trkpt lat="28.534362008795142" lon="-16.251453962177038">
        <ele>774.29999999999995</ele>
      </trkpt>
      <trkpt lat="28.534225970506668" lon="-16.251517999917269">
        <ele>776.5</ele>
      </trkpt>
      <trkpt lat="28.534145001322031" lon="-16.251522023230791">
        <ele>778</ele>
      </trkpt>
      <trkpt lat="28.534076018258929" lon="-16.251568961888552">
        <ele>772.39999999999998</ele>
      </trkpt>
      <trkpt lat="28.534038970246911" lon="-16.251587988808751">
        <ele>772.60000000000002</ele>
      </trkpt>
      <trkpt lat="28.534008041024208" lon="-16.251611961051822">
        <ele>769</ele>
      </trkpt>
      <trkpt lat="28.533987002447248" lon="-16.25162897631526">
        <ele>770</ele>
      </trkpt>
      <trkpt lat="28.533969987183809" lon="-16.25164900906384">
        <ele>769.79999999999995</ele>
      </trkpt>
      <trkpt lat="28.5339480265975" lon="-16.251669963821769">
        <ele>770.70000000000005</ele>
      </trkpt>
      <trkpt lat="28.533925982192159" lon="-16.251691002398729">
        <ele>772</ele>
      </trkpt>
      <trkpt lat="28.533904021605849" lon="-16.251712962985039">
        <ele>773.39999999999998</ele>
      </trkpt>
      <trkpt lat="28.533866973593831" lon="-16.251753028482199">
        <ele>771.10000000000002</ele>
      </trkpt>
      <trkpt lat="28.53375700302422" lon="-16.251850007101893">
        <ele>772.79999999999995</ele>
      </trkpt>
      <trkpt lat="28.533676033839583" lon="-16.251861993223429">
        <ele>771.5</ele>
      </trkpt>
      <trkpt lat="28.533579977229238" lon="-16.251870039850473">
        <ele>772.70000000000005</ele>
      </trkpt>
      <trkpt lat="28.53341300971806" lon="-16.251856964081526">
        <ele>773.10000000000002</ele>
      </trkpt>
      <trkpt lat="28.533352995291352" lon="-16.252104984596372">
        <ele>772.5</ele>
      </trkpt>
      <trkpt lat="28.533280994743109" lon="-16.252327021211386">
        <ele>773</ele>
      </trkpt>
      <trkpt lat="28.533211005851626" lon="-16.252411007881165">
        <ele>773.79999999999995</ele>
      </trkpt>
      <trkpt lat="28.533188039436936" lon="-16.252436991780996">
        <ele>774.10000000000002</ele>
      </trkpt>
      <trkpt lat="28.533164989203215" lon="-16.252460964024067">
        <ele>773.70000000000005</ele>
      </trkpt>
      <trkpt lat="28.53313397616148" lon="-16.252483008429408">
        <ele>773.10000000000002</ele>
      </trkpt>
      <trkpt lat="28.533096006140113" lon="-16.25250999815762">
        <ele>772.5</ele>
      </trkpt>
      <trkpt lat="28.533084020018578" lon="-16.252528019249439">
        <ele>772.5</ele>
      </trkpt>
      <trkpt lat="28.533069016411901" lon="-16.252542017027736">
        <ele>772.10000000000002</ele>
      </trkpt>
      <trkpt lat="28.533057030290365" lon="-16.252560038119555">
        <ele>772.20000000000005</ele>
      </trkpt>
      <trkpt lat="28.533010007813573" lon="-16.252590967342257">
        <ele>770.89999999999998</ele>
      </trkpt>
      <trkpt lat="28.532992992550135" lon="-16.252603959292173">
        <ele>770.5</ele>
      </trkpt>
      <trkpt lat="28.532973965629935" lon="-16.252629021182656">
        <ele>770.20000000000005</ele>
      </trkpt>
      <trkpt lat="28.532954016700387" lon="-16.252646958455443">
        <ele>769.60000000000002</ele>
      </trkpt>
      <trkpt lat="28.532959967851639" lon="-16.252655005082488">
        <ele>770.89999999999998</ele>
      </trkpt>
      <trkpt lat="28.532949993386865" lon="-16.252667997032404">
        <ele>771</ele>
      </trkpt>
      <trkpt lat="28.532940018922091" lon="-16.252689035609365">
        <ele>772</ele>
      </trkpt>
      <trkpt lat="28.532927026972175" lon="-16.252705967053771">
        <ele>772</ele>
      </trkpt>
      <trkpt lat="28.532916968688369" lon="-16.252728011459112">
        <ele>772.79999999999995</ele>
      </trkpt>
      <trkpt lat="28.532908000051975" lon="-16.252741003409028">
        <ele>772.60000000000002</ele>
      </trkpt>
      <trkpt lat="28.532898025587201" lon="-16.252752989530563">
        <ele>772.60000000000002</ele>
      </trkpt>
      <trkpt lat="28.532895008102059" lon="-16.252768998965621">
        <ele>773.10000000000002</ele>
      </trkpt>
      <trkpt lat="28.532874975353479" lon="-16.252786014229059">
        <ele>772.89999999999998</ele>
      </trkpt>
      <trkpt lat="28.532841028645635" lon="-16.252800012007356">
        <ele>772.20000000000005</ele>
      </trkpt>
      <trkpt lat="28.532808003947139" lon="-16.252807974815369">
        <ele>771.10000000000002</ele>
      </trkpt>
      <trkpt lat="28.532774979248643" lon="-16.252806968986988">
        <ele>770</ele>
      </trkpt>
      <trkpt lat="28.532753018662333" lon="-16.252807974815369">
        <ele>767.89999999999998</ele>
      </trkpt>
      <trkpt lat="28.532712031155825" lon="-16.25281099230051">
        <ele>766.20000000000005</ele>
      </trkpt>
      <trkpt lat="28.532701972872019" lon="-16.252813003957272">
        <ele>765.89999999999998</ele>
      </trkpt>
      <trkpt lat="28.532682023942471" lon="-16.252813003957272">
        <ele>765.20000000000005</ele>
      </trkpt>
      <trkpt lat="28.532670037820935" lon="-16.252814009785652">
        <ele>764.5</ele>
      </trkpt>
      <trkpt lat="28.532662997022271" lon="-16.252814009785652">
        <ele>764.29999999999995</ele>
      </trkpt>
      <trkpt lat="28.532657967880368" lon="-16.252813003957272">
        <ele>764.20000000000005</ele>
      </trkpt>
      <trkpt lat="28.532645981758833" lon="-16.25281099230051">
        <ele>764</ele>
      </trkpt>
      <trkpt lat="28.532639024779201" lon="-16.25280998647213">
        <ele>763.70000000000005</ele>
      </trkpt>
      <trkpt lat="28.532631983980536" lon="-16.252808980643749">
        <ele>763.39999999999998</ele>
      </trkpt>
      <trkpt lat="28.532615974545479" lon="-16.252804035320878">
        <ele>762.29999999999995</ele>
      </trkpt>
      <trkpt lat="28.532578004524112" lon="-16.25276698730886">
        <ele>756.79999999999995</ele>
      </trkpt>
      <trkpt lat="28.532570963725448" lon="-16.252757012844086">
        <ele>755.5</ele>
      </trkpt>
      <trkpt lat="28.532559983432293" lon="-16.252746032550931">
        <ele>754.89999999999998</ele>
      </trkpt>
      <trkpt lat="28.532549003139138" lon="-16.252733962610364">
        <ele>754.10000000000002</ele>
      </trkpt>
      <trkpt lat="28.532536011189222" lon="-16.252715019509196">
        <ele>753.60000000000002</ele>
      </trkpt>
      <trkpt lat="28.532523019239306" lon="-16.252698004245758">
        <ele>753</ele>
      </trkpt>
      <trkpt lat="28.532511033117771" lon="-16.252679983153939">
        <ele>749.5</ele>
      </trkpt>
      <trkpt lat="28.532496029511094" lon="-16.252661040052772">
        <ele>748.10000000000002</ele>
      </trkpt>
      <trkpt lat="28.532480020076036" lon="-16.25263899564743">
        <ele>745.20000000000005</ele>
      </trkpt>
      <trkpt lat="28.532465016469359" lon="-16.252617035061121">
        <ele>743.70000000000005</ele>
      </trkpt>
      <trkpt lat="28.532454958185554" lon="-16.252606976777315">
        <ele>743</ele>
      </trkpt>
      <trkpt lat="28.532448001205921" lon="-16.252599013969302">
        <ele>742.39999999999998</ele>
      </trkpt>
      <trkpt lat="28.532438026741147" lon="-16.252587027847767">
        <ele>741.20000000000005</ele>
      </trkpt>
      <trkpt lat="28.532427968457341" lon="-16.25257596373558">
        <ele>739.79999999999995</ele>
      </trkpt>
      <trkpt lat="28.532420005649328" lon="-16.252565989270806">
        <ele>738.70000000000005</ele>
      </trkpt>
      <trkpt lat="28.532412964850664" lon="-16.252558026462793">
        <ele>737.89999999999998</ele>
      </trkpt>
      <trkpt lat="28.53240299038589" lon="-16.252545034512877">
        <ele>737</ele>
      </trkpt>
      <trkpt lat="28.532386980950832" lon="-16.252535982057452">
        <ele>736.60000000000002</ele>
      </trkpt>
      <trkpt lat="28.532360997051001" lon="-16.2525300309062">
        <ele>735.89999999999998</ele>
      </trkpt>
      <trkpt lat="28.53233995847404" lon="-16.2525300309062">
        <ele>734.79999999999995</ele>
      </trkpt>
      <trkpt lat="28.532325038686395" lon="-16.252534976229072">
        <ele>734.10000000000002</ele>
      </trkpt>
      <trkpt lat="28.532309029251337" lon="-16.252538999542594">
        <ele>733.5</ele>
      </trkpt>
      <trkpt lat="28.532290002331138" lon="-16.252547968178988">
        <ele>732.70000000000005</ele>
      </trkpt>
      <trkpt lat="28.53227399289608" lon="-16.252559032291174">
        <ele>732.5</ele>
      </trkpt>
      <trkpt lat="28.532261000946164" lon="-16.252570012584329">
        <ele>731.60000000000002</ele>
      </trkpt>
      <trkpt lat="28.532240968197584" lon="-16.252574035897851">
        <ele>730.29999999999995</ele>
      </trkpt>
      <trkpt lat="28.532224036753178" lon="-16.252586022019386">
        <ele>729.39999999999998</ele>
      </trkpt>
      <trkpt lat="28.532210038974881" lon="-16.252597002312541">
        <ele>728.79999999999995</ele>
      </trkpt>
      <trkpt lat="28.532194029539824" lon="-16.252617035061121">
        <ele>728.20000000000005</ele>
      </trkpt>
      <trkpt lat="28.532183971256018" lon="-16.252641007304192">
        <ele>728.10000000000002</ele>
      </trkpt>
      <trkpt lat="28.532175002619624" lon="-16.25265902839601">
        <ele>728.70000000000005</ele>
      </trkpt>
      <trkpt lat="28.532167039811611" lon="-16.252676965668797">
        <ele>730.5</ele>
      </trkpt>
      <trkpt lat="28.532148012891412" lon="-16.252699010074139">
        <ele>731.20000000000005</ele>
      </trkpt>
      <trkpt lat="28.53212496265769" lon="-16.252720970660448">
        <ele>731.20000000000005</ele>
      </trkpt>
      <trkpt lat="28.532101996243" lon="-16.252739997580647">
        <ele>731.39999999999998</ele>
      </trkpt>
      <trkpt lat="28.53208196349442" lon="-16.252756007015705">
        <ele>730.60000000000002</ele>
      </trkpt>
      <trkpt lat="28.532061008736491" lon="-16.252770004794002">
        <ele>725.70000000000005</ele>
      </trkpt>
      <trkpt lat="28.532049022614956" lon="-16.252780985087156">
        <ele>722.79999999999995</ele>
      </trkpt>
      <trkpt lat="28.532035024836659" lon="-16.252791965380311">
        <ele>721.5</ele>
      </trkpt>
      <trkpt lat="28.532005017623305" lon="-16.252806968986988">
        <ele>722.20000000000005</ele>
      </trkpt>
      <trkpt lat="28.531991019845009" lon="-16.252817027270794">
        <ele>723</ele>
      </trkpt>
      <trkpt lat="28.531894963234663" lon="-16.252836976200342">
        <ele>717.20000000000005</ele>
      </trkpt>
      <trkpt lat="28.531855987384915" lon="-16.252821972593665">
        <ele>715.70000000000005</ele>
      </trkpt>
      <trkpt lat="28.531838972121477" lon="-16.252818033099174">
        <ele>715.20000000000005</ele>
      </trkpt>
      <trkpt lat="28.531814999878407" lon="-16.252819960936904">
        <ele>714.5</ele>
      </trkpt>
      <trkpt lat="28.531799996271729" lon="-16.252821972593665">
        <ele>713.70000000000005</ele>
      </trkpt>
      <trkpt lat="28.531777029857039" lon="-16.252827001735568">
        <ele>713.39999999999998</ele>
      </trkpt>
      <trkpt lat="28.531763032078743" lon="-16.252828007563949">
        <ele>713.10000000000002</ele>
      </trkpt>
      <trkpt lat="28.531746016815305" lon="-16.252827001735568">
        <ele>712.60000000000002</ele>
      </trkpt>
      <trkpt lat="28.531739981845021" lon="-16.252823984250426">
        <ele>712.10000000000002</ele>
      </trkpt>
      <trkpt lat="28.531731013208628" lon="-16.252804035320878">
        <ele>710.70000000000005</ele>
      </trkpt>
      <trkpt lat="28.531723972409964" lon="-16.252772016450763">
        <ele>708.70000000000005</ele>
      </trkpt>
      <trkpt lat="28.531710980460048" lon="-16.252746032550931">
        <ele>706.29999999999995</ele>
      </trkpt>
      <trkpt lat="28.531706035137177" lon="-16.252737985923886">
        <ele>705.79999999999995</ele>
      </trkpt>
      <trkpt lat="28.531692959368229" lon="-16.252722982317209">
        <ele>704.5</ele>
      </trkpt>
      <trkpt lat="28.531674016267061" lon="-16.252708984538913">
        <ele>702.79999999999995</ele>
      </trkpt>
      <trkpt lat="28.531654989346862" lon="-16.252699010074139">
        <ele>702.39999999999998</ele>
      </trkpt>
      <trkpt lat="28.531627999618649" lon="-16.252691969275475">
        <ele>701.5</ele>
      </trkpt>
      <trkpt lat="28.531605033203959" lon="-16.252696998417377">
        <ele>700.60000000000002</ele>
      </trkpt>
      <trkpt lat="28.531573014333844" lon="-16.25270202755928">
        <ele>699.79999999999995</ele>
      </trkpt>
      <trkpt lat="28.531549964100122" lon="-16.252705967053771">
        <ele>698.60000000000002</ele>
      </trkpt>
      <trkpt lat="28.531528003513813" lon="-16.252707978710532">
        <ele>697.89999999999998</ele>
      </trkpt>
      <trkpt lat="28.531502019613981" lon="-16.252706972882152">
        <ele>697.20000000000005</ele>
      </trkpt>
      <trkpt lat="28.531475029885769" lon="-16.25270202755928">
        <ele>696.20000000000005</ele>
      </trkpt>
      <trkpt lat="28.531444016844034" lon="-16.252696998417377">
        <ele>695.10000000000002</ele>
      </trkpt>
      <trkpt lat="28.531418032944202" lon="-16.252692975103855">
        <ele>693.70000000000005</ele>
      </trkpt>
      <trkpt lat="28.531396994367242" lon="-16.252689035609365">
        <ele>692.79999999999995</ele>
      </trkpt>
      <trkpt lat="28.531372016295791" lon="-16.252685012295842">
        <ele>691.5</ele>
      </trkpt>
      <trkpt lat="28.531341003254056" lon="-16.252679983153939">
        <ele>690.10000000000002</ele>
      </trkpt>
      <trkpt lat="28.531292974948883" lon="-16.252677971497178">
        <ele>686.70000000000005</ele>
      </trkpt>
      <trkpt lat="28.531260034069419" lon="-16.252683000639081">
        <ele>686.39999999999998</ele>
      </trkpt>
      <trkpt lat="28.531234972178936" lon="-16.252685012295842">
        <ele>686.20000000000005</ele>
      </trkpt>
      <trkpt lat="28.531203959137201" lon="-16.252690041437745">
        <ele>686</ele>
      </trkpt>
      <trkpt lat="28.531175963580608" lon="-16.252696998417377">
        <ele>685.79999999999995</ele>
      </trkpt>
      <trkpt lat="28.531163977459073" lon="-16.252700015902519">
        <ele>685.60000000000002</ele>
      </trkpt>
      <trkpt lat="28.531147968024015" lon="-16.252696998417377">
        <ele>685.60000000000002</ele>
      </trkpt>
      <trkpt lat="28.531121984124184" lon="-16.252691969275475">
        <ele>685.5</ele>
      </trkpt>
      <trkpt lat="28.531089965254068" lon="-16.252685012295842">
        <ele>685.39999999999998</ele>
      </trkpt>
      <trkpt lat="28.531059036031365" lon="-16.252677971497178">
        <ele>685.39999999999998</ele>
      </trkpt>
      <trkpt lat="28.531020982190967" lon="-16.25268098898232">
        <ele>685.39999999999998</ele>
      </trkpt>
      <trkpt lat="28.530991980805993" lon="-16.252684006467462">
        <ele>685.39999999999998</ele>
      </trkpt>
      <trkpt lat="28.530948981642723" lon="-16.252650981768966">
        <ele>684.70000000000005</ele>
      </trkpt>
      <trkpt lat="28.530936995521188" lon="-16.252642013132572">
        <ele>684.39999999999998</ele>
      </trkpt>
      <trkpt lat="28.530930960550904" lon="-16.252632038667798">
        <ele>684.29999999999995</ele>
      </trkpt>
      <trkpt lat="28.530929032713175" lon="-16.25261602923274">
        <ele>684.5</ele>
      </trkpt>
      <trkpt lat="28.530926015228033" lon="-16.252600019797683">
        <ele>684.29999999999995</ele>
      </trkpt>
      <trkpt lat="28.530926015228033" lon="-16.252589039504528">
        <ele>684</ele>
      </trkpt>
      <trkpt lat="28.530926015228033" lon="-16.252577975392342">
        <ele>683.79999999999995</ele>
      </trkpt>
      <trkpt lat="28.530918974429369" lon="-16.252560038119555">
        <ele>683.5</ele>
      </trkpt>
      <trkpt lat="28.530915034934878" lon="-16.252548974007368">
        <ele>683.39999999999998</ele>
      </trkpt>
      <trkpt lat="28.530910005792975" lon="-16.252538999542594">
        <ele>683.29999999999995</ele>
      </trkpt>
      <trkpt lat="28.530905982479453" lon="-16.25252902507782">
        <ele>682.89999999999998</ele>
      </trkpt>
      <trkpt lat="28.530899025499821" lon="-16.252518966794014">
        <ele>682.70000000000005</ele>
      </trkpt>
      <trkpt lat="28.530890978872776" lon="-16.25250999815762">
        <ele>682.5</ele>
      </trkpt>
      <trkpt lat="28.530884021893144" lon="-16.252500023692846">
        <ele>682.10000000000002</ele>
      </trkpt>
      <trkpt lat="28.530871029943228" lon="-16.252482002601027">
        <ele>681.79999999999995</ele>
      </trkpt>
      <trkpt lat="28.530864994972944" lon="-16.252475967630744">
        <ele>682</ele>
      </trkpt>
      <trkpt lat="28.530856026336551" lon="-16.25246599316597">
        <ele>681.20000000000005</ele>
      </trkpt>
      <trkpt lat="28.530846973881125" lon="-16.252449983730912">
        <ele>680.29999999999995</ele>
      </trkpt>
      <trkpt lat="28.530843034386635" lon="-16.252433974295855">
        <ele>680</ele>
      </trkpt>
      <trkpt lat="28.53083498775959" lon="-16.25242399983108">
        <ele>678.79999999999995</ele>
      </trkpt>
      <trkpt lat="28.530823001638055" lon="-16.252419976517558">
        <ele>678.20000000000005</ele>
      </trkpt>
      <trkpt lat="28.530809003859758" lon="-16.252416959032416">
        <ele>677.70000000000005</ele>
      </trkpt>
      <trkpt lat="28.530795006081462" lon="-16.252419976517558">
        <ele>677.70000000000005</ele>
      </trkpt>
      <trkpt lat="28.530784025788307" lon="-16.252430034801364">
        <ele>677.89999999999998</ele>
      </trkpt>
      <trkpt lat="28.530776984989643" lon="-16.252439003437757">
        <ele>677.5</ele>
      </trkpt>
      <trkpt lat="28.530771033838391" lon="-16.252447972074151">
        <ele>677.20000000000005</ele>
      </trkpt>
      <trkpt lat="28.530762987211347" lon="-16.252455012872815">
        <ele>676.70000000000005</ele>
      </trkpt>
      <trkpt lat="28.530752006918192" lon="-16.252454007044435">
        <ele>676</ele>
      </trkpt>
      <trkpt lat="28.530738009139895" lon="-16.252445038408041">
        <ele>675.5</ele>
      </trkpt>
      <trkpt lat="28.530728034675121" lon="-16.252437997609377">
        <ele>674.60000000000002</ele>
      </trkpt>
      <trkpt lat="28.530719988048077" lon="-16.252428023144603">
        <ele>673.79999999999995</ele>
      </trkpt>
      <trkpt lat="28.530712025240064" lon="-16.252417964860797">
        <ele>672.89999999999998</ele>
      </trkpt>
      <trkpt lat="28.530697021633387" lon="-16.252411007881165">
        <ele>671.89999999999998</ele>
      </trkpt>
      <trkpt lat="28.530684029683471" lon="-16.252406984567642">
        <ele>671.29999999999995</ele>
      </trkpt>
      <trkpt lat="28.530671037733555" lon="-16.252408996224403">
        <ele>670.70000000000005</ele>
      </trkpt>
      <trkpt lat="28.530659973621368" lon="-16.252410002052784">
        <ele>670.29999999999995</ele>
      </trkpt>
      <trkpt lat="28.530647987499833" lon="-16.25240296125412">
        <ele>669.60000000000002</ele>
      </trkpt>
      <trkpt lat="28.530638013035059" lon="-16.252392986789346">
        <ele>668.89999999999998</ele>
      </trkpt>
      <trkpt lat="28.530628038570285" lon="-16.252383012324572">
        <ele>668.5</ele>
      </trkpt>
      <trkpt lat="28.530620997771621" lon="-16.252372032031417">
        <ele>668.10000000000002</ele>
      </trkpt>
      <trkpt lat="28.530612029135227" lon="-16.252368008717895">
        <ele>667.70000000000005</ele>
      </trkpt>
      <trkpt lat="28.530603982508183" lon="-16.25235803425312">
        <ele>666.79999999999995</ele>
      </trkpt>
      <trkpt lat="28.53059601970017" lon="-16.252353005111217">
        <ele>666.5</ele>
      </trkpt>
      <trkpt lat="28.530579004436731" lon="-16.252346970140934">
        <ele>665.89999999999998</ele>
      </trkpt>
      <trkpt lat="28.530559977516532" lon="-16.252347975969315">
        <ele>665.70000000000005</ele>
      </trkpt>
      <trkpt lat="28.530543968081474" lon="-16.252350993454456">
        <ele>665</ele>
      </trkpt>
      <trkpt lat="28.530527036637068" lon="-16.252364991232753">
        <ele>664.70000000000005</ele>
      </trkpt>
      <trkpt lat="28.530515972524881" lon="-16.252374965697527">
        <ele>664.20000000000005</ele>
      </trkpt>
      <trkpt lat="28.530515972524881" lon="-16.252372032031417">
        <ele>664.20000000000005</ele>
      </trkpt>
      <trkpt lat="28.53051002137363" lon="-16.252330038696527">
        <ele>662.20000000000005</ele>
      </trkpt>
      <trkpt lat="28.530508009716868" lon="-16.25231503508985">
        <ele>661.79999999999995</ele>
      </trkpt>
      <trkpt lat="28.530492000281811" lon="-16.252301959320903">
        <ele>661.29999999999995</ele>
      </trkpt>
      <trkpt lat="28.530483031645417" lon="-16.252309000119567">
        <ele>661.20000000000005</ele>
      </trkpt>
      <trkpt lat="28.530482025817037" lon="-16.25231696292758">
        <ele>661.10000000000002</ele>
      </trkpt>
      <trkpt lat="28.530481019988656" lon="-16.25233800150454">
        <ele>661</ele>
      </trkpt>
      <trkpt lat="28.530481019988656" lon="-16.252356022596359">
        <ele>661.29999999999995</ele>
      </trkpt>
      <trkpt lat="28.530482025817037" lon="-16.252367002889514">
        <ele>661.70000000000005</ele>
      </trkpt>
      <trkpt lat="28.530484037473798" lon="-16.252377983182669">
        <ele>662.29999999999995</ele>
      </trkpt>
      <trkpt lat="28.530484959483147" lon="-16.252392986789346">
        <ele>662.60000000000002</ele>
      </trkpt>
      <trkpt lat="28.530486971139908" lon="-16.252405978739262">
        <ele>662.10000000000002</ele>
      </trkpt>
      <trkpt lat="28.530487976968288" lon="-16.252419976517558">
        <ele>661.70000000000005</ele>
      </trkpt>
      <trkpt lat="28.530484959483147" lon="-16.252440009266138">
        <ele>660.79999999999995</ele>
      </trkpt>
      <trkpt lat="28.530480014160275" lon="-16.252450989559293">
        <ele>660.10000000000002</ele>
      </trkpt>
      <trkpt lat="28.530471967533231" lon="-16.252459958195686">
        <ele>659</ele>
      </trkpt>
      <trkpt lat="28.530464004725218" lon="-16.25246599316597">
        <ele>658.10000000000002</ele>
      </trkpt>
      <trkpt lat="28.530454030260444" lon="-16.252459036186337">
        <ele>657.89999999999998</ele>
      </trkpt>
      <trkpt lat="28.530444977805018" lon="-16.252441015094519">
        <ele>657.39999999999998</ele>
      </trkpt>
      <trkpt lat="28.530441960319877" lon="-16.252434980124235">
        <ele>657.5</ele>
      </trkpt>
      <trkpt lat="28.530438020825386" lon="-16.252416037023067">
        <ele>657.20000000000005</ele>
      </trkpt>
      <trkpt lat="28.530433997511864" lon="-16.25240103341639">
        <ele>656.70000000000005</ele>
      </trkpt>
      <trkpt lat="28.530429974198341" lon="-16.252387035638094">
        <ele>657.20000000000005</ele>
      </trkpt>
      <trkpt lat="28.530427040532231" lon="-16.252378989011049">
        <ele>657</ele>
      </trkpt>
      <trkpt lat="28.530421005561948" lon="-16.252361973747611">
        <ele>656.10000000000002</ele>
      </trkpt>
      <trkpt lat="28.530416982248425" lon="-16.252350993454456">
        <ele>655.5</ele>
      </trkpt>
      <trkpt lat="28.530412036925554" lon="-16.252334984019399">
        <ele>654.60000000000002</ele>
      </trkpt>
      <trkpt lat="28.53040499612689" lon="-16.252312017604709">
        <ele>654.20000000000005</ele>
      </trkpt>
      <trkpt lat="28.53040499612689" lon="-16.252310005947948">
        <ele>654.20000000000005</ele>
      </trkpt>
      <trkpt lat="28.530398039147258" lon="-16.252287039533257">
        <ele>653.5</ele>
      </trkpt>
      <trkpt lat="28.530390998348594" lon="-16.252273041754961">
        <ele>654</ele>
      </trkpt>
      <trkpt lat="28.530386975035071" lon="-16.252258960157633">
        <ele>653.89999999999998</ele>
      </trkpt>
      <trkpt lat="28.530383035540581" lon="-16.252245968207717">
        <ele>653</ele>
      </trkpt>
      <trkpt lat="28.530374988913536" lon="-16.252224007621408">
        <ele>652.10000000000002</ele>
      </trkpt>
      <trkpt lat="28.530369037762284" lon="-16.252214033156633">
        <ele>652.20000000000005</ele>
      </trkpt>
      <trkpt lat="28.530358979478478" lon="-16.252210009843111">
        <ele>651.79999999999995</ele>
      </trkpt>
      <trkpt lat="28.53036099113524" lon="-16.252225013449788">
        <ele>651.39999999999998</ele>
      </trkpt>
      <trkpt lat="28.530365014448762" lon="-16.252246974036098">
        <ele>651.39999999999998</ele>
      </trkpt>
      <trkpt lat="28.530367026105523" lon="-16.252263989299536">
        <ele>651.29999999999995</ele>
      </trkpt>
      <trkpt lat="28.530367026105523" lon="-16.252281004562974">
        <ele>651.10000000000002</ele>
      </trkpt>
      <trkpt lat="28.530363002792001" lon="-16.252284022048116">
        <ele>650.70000000000005</ele>
      </trkpt>
      <trkpt lat="28.53034095838666" lon="-16.252276981249452">
        <ele>649.89999999999998</ele>
      </trkpt>
      <trkpt lat="28.53033903054893" lon="-16.252276981249452">
        <ele>649.70000000000005</ele>
      </trkpt>
      <trkpt lat="28.530326038599014" lon="-16.252267006784678">
        <ele>648.29999999999995</ele>
      </trkpt>
      <trkpt lat="28.530315980315208" lon="-16.25225099734962">
        <ele>647.89999999999998</ele>
      </trkpt>
      <trkpt lat="28.530303994193673" lon="-16.252239011228085">
        <ele>647.29999999999995</ele>
      </trkpt>
      <trkpt lat="28.530291002243757" lon="-16.252225013449788">
        <ele>647.29999999999995</ele>
      </trkpt>
      <trkpt lat="28.530283039435744" lon="-16.252217972651124">
        <ele>646.89999999999998</ele>
      </trkpt>
      <trkpt lat="28.530270969495177" lon="-16.252205986529589">
        <ele>646.10000000000002</ele>
      </trkpt>
      <trkpt lat="28.530260995030403" lon="-16.252202969044447">
        <ele>645.39999999999998</ele>
      </trkpt>
      <trkpt lat="28.530248003080487" lon="-16.252191988751292">
        <ele>644.89999999999998</ele>
      </trkpt>
      <trkpt lat="28.53023299947381" lon="-16.252184025943279">
        <ele>644.39999999999998</ele>
      </trkpt>
      <trkpt lat="28.530227970331907" lon="-16.252167010679841">
        <ele>644.29999999999995</ele>
      </trkpt>
      <trkpt lat="28.530226964503527" lon="-16.252157958224416">
        <ele>644.20000000000005</ele>
      </trkpt>
      <trkpt lat="28.530228976160288" lon="-16.252138009294868">
        <ele>644.29999999999995</ele>
      </trkpt>
      <trkpt lat="28.53023199364543" lon="-16.252119988203049">
        <ele>644</ele>
      </trkpt>
      <trkpt lat="28.530241968110204" lon="-16.25210196711123">
        <ele>644.39999999999998</ele>
      </trkpt>
      <trkpt lat="28.530246997252107" lon="-16.252091992646456">
        <ele>644.60000000000002</ele>
      </trkpt>
      <trkpt lat="28.530251020565629" lon="-16.252086041495204">
        <ele>644.60000000000002</ele>
      </trkpt>
      <trkpt lat="28.53025496006012" lon="-16.252072965726256">
        <ele>644.10000000000002</ele>
      </trkpt>
      <trkpt lat="28.530260995030403" lon="-16.252057962119579">
        <ele>644.39999999999998</ele>
      </trkpt>
      <trkpt lat="28.530270969495177" lon="-16.252032984048128">
        <ele>643.20000000000005</ele>
      </trkpt>
      <trkpt lat="28.530279016122222" lon="-16.25201303511858">
        <ele>643.10000000000002</ele>
      </trkpt>
      <trkpt lat="28.530279016122222" lon="-16.252010017633438">
        <ele>642.89999999999998</ele>
      </trkpt>
      <trkpt lat="28.530283961445093" lon="-16.251985039561987">
        <ele>641.89999999999998</ele>
      </trkpt>
      <trkpt lat="28.53029603138566" lon="-16.251974981278181">
        <ele>641.60000000000002</ele>
      </trkpt>
      <trkpt lat="28.530305000022054" lon="-16.251962995156646">
        <ele>641.10000000000002</ele>
      </trkpt>
      <trkpt lat="28.53031899780035" lon="-16.251938017085195">
        <ele>640.39999999999998</ele>
      </trkpt>
      <trkpt lat="28.530312040820718" lon="-16.251921001821756">
        <ele>638.5</ele>
      </trkpt>
      <trkpt lat="28.530303994193673" lon="-16.251910021528602">
        <ele>638.20000000000005</ele>
      </trkpt>
      <trkpt lat="28.530301982536912" lon="-16.251888982951641">
        <ele>637.70000000000005</ele>
      </trkpt>
      <trkpt lat="28.530307011678815" lon="-16.25188697129488">
        <ele>637.39999999999998</ele>
      </trkpt>
      <trkpt lat="28.530323021113873" lon="-16.251882025972009">
        <ele>636.89999999999998</ele>
      </trkpt>
      <trkpt lat="28.530331989750266" lon="-16.251874985173345">
        <ele>636.29999999999995</ele>
      </trkpt>
      <trkpt lat="28.530328972265124" lon="-16.251860987395048">
        <ele>635.70000000000005</ele>
      </trkpt>
      <trkpt lat="28.530316986143589" lon="-16.251851012930274">
        <ele>635.70000000000005</ele>
      </trkpt>
      <trkpt lat="28.530299970880151" lon="-16.251842966303229">
        <ele>635.60000000000002</ele>
      </trkpt>
      <trkpt lat="28.530288990586996" lon="-16.251825029030442">
        <ele>635</ele>
      </trkpt>
      <trkpt lat="28.530284967273474" lon="-16.251813964918256">
        <ele>634.60000000000002</ele>
      </trkpt>
      <trkpt lat="28.530269041657448" lon="-16.251801978796721">
        <ele>633.89999999999998</ele>
      </trkpt>
      <trkpt lat="28.530258983373642" lon="-16.251802984625101">
        <ele>633.5</ele>
      </trkpt>
      <trkpt lat="28.530242973938584" lon="-16.251816982403398">
        <ele>633.10000000000002</ele>
      </trkpt>
      <trkpt lat="28.530234005302191" lon="-16.251828968524933">
        <ele>633</ele>
      </trkpt>
      <trkpt lat="28.530222019180655" lon="-16.2518410384655">
        <ele>632.79999999999995</ele>
      </trkpt>
      <trkpt lat="28.530208021402359" lon="-16.251850007101893">
        <ele>632.10000000000002</ele>
      </trkpt>
      <trkpt lat="28.530194023624063" lon="-16.251859981566668">
        <ele>631.29999999999995</ele>
      </trkpt>
      <trkpt lat="28.530182959511876" lon="-16.251867022365332">
        <ele>630.5</ele>
      </trkpt>
      <trkpt lat="28.530174996703863" lon="-16.251870039850473">
        <ele>630.39999999999998</ele>
      </trkpt>
      <trkpt lat="28.53016703389585" lon="-16.251880014315248">
        <ele>630.60000000000002</ele>
      </trkpt>
      <trkpt lat="28.530159993097186" lon="-16.25188697129488">
        <ele>629.89999999999998</ele>
      </trkpt>
      <trkpt lat="28.530151024460793" lon="-16.251893006265163">
        <ele>630.10000000000002</ele>
      </trkpt>
      <trkpt lat="28.53012596257031" lon="-16.25193097628653">
        <ele>629.20000000000005</ele>
      </trkpt>
      <trkpt lat="28.530114982277155" lon="-16.251944974064827">
        <ele>629.20000000000005</ele>
      </trkpt>
      <trkpt lat="28.530108025297523" lon="-16.251955032348633">
        <ele>628.70000000000005</ele>
      </trkpt>
      <trkpt lat="28.530096961185336" lon="-16.251962995156646">
        <ele>628.29999999999995</ele>
      </trkpt>
      <trkpt lat="28.530091010034084" lon="-16.25197104178369">
        <ele>627.89999999999998</ele>
      </trkpt>
      <trkpt lat="28.53008396923542" lon="-16.251979004591703">
        <ele>628.20000000000005</ele>
      </trkpt>
      <trkpt lat="28.530070977285504" lon="-16.25199400819838">
        <ele>628.5</ele>
      </trkpt>
      <trkpt lat="28.530058991163969" lon="-16.252009011805058">
        <ele>627.70000000000005</ele>
      </trkpt>
      <trkpt lat="28.530047005042434" lon="-16.252019992098212">
        <ele>627.29999999999995</ele>
      </trkpt>
      <trkpt lat="28.530041975900531" lon="-16.252023009583354">
        <ele>627</ele>
      </trkpt>
      <trkpt lat="28.530036024749279" lon="-16.252024015411735">
        <ele>626.60000000000002</ele>
      </trkpt>
      <trkpt lat="28.530036024749279" lon="-16.25201404094696">
        <ele>626.39999999999998</ele>
      </trkpt>
      <trkpt lat="28.530049016699195" lon="-16.251981016248465">
        <ele>624.29999999999995</ele>
      </trkpt>
      <trkpt lat="28.530056979507208" lon="-16.251964000985026">
        <ele>623.5</ele>
      </trkpt>
      <trkpt lat="28.530064020305872" lon="-16.251946985721588">
        <ele>623.79999999999995</ele>
      </trkpt>
      <trkpt lat="28.530068965628743" lon="-16.251928964629769">
        <ele>622.20000000000005</ele>
      </trkpt>
      <trkpt lat="28.530073994770646" lon="-16.251913039013743">
        <ele>621.60000000000002</ele>
      </trkpt>
      <trkpt lat="28.53008002974093" lon="-16.251897029578686">
        <ele>621.89999999999998</ele>
      </trkpt>
      <trkpt lat="28.530082041397691" lon="-16.251882025972009">
        <ele>621.60000000000002</ele>
      </trkpt>
      <trkpt lat="28.530087992548943" lon="-16.251866016536951">
        <ele>621.39999999999998</ele>
      </trkpt>
      <trkpt lat="28.530094027519226" lon="-16.251850007101893">
        <ele>620.5</ele>
      </trkpt>
      <trkpt lat="28.530096961185336" lon="-16.251837015151978">
        <ele>620.70000000000005</ele>
      </trkpt>
      <trkpt lat="28.530100984498858" lon="-16.251823017373681">
        <ele>620.10000000000002</ele>
      </trkpt>
      <trkpt lat="28.530107019469142" lon="-16.25179803930223">
        <ele>618.79999999999995</ele>
      </trkpt>
      <trkpt lat="28.530109031125903" lon="-16.251786975190043">
        <ele>618.70000000000005</ele>
      </trkpt>
      <trkpt lat="28.530096961185336" lon="-16.251782029867172">
        <ele>618</ele>
      </trkpt>
      <trkpt lat="28.530077012255788" lon="-16.251808013767004">
        <ele>617.29999999999995</ele>
      </trkpt>
      <trkpt lat="28.530047005042434" lon="-16.25184397213161">
        <ele>616.60000000000002</ele>
      </trkpt>
      <trkpt lat="28.530024038627744" lon="-16.251868028193712">
        <ele>617.29999999999995</ele>
      </trkpt>
      <trkpt lat="28.530010962858796" lon="-16.251878002658486">
        <ele>616.29999999999995</ele>
      </trkpt>
      <trkpt lat="28.529998976737261" lon="-16.251879008486867">
        <ele>615</ele>
      </trkpt>
      <trkpt lat="28.529987996444106" lon="-16.251880014315248">
        <ele>614.29999999999995</ele>
      </trkpt>
      <trkpt lat="28.529980033636093" lon="-16.251882025972009">
        <ele>613.60000000000002</ele>
      </trkpt>
      <trkpt lat="28.529963018372655" lon="-16.251884959638119">
        <ele>612.29999999999995</ele>
      </trkpt>
      <trkpt lat="28.529947008937597" lon="-16.251890994608402">
        <ele>612.39999999999998</ele>
      </trkpt>
      <trkpt lat="28.52993099950254" lon="-16.251894012093544">
        <ele>611.39999999999998</ele>
      </trkpt>
      <trkpt lat="28.529913984239101" lon="-16.25190700404346">
        <ele>610.70000000000005</ele>
      </trkpt>
      <trkpt lat="28.529901998117566" lon="-16.251913961023092">
        <ele>610.39999999999998</ele>
      </trkpt>
      <trkpt lat="28.529893029481173" lon="-16.251918990164995">
        <ele>610.39999999999998</ele>
      </trkpt>
      <trkpt lat="28.529879031702876" lon="-16.251926030963659">
        <ele>609.70000000000005</ele>
      </trkpt>
      <trkpt lat="28.52986897341907" lon="-16.25192997045815">
        <ele>609.39999999999998</ele>
      </trkpt>
      <trkpt lat="28.529860004782677" lon="-16.251931982114911">
        <ele>609.20000000000005</ele>
      </trkpt>
      <trkpt lat="28.529850030317903" lon="-16.251936005428433">
        <ele>609.10000000000002</ele>
      </trkpt>
      <trkpt lat="28.529834020882845" lon="-16.251940028741956">
        <ele>608.79999999999995</ele>
      </trkpt>
      <trkpt lat="28.529821028932929" lon="-16.251942962408066">
        <ele>608.60000000000002</ele>
      </trkpt>
      <trkpt lat="28.529813988134265" lon="-16.251944974064827">
        <ele>608.5</ele>
      </trkpt>
      <trkpt lat="28.529805019497871" lon="-16.251945979893208">
        <ele>608.20000000000005</ele>
      </trkpt>
      <trkpt lat="28.529795967042446" lon="-16.251947991549969">
        <ele>608</ele>
      </trkpt>
      <trkpt lat="28.529788004234433" lon="-16.25195000320673">
        <ele>607.70000000000005</ele>
      </trkpt>
      <trkpt lat="28.52977903559804" lon="-16.251952014863491">
        <ele>607.5</ele>
      </trkpt>
      <trkpt lat="28.529750034213066" lon="-16.251954026520252">
        <ele>607</ele>
      </trkpt>
      <trkpt lat="28.529743999242783" lon="-16.251969030126929">
        <ele>606.70000000000005</ele>
      </trkpt>
      <trkpt lat="28.52973997592926" lon="-16.251979004591703">
        <ele>606.5</ele>
      </trkpt>
      <trkpt lat="28.529737964272499" lon="-16.251988979056478">
        <ele>606.5</ele>
      </trkpt>
      <trkpt lat="28.529732013121247" lon="-16.251988979056478">
        <ele>606.10000000000002</ele>
      </trkpt>
      <trkpt lat="28.529725978150964" lon="-16.251962995156646">
        <ele>605.70000000000005</ele>
      </trkpt>
      <trkpt lat="28.529725978150964" lon="-16.251945979893208">
        <ele>605.70000000000005</ele>
      </trkpt>
      <trkpt lat="28.529724972322583" lon="-16.25192703679204">
        <ele>604.60000000000002</ele>
      </trkpt>
      <trkpt lat="28.529724972322583" lon="-16.251925025135279">
        <ele>604.5</ele>
      </trkpt>
      <trkpt lat="28.529719021171331" lon="-16.251909015700221">
        <ele>603.29999999999995</ele>
      </trkpt>
      <trkpt lat="28.529708962887526" lon="-16.251905998215079">
        <ele>602.89999999999998</ele>
      </trkpt>
      <trkpt lat="28.529699994251132" lon="-16.25190800987184">
        <ele>602.89999999999998</ele>
      </trkpt>
      <trkpt lat="28.529692031443119" lon="-16.251909015700221">
        <ele>602.70000000000005</ele>
      </trkpt>
      <trkpt lat="28.529680967330933" lon="-16.251911027356982">
        <ele>602.39999999999998</ele>
      </trkpt>
      <trkpt lat="28.529669987037778" lon="-16.251905998215079">
        <ele>602</ele>
      </trkpt>
      <trkpt lat="28.529659006744623" lon="-16.25190800987184">
        <ele>601.89999999999998</ele>
      </trkpt>
      <trkpt lat="28.529649032279849" lon="-16.251910021528602">
        <ele>601.70000000000005</ele>
      </trkpt>
      <trkpt lat="28.529647020623088" lon="-16.251916978508234">
        <ele>601.60000000000002</ele>
      </trkpt>
      <trkpt lat="28.529645008966327" lon="-16.25192703679204">
        <ele>601.39999999999998</ele>
      </trkpt>
      <trkpt lat="28.529644003137946" lon="-16.251941034570336">
        <ele>601</ele>
      </trkpt>
      <trkpt lat="28.529646014794707" lon="-16.251954026520252">
        <ele>600.79999999999995</ele>
      </trkpt>
      <trkpt lat="28.529646014794707" lon="-16.251960983499885">
        <ele>600.60000000000002</ele>
      </trkpt>
      <trkpt lat="28.529638973996043" lon="-16.251964000985026">
        <ele>599.79999999999995</ele>
      </trkpt>
      <trkpt lat="28.529633022844791" lon="-16.251965006813407">
        <ele>599.20000000000005</ele>
      </trkpt>
      <trkpt lat="28.529627993702888" lon="-16.251952014863491">
        <ele>598.89999999999998</ele>
      </trkpt>
      <trkpt lat="28.529624976217747" lon="-16.251938017085195">
        <ele>598.79999999999995</ele>
      </trkpt>
      <trkpt lat="28.529620030894876" lon="-16.251925025135279">
        <ele>598.70000000000005</ele>
      </trkpt>
      <trkpt lat="28.529616007581353" lon="-16.251912033185363">
        <ele>599.10000000000002</ele>
      </trkpt>
      <trkpt lat="28.529616007581353" lon="-16.251902980729938">
        <ele>599.10000000000002</ele>
      </trkpt>
      <trkpt lat="28.529611984267831" lon="-16.251883031800389">
        <ele>598.20000000000005</ele>
      </trkpt>
      <trkpt lat="28.529611984267831" lon="-16.251860987395048">
        <ele>597.5</ele>
      </trkpt>
      <trkpt lat="28.529613995924592" lon="-16.251844977959991">
        <ele>597.10000000000002</ele>
      </trkpt>
      <trkpt lat="28.529615001752973" lon="-16.251840032637119">
        <ele>597</ele>
      </trkpt>
      <trkpt lat="28.529623970389366" lon="-16.251832991838455">
        <ele>596.70000000000005</ele>
      </trkpt>
      <trkpt lat="28.529636962339282" lon="-16.251829974353313">
        <ele>597</ele>
      </trkpt>
      <trkpt lat="28.529645008966327" lon="-16.251827962696552">
        <ele>597.10000000000002</ele>
      </trkpt>
      <trkpt lat="28.529655989259481" lon="-16.251826034858823">
        <ele>596.60000000000002</ele>
      </trkpt>
      <trkpt lat="28.529665041714907" lon="-16.251823017373681">
        <ele>596.20000000000005</ele>
      </trkpt>
      <trkpt lat="28.529679039493203" lon="-16.251823017373681">
        <ele>596.5</ele>
      </trkpt>
      <trkpt lat="28.529692031443119" lon="-16.2518220115453">
        <ele>596.10000000000002</ele>
      </trkpt>
      <trkpt lat="28.529705023393035" lon="-16.2518220115453">
        <ele>596</ele>
      </trkpt>
      <trkpt lat="28.529722038656473" lon="-16.251816982403398">
        <ele>596.20000000000005</ele>
      </trkpt>
      <trkpt lat="28.529732013121247" lon="-16.251814970746636">
        <ele>596.70000000000005</ele>
      </trkpt>
      <trkpt lat="28.529741987586021" lon="-16.251792004331946">
        <ele>594.10000000000002</ele>
      </trkpt>
      <trkpt lat="28.529746010899544" lon="-16.251783035695553">
        <ele>593.29999999999995</ele>
      </trkpt>
      <trkpt lat="28.529742993414402" lon="-16.251774989068508">
        <ele>592.70000000000005</ele>
      </trkpt>
      <trkpt lat="28.52973997592926" lon="-16.251767026260495">
        <ele>592.10000000000002</ele>
      </trkpt>
      <trkpt lat="28.529728995636106" lon="-16.251764008775353">
        <ele>591.70000000000005</ele>
      </trkpt>
      <trkpt lat="28.529720026999712" lon="-16.251764008775353">
        <ele>591.5</ele>
      </trkpt>
      <trkpt lat="28.529699994251132" lon="-16.251766020432115">
        <ele>591.20000000000005</ele>
      </trkpt>
      <trkpt lat="28.529687002301216" lon="-16.251766020432115">
        <ele>590.5</ele>
      </trkpt>
      <trkpt lat="28.529678033664823" lon="-16.251769037917256">
        <ele>590.39999999999998</ele>
      </trkpt>
      <trkpt lat="28.529667975381017" lon="-16.251765014603734">
        <ele>589.70000000000005</ele>
      </trkpt>
      <trkpt lat="28.529661018401384" lon="-16.251760991290212">
        <ele>589.5</ele>
      </trkpt>
      <trkpt lat="28.529651965945959" lon="-16.251760991290212">
        <ele>589.20000000000005</ele>
      </trkpt>
      <trkpt lat="28.529644003137946" lon="-16.251756967976689">
        <ele>588.79999999999995</ele>
      </trkpt>
      <trkpt lat="28.529636040329933" lon="-16.251750010997057">
        <ele>588.39999999999998</ele>
      </trkpt>
      <trkpt lat="28.529624976217747" lon="-16.251750010997057">
        <ele>588.20000000000005</ele>
      </trkpt>
      <trkpt lat="28.529611984267831" lon="-16.251746993511915">
        <ele>587.39999999999998</ele>
      </trkpt>
      <trkpt lat="28.529599998146296" lon="-16.251747999340296">
        <ele>587.10000000000002</ele>
      </trkpt>
      <trkpt lat="28.529584994539618" lon="-16.251745987683535">
        <ele>586.60000000000002</ele>
      </trkpt>
      <trkpt lat="28.529576025903225" lon="-16.251740036532283">
        <ele>586</ele>
      </trkpt>
      <trkpt lat="28.529563033953309" lon="-16.251740958541632">
        <ele>585.70000000000005</ele>
      </trkpt>
      <trkpt lat="28.529554987326264" lon="-16.251740036532283">
        <ele>585.29999999999995</ele>
      </trkpt>
      <trkpt lat="28.529543001204729" lon="-16.251742970198393">
        <ele>585.60000000000002</ele>
      </trkpt>
      <trkpt lat="28.529532020911574" lon="-16.251742970198393">
        <ele>585.70000000000005</ele>
      </trkpt>
      <trkpt lat="28.529518023133278" lon="-16.251741964370012">
        <ele>585.5</ele>
      </trkpt>
      <trkpt lat="28.529505031183362" lon="-16.251743976026773">
        <ele>585.39999999999998</ele>
      </trkpt>
      <trkpt lat="28.529496984556317" lon="-16.251744981855154">
        <ele>585.20000000000005</ele>
      </trkpt>
      <trkpt lat="28.529491033405066" lon="-16.25175504013896">
        <ele>585</ele>
      </trkpt>
      <trkpt lat="28.52948198094964" lon="-16.251761997118592">
        <ele>584.79999999999995</ele>
      </trkpt>
      <trkpt lat="28.529475023970008" lon="-16.251770965754986">
        <ele>584.60000000000002</ele>
      </trkpt>
      <trkpt lat="28.529469994828105" lon="-16.25177901238203">
        <ele>584.5</ele>
      </trkpt>
      <trkpt lat="28.529461026191711" lon="-16.251793010160327">
        <ele>584.20000000000005</ele>
      </trkpt>
      <trkpt lat="28.52945800870657" lon="-16.25179803930223">
        <ele>584</ele>
      </trkpt>
      <trkpt lat="28.529450967907906" lon="-16.251808013767004">
        <ele>584</ele>
      </trkpt>
      <trkpt lat="28.529446022585034" lon="-16.251817988231778">
        <ele>583.70000000000005</ele>
      </trkpt>
      <trkpt lat="28.529440993443131" lon="-16.251827962696552">
        <ele>583.29999999999995</ele>
      </trkpt>
      <trkpt lat="28.529434958472848" lon="-16.251836009323597">
        <ele>583</ele>
      </trkpt>
      <trkpt lat="28.529428001493216" lon="-16.251852018758655">
        <ele>582.39999999999998</ele>
      </trkpt>
      <trkpt lat="28.529425989836454" lon="-16.251867022365332">
        <ele>581.89999999999998</ele>
      </trkpt>
      <trkpt lat="28.529424984008074" lon="-16.251875991001725">
        <ele>581.60000000000002</ele>
      </trkpt>
      <trkpt lat="28.529426995664835" lon="-16.251895017921925">
        <ele>581.29999999999995</ele>
      </trkpt>
      <trkpt lat="28.529429007321596" lon="-16.251909015700221">
        <ele>581.29999999999995</ele>
      </trkpt>
      <trkpt lat="28.529429007321596" lon="-16.251923013478518">
        <ele>581.20000000000005</ele>
      </trkpt>
      <trkpt lat="28.529423978179693" lon="-16.25193097628653">
        <ele>580.60000000000002</ele>
      </trkpt>
      <trkpt lat="28.52941601537168" lon="-16.25192703679204">
        <ele>580.10000000000002</ele>
      </trkpt>
      <trkpt lat="28.529409980401397" lon="-16.251919995993376">
        <ele>579.79999999999995</ele>
      </trkpt>
      <trkpt lat="28.529405035078526" lon="-16.251903986558318">
        <ele>579.79999999999995</ele>
      </trkpt>
      <trkpt lat="28.529400005936623" lon="-16.251881020143628">
        <ele>579.5</ele>
      </trkpt>
      <trkpt lat="28.52939497679472" lon="-16.25186400488019">
        <ele>579.20000000000005</ele>
      </trkpt>
      <trkpt lat="28.529391037300229" lon="-16.251852018758655">
        <ele>578.39999999999998</ele>
      </trkpt>
      <trkpt lat="28.529387013986707" lon="-16.251835003495216">
        <ele>577.60000000000002</ele>
      </trkpt>
      <trkpt lat="28.529385002329946" lon="-16.251814970746636">
        <ele>577.39999999999998</ele>
      </trkpt>
      <trkpt lat="28.529379973188043" lon="-16.251796027645469">
        <ele>577.10000000000002</ele>
      </trkpt>
      <trkpt lat="28.529378967359662" lon="-16.251775994896889">
        <ele>576.79999999999995</ele>
      </trkpt>
      <trkpt lat="28.529377961531281" lon="-16.251758979633451">
        <ele>576.5</ele>
      </trkpt>
      <trkpt lat="28.529377961531281" lon="-16.251739030703902">
        <ele>576</ele>
      </trkpt>
      <trkpt lat="28.529377039521933" lon="-16.251721009612083">
        <ele>575.10000000000002</ele>
      </trkpt>
      <trkpt lat="28.529377961531281" lon="-16.251697959378362">
        <ele>574.29999999999995</ele>
      </trkpt>
      <trkpt lat="28.529379973188043" lon="-16.251684967428446">
        <ele>574</ele>
      </trkpt>
      <trkpt lat="28.529383996501565" lon="-16.25166904181242">
        <ele>573.70000000000005</ele>
      </trkpt>
      <trkpt lat="28.529389025643468" lon="-16.251654960215092">
        <ele>573.20000000000005</ele>
      </trkpt>
      <trkpt lat="28.529388019815087" lon="-16.251638028770685">
        <ele>572.70000000000005</ele>
      </trkpt>
      <trkpt lat="28.529377961531281" lon="-16.251640040427446">
        <ele>572.70000000000005</ele>
      </trkpt>
      <trkpt lat="28.529359018430114" lon="-16.251652026548982">
        <ele>571.89999999999998</ele>
      </trkpt>
      <trkpt lat="28.52935298345983" lon="-16.251653032377362">
        <ele>571.60000000000002</ele>
      </trkpt>
      <trkpt lat="28.529344014823437" lon="-16.251654960215092">
        <ele>571.20000000000005</ele>
      </trkpt>
      <trkpt lat="28.529335968196392" lon="-16.251662001013756">
        <ele>570.89999999999998</ele>
      </trkpt>
      <trkpt lat="28.529321970418096" lon="-16.251674992963672">
        <ele>569.5</ele>
      </trkpt>
      <trkpt lat="28.529310990124941" lon="-16.251687984913588">
        <ele>569</ele>
      </trkpt>
      <trkpt lat="28.529306966811419" lon="-16.251688990741968">
        <ele>569</ele>
      </trkpt>
      <trkpt lat="28.529314007610083" lon="-16.251622019335628">
        <ele>567.79999999999995</ele>
      </trkpt>
      <trkpt lat="28.529315013438463" lon="-16.251591006293893">
        <ele>566.79999999999995</ele>
      </trkpt>
      <trkpt lat="28.529319958761334" lon="-16.251566028222442">
        <ele>566.10000000000002</ele>
      </trkpt>
      <trkpt lat="28.529323982074857" lon="-16.251551024615765">
        <ele>565.60000000000002</ele>
      </trkpt>
      <trkpt lat="28.529307972639799" lon="-16.251557981595397">
        <ele>565.79999999999995</ele>
      </trkpt>
      <trkpt lat="28.529290035367012" lon="-16.251571979373693">
        <ele>565.5</ele>
      </trkpt>
      <trkpt lat="28.529279977083206" lon="-16.251576002687216">
        <ele>565.5</ele>
      </trkpt>
      <trkpt lat="28.529264973476529" lon="-16.251577008515596">
        <ele>565.10000000000002</ele>
      </trkpt>
      <trkpt lat="28.529258016496897" lon="-16.251571979373693">
        <ele>564.89999999999998</ele>
      </trkpt>
      <trkpt lat="28.529247958213091" lon="-16.251567034050822">
        <ele>565</ele>
      </trkpt>
      <trkpt lat="28.529242007061839" lon="-16.251557981595397">
        <ele>565.10000000000002</ele>
      </trkpt>
      <trkpt lat="28.52924301289022" lon="-16.251548007130623">
        <ele>564.60000000000002</ele>
      </trkpt>
      <trkpt lat="28.529239995405078" lon="-16.251540966331959">
        <ele>564.39999999999998</ele>
      </trkpt>
      <trkpt lat="28.529233960434794" lon="-16.251530991867185">
        <ele>564.20000000000005</ele>
      </trkpt>
      <trkpt lat="28.529233038425446" lon="-16.251512970775366">
        <ele>563</ele>
      </trkpt>
      <trkpt lat="28.529229015111923" lon="-16.251495033502579">
        <ele>561.20000000000005</ele>
      </trkpt>
      <trkpt lat="28.529230020940304" lon="-16.251459997147322">
        <ele>559</ele>
      </trkpt>
      <trkpt lat="28.529216023162007" lon="-16.251432001590729">
        <ele>560.29999999999995</ele>
      </trkpt>
      <trkpt lat="28.529214011505246" lon="-16.251416997984052">
        <ele>560.60000000000002</ele>
      </trkpt>
      <trkpt lat="28.529210994020104" lon="-16.251387996599078">
        <ele>561.89999999999998</ele>
      </trkpt>
      <trkpt lat="28.529208982363343" lon="-16.25137098133564">
        <ele>562.89999999999998</ele>
      </trkpt>
      <trkpt lat="28.529210994020104" lon="-16.251353966072202">
        <ele>564.20000000000005</ele>
      </trkpt>
      <trkpt lat="28.529217028990388" lon="-16.251338962465525">
        <ele>563.29999999999995</ele>
      </trkpt>
      <trkpt lat="28.529219962656498" lon="-16.251329993829131">
        <ele>562.89999999999998</ele>
      </trkpt>
      <trkpt lat="28.529229015111923" lon="-16.251324964687228">
        <ele>562.60000000000002</ele>
      </trkpt>
      <trkpt lat="28.529235972091556" lon="-16.251314990222454">
        <ele>562.10000000000002</ele>
      </trkpt>
      <trkpt lat="28.529239995405078" lon="-16.251300992444158">
        <ele>561.5</ele>
      </trkpt>
      <trkpt lat="28.529245024546981" lon="-16.251283977180719">
        <ele>560.39999999999998</ele>
      </trkpt>
      <trkpt lat="28.529248964041471" lon="-16.251260004937649">
        <ele>560.89999999999998</ele>
      </trkpt>
      <trkpt lat="28.529253993183374" lon="-16.251240978017449">
        <ele>561.89999999999998</ele>
      </trkpt>
      <trkpt lat="28.529257010668516" lon="-16.251220023259521">
        <ele>562.5</ele>
      </trkpt>
      <trkpt lat="28.529260028153658" lon="-16.25119898468256">
        <ele>563.70000000000005</ele>
      </trkpt>
      <trkpt lat="28.529262961819768" lon="-16.251179035753012">
        <ele>564.70000000000005</ele>
      </trkpt>
      <trkpt lat="28.529268996790051" lon="-16.25115598551929">
        <ele>565.29999999999995</ele>
      </trkpt>
      <trkpt lat="28.529273020103574" lon="-16.251138970255852">
        <ele>565.39999999999998</ele>
      </trkpt>
      <trkpt lat="28.529276037588716" lon="-16.251122038811445">
        <ele>565.29999999999995</ele>
      </trkpt>
      <trkpt lat="28.529280982911587" lon="-16.251104017719626">
        <ele>565.10000000000002</ele>
      </trkpt>
      <trkpt lat="28.529284000396729" lon="-16.251089014112949">
        <ele>565.20000000000005</ele>
      </trkpt>
      <trkpt lat="28.529285006225109" lon="-16.251081973314285">
        <ele>565.29999999999995</ele>
      </trkpt>
      <trkpt lat="28.52928601205349" lon="-16.251074010506272">
        <ele>565.29999999999995</ele>
      </trkpt>
      <trkpt lat="28.529290035367012" lon="-16.251061018556356">
        <ele>565.10000000000002</ele>
      </trkpt>
      <trkpt lat="28.529293974861503" lon="-16.251053977757692">
        <ele>564.79999999999995</ele>
      </trkpt>
      <trkpt lat="28.529296992346644" lon="-16.251049032434821">
        <ele>564.60000000000002</ele>
      </trkpt>
      <trkpt lat="28.529300009831786" lon="-16.251038974151015">
        <ele>564.39999999999998</ele>
      </trkpt>
      <trkpt lat="28.529303027316928" lon="-16.251032017171383">
        <ele>564.10000000000002</ele>
      </trkpt>
      <trkpt lat="28.529301015660167" lon="-16.251019025221467">
        <ele>563.70000000000005</ele>
      </trkpt>
      <trkpt lat="28.529296992346644" lon="-16.251007961109281">
        <ele>563.39999999999998</ele>
      </trkpt>
      <trkpt lat="28.529291041195393" lon="-16.250997986644506">
        <ele>563</ele>
      </trkpt>
      <trkpt lat="28.529276037588716" lon="-16.250992035493255">
        <ele>562.79999999999995</ele>
      </trkpt>
      <trkpt lat="28.529253993183374" lon="-16.250988012179732">
        <ele>562.70000000000005</ele>
      </trkpt>
      <trkpt lat="28.5292440187186" lon="-16.250988012179732">
        <ele>562.70000000000005</ele>
      </trkpt>
      <trkpt lat="28.529231026768684" lon="-16.250987006351352">
        <ele>562.60000000000002</ele>
      </trkpt>
      <trkpt lat="28.529215017333627" lon="-16.250987006351352">
        <ele>562.5</ele>
      </trkpt>
      <trkpt lat="28.529196996241808" lon="-16.25098398886621">
        <ele>561.79999999999995</ele>
      </trkpt>
      <trkpt lat="28.52918098680675" lon="-16.250979965552688">
        <ele>561.20000000000005</ele>
      </trkpt>
      <trkpt lat="28.529164977371693" lon="-16.250977031886578">
        <ele>560.89999999999998</ele>
      </trkpt>
      <trkpt lat="28.529148967936635" lon="-16.250974014401436">
        <ele>560.60000000000002</ele>
      </trkpt>
      <trkpt lat="28.529133964329958" lon="-16.250969991087914">
        <ele>560.79999999999995</ele>
      </trkpt>
      <trkpt lat="28.529120972380042" lon="-16.250964961946011">
        <ele>560.70000000000005</ele>
      </trkpt>
      <trkpt lat="28.529110997915268" lon="-16.250960016623139">
        <ele>560.20000000000005</ele>
      </trkpt>
      <trkpt lat="28.529101023450494" lon="-16.250955993309617">
        <ele>560.10000000000002</ele>
      </trkpt>
      <trkpt lat="28.529092976823449" lon="-16.250949958339334">
        <ele>560.10000000000002</ele>
      </trkpt>
      <trkpt lat="28.529088031500578" lon="-16.250946018844843">
        <ele>560.20000000000005</ele>
      </trkpt>
      <trkpt lat="28.529077973216772" lon="-16.250905031338334">
        <ele>557.60000000000002</ele>
      </trkpt>
      <trkpt lat="28.529035979881883" lon="-16.250866977497935">
        <ele>557.70000000000005</ele>
      </trkpt>
      <trkpt lat="28.529015025123954" lon="-16.250847028568387">
        <ele>557.5</ele>
      </trkpt>
      <trkpt lat="28.528997004032135" lon="-16.250830013304949">
        <ele>557.60000000000002</ele>
      </trkpt>
      <trkpt lat="28.528979988768697" lon="-16.250818027183414">
        <ele>557.79999999999995</ele>
      </trkpt>
      <trkpt lat="28.528962973505259" lon="-16.250806041061878">
        <ele>557.89999999999998</ele>
      </trkpt>
      <trkpt lat="28.528951993212104" lon="-16.250794976949692">
        <ele>557.20000000000005</ele>
      </trkpt>
      <trkpt lat="28.528944030404091" lon="-16.250783996656537">
        <ele>557.20000000000005</ele>
      </trkpt>
      <trkpt lat="28.528937995433807" lon="-16.250774022191763">
        <ele>557.39999999999998</ele>
      </trkpt>
      <trkpt lat="28.528928020969033" lon="-16.250760024413466">
        <ele>556.60000000000002</ele>
      </trkpt>
      <trkpt lat="28.52892198599875" lon="-16.250748038291931">
        <ele>556.39999999999998</ele>
      </trkpt>
      <trkpt lat="28.528919974341989" lon="-16.250734962522984">
        <ele>556.39999999999998</ele>
      </trkpt>
      <trkpt lat="28.528917040675879" lon="-16.250719036906958">
        <ele>555.60000000000002</ele>
      </trkpt>
      <trkpt lat="28.528907988220453" lon="-16.250699004158378">
        <ele>555.39999999999998</ele>
      </trkpt>
      <trkpt lat="28.528903964906931" lon="-16.250688023865223">
        <ele>555.20000000000005</ele>
      </trkpt>
      <trkpt lat="28.52889901958406" lon="-16.250675031915307">
        <ele>555.39999999999998</ele>
      </trkpt>
      <trkpt lat="28.528898013755679" lon="-16.250663967803121">
        <ele>554.79999999999995</ele>
      </trkpt>
      <trkpt lat="28.528897007927299" lon="-16.250656004995108">
        <ele>554.29999999999995</ele>
      </trkpt>
      <trkpt lat="28.528889967128634" lon="-16.250642007216811">
        <ele>553.70000000000005</ele>
      </trkpt>
      <trkpt lat="28.528887033462524" lon="-16.250632032752037">
        <ele>553.5</ele>
      </trkpt>
      <trkpt lat="28.528883010149002" lon="-16.250619040802121">
        <ele>553.39999999999998</ele>
      </trkpt>
      <trkpt lat="28.528875969350338" lon="-16.250605965033174">
        <ele>553.20000000000005</ele>
      </trkpt>
      <trkpt lat="28.528872029855847" lon="-16.250592973083258">
        <ele>552.89999999999998</ele>
      </trkpt>
      <trkpt lat="28.528871024027467" lon="-16.250585010275245">
        <ele>552.60000000000002</ele>
      </trkpt>
      <trkpt lat="28.528870018199086" lon="-16.250575035810471">
        <ele>552.10000000000002</ele>
      </trkpt>
      <trkpt lat="28.528869012370706" lon="-16.250566989183426">
        <ele>551.70000000000005</ele>
      </trkpt>
      <trkpt lat="28.528868006542325" lon="-16.25055399723351">
        <ele>551</ele>
      </trkpt>
      <trkpt lat="28.528865994885564" lon="-16.250537987798452">
        <ele>550.89999999999998</ele>
      </trkpt>
      <trkpt lat="28.528865994885564" lon="-16.250535976141691">
        <ele>550.89999999999998</ele>
      </trkpt>
      <trkpt lat="28.528864989057183" lon="-16.250523990020156">
        <ele>550.89999999999998</ele>
      </trkpt>
      <trkpt lat="28.528863983228803" lon="-16.250509992241859">
        <ele>550.5</ele>
      </trkpt>
      <trkpt lat="28.528854008764029" lon="-16.250491971150041">
        <ele>550.70000000000005</ele>
      </trkpt>
      <trkpt lat="28.528844034299254" lon="-16.250473028048873">
        <ele>550.70000000000005</ele>
      </trkpt>
      <trkpt lat="28.528833976015449" lon="-16.250452995300293">
        <ele>550.5</ele>
      </trkpt>
      <trkpt lat="28.5288140270859" lon="-16.250432040542364">
        <ele>552</ele>
      </trkpt>
      <trkpt lat="28.52879298850894" lon="-16.250406978651881">
        <ele>553.70000000000005</ele>
      </trkpt>
      <trkpt lat="28.528776979073882" lon="-16.250387029722333">
        <ele>554.39999999999998</ele>
      </trkpt>
      <trkpt lat="28.528765998780727" lon="-16.250369008630514">
        <ele>554.89999999999998</ele>
      </trkpt>
      <trkpt lat="28.528759041801095" lon="-16.250358028337359">
        <ele>555.10000000000002</ele>
      </trkpt>
      <trkpt lat="28.528753006830812" lon="-16.250345958396792">
        <ele>555.70000000000005</ele>
      </trkpt>
      <trkpt lat="28.528748983517289" lon="-16.250332966446877">
        <ele>555</ele>
      </trkpt>
      <trkpt lat="28.528747977688909" lon="-16.250322991982102">
        <ele>554.5</ele>
      </trkpt>
      <trkpt lat="28.528745966032147" lon="-16.250311005860567">
        <ele>554.79999999999995</ele>
      </trkpt>
      <trkpt lat="28.528744038194418" lon="-16.250294996425509">
        <ele>554.89999999999998</ele>
      </trkpt>
      <trkpt lat="28.528744038194418" lon="-16.250292984768748">
        <ele>554.79999999999995</ele>
      </trkpt>
      <trkpt lat="28.528742026537657" lon="-16.250277981162071">
        <ele>554.79999999999995</ele>
      </trkpt>
      <trkpt lat="28.528742026537657" lon="-16.250270018354058">
        <ele>554.70000000000005</ele>
      </trkpt>
      <trkpt lat="28.528740014880896" lon="-16.250251997262239">
        <ele>554.70000000000005</ele>
      </trkpt>
      <trkpt lat="28.528736997395754" lon="-16.250242022797465">
        <ele>554.79999999999995</ele>
      </trkpt>
      <trkpt lat="28.528730040416121" lon="-16.250227019190788">
        <ele>554.29999999999995</ele>
      </trkpt>
      <trkpt lat="28.52872702293098" lon="-16.250219978392124">
        <ele>554.20000000000005</ele>
      </trkpt>
      <trkpt lat="28.528720987960696" lon="-16.250206986442208">
        <ele>553.89999999999998</ele>
      </trkpt>
      <trkpt lat="28.528716964647174" lon="-16.250200029462576">
        <ele>553.79999999999995</ele>
      </trkpt>
      <trkpt lat="28.528713025152683" lon="-16.250195000320673">
        <ele>553.70000000000005</ele>
      </trkpt>
      <trkpt lat="28.528711013495922" lon="-16.250187959522009">
        <ele>553.60000000000002</ele>
      </trkpt>
      <trkpt lat="28.528635995462537" lon="-16.250172033905983">
        <ele>553.20000000000005</ele>
      </trkpt>
      <trkpt lat="28.528617974370718" lon="-16.250171028077602">
        <ele>553</ele>
      </trkpt>
      <trkpt lat="28.528594002127647" lon="-16.250170022249222">
        <ele>553.20000000000005</ele>
      </trkpt>
      <trkpt lat="28.528583021834493" lon="-16.250172033905983">
        <ele>553.29999999999995</ele>
      </trkpt>
      <trkpt lat="28.528574975207448" lon="-16.250173961743712">
        <ele>553.39999999999998</ele>
      </trkpt>
      <trkpt lat="28.528557037934661" lon="-16.250179996713996">
        <ele>553.39999999999998</ele>
      </trkpt>
      <trkpt lat="28.528546979650855" lon="-16.250183014199138">
        <ele>553.5</ele>
      </trkpt>
      <trkpt lat="28.528538011014462" lon="-16.250185025855899">
        <ele>553.5</ele>
      </trkpt>
      <trkpt lat="28.528520995751023" lon="-16.250190977007151">
        <ele>552.60000000000002</ele>
      </trkpt>
      <trkpt lat="28.528511021286249" lon="-16.250199023634195">
        <ele>552.39999999999998</ele>
      </trkpt>
      <trkpt lat="28.528502974659204" lon="-16.250205980613828">
        <ele>552.70000000000005</ele>
      </trkpt>
      <trkpt lat="28.528496017679572" lon="-16.250214027240872">
        <ele>552.60000000000002</ele>
      </trkpt>
      <trkpt lat="28.52842602878809" lon="-16.250268006697297">
        <ele>550.70000000000005</ele>
      </trkpt>
      <trkpt lat="28.52834396995604" lon="-16.250315029174089">
        <ele>548</ele>
      </trkpt>
      <trkpt lat="28.528289990499616" lon="-16.250317040830851">
        <ele>546.39999999999998</ele>
      </trkpt>
      <trkpt lat="28.528241040185094" lon="-16.250284016132355">
        <ele>544.79999999999995</ele>
      </trkpt>
      <trkpt lat="28.528151018545032" lon="-16.250234981998801">
        <ele>543.20000000000005</ele>
      </trkpt>
      <trkpt lat="28.528073988854885" lon="-16.250204974785447">
        <ele>541.60000000000002</ele>
      </trkpt>
      <trkpt lat="28.52806300856173" lon="-16.250199023634195">
        <ele>541.39999999999998</ele>
      </trkpt>
      <trkpt lat="28.528043981641531" lon="-16.250196006149054">
        <ele>540.89999999999998</ele>
      </trkpt>
      <trkpt lat="28.528025960549712" lon="-16.25018997117877">
        <ele>540</ele>
      </trkpt>
      <trkpt lat="28.528005005791783" lon="-16.250188965350389">
        <ele>539.60000000000002</ele>
      </trkpt>
      <trkpt lat="28.527993019670248" lon="-16.250187959522009">
        <ele>539.5</ele>
      </trkpt>
      <trkpt lat="28.527978016063571" lon="-16.25018703751266">
        <ele>539.20000000000005</ele>
      </trkpt>
      <trkpt lat="28.527958989143372" lon="-16.250186031684279">
        <ele>539.29999999999995</ele>
      </trkpt>
      <trkpt lat="28.527942979708314" lon="-16.250184020027518">
        <ele>539</ele>
      </trkpt>
      <trkpt lat="28.527929987758398" lon="-16.250183014199138">
        <ele>539.10000000000002</ele>
      </trkpt>
      <trkpt lat="28.527915989980102" lon="-16.250179996713996">
        <ele>539.29999999999995</ele>
      </trkpt>
      <trkpt lat="28.527900986373425" lon="-16.250177985057235">
        <ele>539.20000000000005</ele>
      </trkpt>
      <trkpt lat="28.527889000251889" lon="-16.250176979228854">
        <ele>539.29999999999995</ele>
      </trkpt>
      <trkpt lat="28.527871984988451" lon="-16.250172033905983">
        <ele>538.29999999999995</ele>
      </trkpt>
      <trkpt lat="28.527859998866916" lon="-16.250171028077602">
        <ele>538.29999999999995</ele>
      </trkpt>
      <trkpt lat="28.527844995260239" lon="-16.250169016420841">
        <ele>538.29999999999995</ele>
      </trkpt>
      <trkpt lat="28.527828985825181" lon="-16.250169016420841">
        <ele>538.10000000000002</ele>
      </trkpt>
      <trkpt lat="28.527809958904982" lon="-16.250164993107319">
        <ele>537.70000000000005</ele>
      </trkpt>
      <trkpt lat="28.527793027460575" lon="-16.250161975622177">
        <ele>537.60000000000002</ele>
      </trkpt>
      <trkpt lat="28.527774000540376" lon="-16.250155018642545">
        <ele>537.5</ele>
      </trkpt>
      <trkpt lat="28.527760002762079" lon="-16.250148983672261">
        <ele>537.10000000000002</ele>
      </trkpt>
      <trkpt lat="28.527747010812163" lon="-16.250143032521009">
        <ele>536.89999999999998</ele>
      </trkpt>
      <trkpt lat="28.527737036347389" lon="-16.250139009207487">
        <ele>536.70000000000005</ele>
      </trkpt>
      <trkpt lat="28.527725972235203" lon="-16.250132974237204">
        <ele>536.39999999999998</ele>
      </trkpt>
      <trkpt lat="28.527712980285287" lon="-16.250120988115668">
        <ele>536</ele>
      </trkpt>
      <trkpt lat="28.527706023305655" lon="-16.250113025307655">
        <ele>535.39999999999998</ele>
      </trkpt>
      <trkpt lat="28.527699988335371" lon="-16.250105984508991">
        <ele>534.89999999999998</ele>
      </trkpt>
      <trkpt lat="28.527684984728694" lon="-16.250092992559075">
        <ele>534.60000000000002</ele>
      </trkpt>
      <trkpt lat="28.52767501026392" lon="-16.250086035579443">
        <ele>534.60000000000002</ele>
      </trkpt>
      <trkpt lat="28.527660006657243" lon="-16.250072959810495">
        <ele>534.5</ele>
      </trkpt>
      <trkpt lat="28.52765497751534" lon="-16.250064997002482">
        <ele>534.10000000000002</ele>
      </trkpt>
      <trkpt lat="28.527643997222185" lon="-16.250049993395805">
        <ele>533.60000000000002</ele>
      </trkpt>
      <trkpt lat="28.527636034414172" lon="-16.250035995617509">
        <ele>534.20000000000005</ele>
      </trkpt>
      <trkpt lat="28.527631005272269" lon="-16.250027026981115">
        <ele>534.29999999999995</ele>
      </trkpt>
      <trkpt lat="28.527631005272269" lon="-16.25001797452569">
        <ele>534</ele>
      </trkpt>
      <trkpt lat="28.527627987787127" lon="-16.250003976747394">
        <ele>533.29999999999995</ele>
      </trkpt>
      <trkpt lat="28.527625976130366" lon="-16.249997019767761">
        <ele>533.29999999999995</ele>
      </trkpt>
      <trkpt lat="28.527623964473605" lon="-16.249987967312336">
        <ele>533.20000000000005</ele>
      </trkpt>
      <trkpt lat="28.527617007493973" lon="-16.24997204169631">
        <ele>533.20000000000005</ele>
      </trkpt>
      <trkpt lat="28.527609966695309" lon="-16.249965000897646">
        <ele>533</ele>
      </trkpt>
      <trkpt lat="28.527604015544057" lon="-16.249955026432872">
        <ele>532.70000000000005</ele>
      </trkpt>
      <trkpt lat="28.527599992230535" lon="-16.249945973977447">
        <ele>532.39999999999998</ele>
      </trkpt>
      <trkpt lat="28.527594041079283" lon="-16.249937005341053">
        <ele>532.20000000000005</ele>
      </trkpt>
      <trkpt lat="28.527587000280619" lon="-16.249920995905995">
        <ele>532.20000000000005</ele>
      </trkpt>
      <trkpt lat="28.527583982795477" lon="-16.249912027269602">
        <ele>532.10000000000002</ele>
      </trkpt>
      <trkpt lat="28.527581971138716" lon="-16.249903980642557">
        <ele>531.89999999999998</ele>
      </trkpt>
      <trkpt lat="28.527578031644225" lon="-16.249885959550738">
        <ele>531.20000000000005</ele>
      </trkpt>
      <trkpt lat="28.527573002502322" lon="-16.249872967600822">
        <ele>530.89999999999998</ele>
      </trkpt>
      <trkpt lat="28.527566967532039" lon="-16.249857963994145">
        <ele>530.60000000000002</ele>
      </trkpt>
      <trkpt lat="28.527563028037548" lon="-16.249843966215849">
        <ele>530.5</ele>
      </trkpt>
      <trkpt lat="28.527562022209167" lon="-16.249837009236217">
        <ele>530.29999999999995</ele>
      </trkpt>
      <trkpt lat="28.527557998895645" lon="-16.249829968437552">
        <ele>530.10000000000002</ele>
      </trkpt>
      <trkpt lat="28.527557998895645" lon="-16.249813959002495">
        <ele>529.5</ele>
      </trkpt>
      <trkpt lat="28.527552969753742" lon="-16.24980297870934">
        <ele>529.29999999999995</ele>
      </trkpt>
      <trkpt lat="28.527550958096981" lon="-16.249791998416185">
        <ele>529.10000000000002</ele>
      </trkpt>
      <trkpt lat="28.527549030259252" lon="-16.249786969274282">
        <ele>529</ele>
      </trkpt>
      <trkpt lat="28.527540983632207" lon="-16.249774983152747">
        <ele>529</ele>
      </trkpt>
      <trkpt lat="28.527534026652575" lon="-16.249766014516354">
        <ele>529.10000000000002</ele>
      </trkpt>
      <trkpt lat="28.527523968368769" lon="-16.24975897371769">
        <ele>529.10000000000002</ele>
      </trkpt>
      <trkpt lat="28.527520028874278" lon="-16.249752016738057">
        <ele>529.10000000000002</ele>
      </trkpt>
      <trkpt lat="28.527517011389136" lon="-16.249738018959761">
        <ele>528.89999999999998</ele>
      </trkpt>
      <trkpt lat="28.527514999732375" lon="-16.249718992039561">
        <ele>528.20000000000005</ele>
      </trkpt>
      <trkpt lat="28.527512988075614" lon="-16.249702982604504">
        <ele>527.60000000000002</ele>
      </trkpt>
      <trkpt lat="28.527508964762092" lon="-16.249692002311349">
        <ele>527.20000000000005</ele>
      </trkpt>
      <trkpt lat="28.527505025267601" lon="-16.249680016189814">
        <ele>526.89999999999998</ele>
      </trkpt>
      <trkpt lat="28.527498990297318" lon="-16.24967297539115">
        <ele>526.70000000000005</ele>
      </trkpt>
      <trkpt lat="28.527485998347402" lon="-16.249657971784472">
        <ele>526.39999999999998</ele>
      </trkpt>
      <trkpt lat="28.52748398669064" lon="-16.249652020633221">
        <ele>526.39999999999998</ele>
      </trkpt>
      <trkpt lat="28.527476023882627" lon="-16.249639028683305">
        <ele>526.60000000000002</ele>
      </trkpt>
      <trkpt lat="28.527465965598822" lon="-16.249631987884641">
        <ele>526.10000000000002</ele>
      </trkpt>
      <trkpt lat="28.527458002790809" lon="-16.249624025076628">
        <ele>525.60000000000002</ele>
      </trkpt>
      <trkpt lat="28.527446016669273" lon="-16.249621007591486">
        <ele>525.29999999999995</ele>
      </trkpt>
      <trkpt lat="28.527444005012512" lon="-16.249610027298331">
        <ele>525.20000000000005</ele>
      </trkpt>
      <trkpt lat="28.527441993355751" lon="-16.249599969014525">
        <ele>525</ele>
      </trkpt>
      <trkpt lat="28.527441993355751" lon="-16.249592006206512">
        <ele>524.79999999999995</ele>
      </trkpt>
      <trkpt lat="28.527432018890977" lon="-16.249584965407848">
        <ele>523.79999999999995</ele>
      </trkpt>
      <trkpt lat="28.527425983920693" lon="-16.249582031741738">
        <ele>523.5</ele>
      </trkpt>
      <trkpt lat="28.527416009455919" lon="-16.249584965407848">
        <ele>523.39999999999998</ele>
      </trkpt>
      <trkpt lat="28.527402011677623" lon="-16.249592006206512">
        <ele>523</ele>
      </trkpt>
      <trkpt lat="28.527393965050578" lon="-16.249599969014525">
        <ele>522.89999999999998</ele>
      </trkpt>
      <trkpt lat="28.527386002242565" lon="-16.249604998156428">
        <ele>522.60000000000002</ele>
      </trkpt>
      <trkpt lat="28.527376027777791" lon="-16.249611033126712">
        <ele>521.79999999999995</ele>
      </trkpt>
      <trkpt lat="28.52737401612103" lon="-16.249612038955092">
        <ele>521.60000000000002</ele>
      </trkpt>
      <trkpt lat="28.52735498920083" lon="-16.249569039791822">
        <ele>520.89999999999998</ele>
      </trkpt>
      <trkpt lat="28.527355995029211" lon="-16.249554036185145">
        <ele>520.39999999999998</ele>
      </trkpt>
      <trkpt lat="28.52735398337245" lon="-16.249540038406849">
        <ele>520.29999999999995</ele>
      </trkpt>
      <trkpt lat="28.527348032221198" lon="-16.249526040628552">
        <ele>519.89999999999998</ele>
      </trkpt>
      <trkpt lat="28.527330011129379" lon="-16.24954397790134">
        <ele>519</ele>
      </trkpt>
      <trkpt lat="28.527320958673954" lon="-16.249567028135061">
        <ele>518.89999999999998</ele>
      </trkpt>
      <trkpt lat="28.527304027229548" lon="-16.249584965407848">
        <ele>518.10000000000002</ele>
      </trkpt>
      <trkpt lat="28.52728902362287" lon="-16.249591000378132">
        <ele>517.20000000000005</ele>
      </trkpt>
      <trkpt lat="28.527286006137729" lon="-16.249573985114694">
        <ele>516.60000000000002</ele>
      </trkpt>
      <trkpt lat="28.527280976995826" lon="-16.249548001214862">
        <ele>516.29999999999995</ele>
      </trkpt>
      <trkpt lat="28.527277959510684" lon="-16.249530985951424">
        <ele>516.29999999999995</ele>
      </trkpt>
      <trkpt lat="28.527277959510684" lon="-16.24952101148665">
        <ele>516.20000000000005</ele>
      </trkpt>
      <trkpt lat="28.527276031672955" lon="-16.24950198456645">
        <ele>516</ele>
      </trkpt>
      <trkpt lat="28.52728902362287" lon="-16.249488992616534">
        <ele>516.89999999999998</ele>
      </trkpt>
      <trkpt lat="28.527294974774122" lon="-16.249474994838238">
        <ele>516.60000000000002</ele>
      </trkpt>
      <trkpt lat="28.527297992259264" lon="-16.249464014545083">
        <ele>516.10000000000002</ele>
      </trkpt>
      <trkpt lat="28.527296986430883" lon="-16.249449010938406">
        <ele>514.79999999999995</ele>
      </trkpt>
      <trkpt lat="28.527295980602503" lon="-16.249439036473632">
        <ele>514.5</ele>
      </trkpt>
      <trkpt lat="28.527292963117361" lon="-16.249431995674968">
        <ele>514.20000000000005</ele>
      </trkpt>
      <trkpt lat="28.527287011966109" lon="-16.249430989846587">
        <ele>513.79999999999995</ele>
      </trkpt>
      <trkpt lat="28.527269996702671" lon="-16.249434007331729">
        <ele>513.39999999999998</ele>
      </trkpt>
      <trkpt lat="28.527258010581136" lon="-16.249437024816871">
        <ele>513.10000000000002</ele>
      </trkpt>
      <trkpt lat="28.527249963954091" lon="-16.249439958482981">
        <ele>512.60000000000002</ele>
      </trkpt>
      <trkpt lat="28.527242001146078" lon="-16.249442975968122">
        <ele>512.20000000000005</ele>
      </trkpt>
      <trkpt lat="28.527230015024543" lon="-16.249448005110025">
        <ele>511.80000000000001</ele>
      </trkpt>
      <trkpt lat="28.527217023074627" lon="-16.249456973746419">
        <ele>511.60000000000002</ele>
      </trkpt>
      <trkpt lat="28.527209982275963" lon="-16.249465020373464">
        <ele>511.19999999999999</ele>
      </trkpt>
      <trkpt lat="28.527200007811189" lon="-16.249481029808521">
        <ele>510.89999999999998</ele>
      </trkpt>
      <trkpt lat="28.527189027518034" lon="-16.249489998444915">
        <ele>510</ele>
      </trkpt>
      <trkpt lat="28.52718198671937" lon="-16.249474994838238">
        <ele>509.89999999999998</ele>
      </trkpt>
      <trkpt lat="28.527176035568118" lon="-16.249440964311361">
        <ele>509.19999999999999</ele>
      </trkpt>
      <trkpt lat="28.527172012254596" lon="-16.249411040917039">
        <ele>507.60000000000002</ele>
      </trkpt>
      <trkpt lat="28.527165977284312" lon="-16.249396037310362">
        <ele>507.39999999999998</ele>
      </trkpt>
      <trkpt lat="28.527153991162777" lon="-16.249399976804852">
        <ele>507</ele>
      </trkpt>
      <trkpt lat="28.527144016698003" lon="-16.249409029260278">
        <ele>506.89999999999998</ele>
      </trkpt>
      <trkpt lat="28.527133958414197" lon="-16.24941498041153">
        <ele>506.80000000000001</ele>
      </trkpt>
      <trkpt lat="28.527123983949423" lon="-16.249419003725052">
        <ele>506.30000000000001</ele>
      </trkpt>
      <trkpt lat="28.527114009484649" lon="-16.249421015381813">
        <ele>505.69999999999999</ele>
      </trkpt>
      <trkpt lat="28.527108980342746" lon="-16.249412968754768">
        <ele>505.39999999999998</ele>
      </trkpt>
      <trkpt lat="28.527106968685985" lon="-16.249395031481981">
        <ele>504.69999999999999</ele>
      </trkpt>
      <trkpt lat="28.527114009484649" lon="-16.24937298707664">
        <ele>503.89999999999998</ele>
      </trkpt>
      <trkpt lat="28.52711702696979" lon="-16.249364018440247">
        <ele>503.5</ele>
      </trkpt>
      <trkpt lat="28.527129013091326" lon="-16.249348009005189">
        <ele>502.60000000000002</ele>
      </trkpt>
      <trkpt lat="28.5271389875561" lon="-16.249336022883654">
        <ele>502.39999999999998</ele>
      </trkpt>
      <trkpt lat="28.527147034183145" lon="-16.249324036762118">
        <ele>502.19999999999999</ele>
      </trkpt>
      <trkpt lat="28.527157008647919" lon="-16.249310038983822">
        <ele>502.39999999999998</ele>
      </trkpt>
      <trkpt lat="28.527168994769454" lon="-16.249294029548764">
        <ele>502.69999999999999</ele>
      </trkpt>
      <trkpt lat="28.527178969234228" lon="-16.249281959608197">
        <ele>502.60000000000002</ele>
      </trkpt>
      <trkpt lat="28.527175029739738" lon="-16.249279025942087">
        <ele>502.19999999999999</ele>
      </trkpt>
      <trkpt lat="28.527162037789822" lon="-16.249281959608197">
        <ele>501.89999999999998</ele>
      </trkpt>
      <trkpt lat="28.527150973677635" lon="-16.249284977093339">
        <ele>501.39999999999998</ele>
      </trkpt>
      <trkpt lat="28.527133036404848" lon="-16.249293023720384">
        <ele>500.39999999999998</ele>
      </trkpt>
      <trkpt lat="28.527123983949423" lon="-16.249295035377145">
        <ele>499.89999999999998</ele>
      </trkpt>
      <trkpt lat="28.52711602114141" lon="-16.249299980700016">
        <ele>499.60000000000002</ele>
      </trkpt>
      <trkpt lat="28.527105962857604" lon="-16.249304004013538">
        <ele>499.30000000000001</ele>
      </trkpt>
      <trkpt lat="28.527094982564449" lon="-16.24930702149868">
        <ele>499.10000000000002</ele>
      </trkpt>
      <trkpt lat="28.527081990614533" lon="-16.249310960993171">
        <ele>498.69999999999999</ele>
      </trkpt>
      <trkpt lat="28.527066987007856" lon="-16.249314984306693">
        <ele>498.10000000000002</ele>
      </trkpt>
      <trkpt lat="28.527056006714702" lon="-16.249312972649932">
        <ele>497.5</ele>
      </trkpt>
      <trkpt lat="28.527047038078308" lon="-16.249312972649932">
        <ele>497</ele>
      </trkpt>
      <trkpt lat="28.527037985622883" lon="-16.249308027327061">
        <ele>496.39999999999998</ele>
      </trkpt>
      <trkpt lat="28.527032034471631" lon="-16.249297969043255">
        <ele>495.80000000000001</ele>
      </trkpt>
      <trkpt lat="28.527027005329728" lon="-16.249287994578481">
        <ele>495.69999999999999</ele>
      </trkpt>
      <trkpt lat="28.52703002281487" lon="-16.249273996800184">
        <ele>495.60000000000002</ele>
      </trkpt>
      <trkpt lat="28.527037985622883" lon="-16.24926301650703">
        <ele>495.5</ele>
      </trkpt>
      <trkpt lat="28.527048965916038" lon="-16.249252958223224">
        <ele>495.30000000000001</ele>
      </trkpt>
      <trkpt lat="28.527060030028224" lon="-16.249240972101688">
        <ele>495.10000000000002</ele>
      </trkpt>
      <trkpt lat="28.527071010321379" lon="-16.249232003465295">
        <ele>494.89999999999998</ele>
      </trkpt>
      <trkpt lat="28.527076961472631" lon="-16.249223034828901">
        <ele>494.80000000000001</ele>
      </trkpt>
      <trkpt lat="28.527085008099675" lon="-16.249213982373476">
        <ele>494.80000000000001</ele>
      </trkpt>
      <trkpt lat="28.527090959250927" lon="-16.249205013737082">
        <ele>494.69999999999999</ele>
      </trkpt>
      <trkpt lat="28.527099005877972" lon="-16.249184980988503">
        <ele>494.39999999999998</ele>
      </trkpt>
      <trkpt lat="28.527107974514365" lon="-16.249166037887335">
        <ele>494.19999999999999</ele>
      </trkpt>
      <trkpt lat="28.527118032798171" lon="-16.249146005138755">
        <ele>494.19999999999999</ele>
      </trkpt>
      <trkpt lat="28.527123983949423" lon="-16.249131001532078">
        <ele>494.19999999999999</ele>
      </trkpt>
      <trkpt lat="28.527133036404848" lon="-16.249108035117388">
        <ele>494.19999999999999</ele>
      </trkpt>
      <trkpt lat="28.527137981727719" lon="-16.24909101985395">
        <ele>494.30000000000001</ele>
      </trkpt>
      <trkpt lat="28.527132030576468" lon="-16.249085990712047">
        <ele>494.19999999999999</ele>
      </trkpt>
      <trkpt lat="28.527091965079308" lon="-16.249124966561794">
        <ele>494</ele>
      </trkpt>
      <trkpt lat="28.527067992836237" lon="-16.249153967946768">
        <ele>493.39999999999998</ele>
      </trkpt>
      <trkpt lat="28.527047038078308" lon="-16.249180035665631">
        <ele>492.69999999999999</ele>
      </trkpt>
      <trkpt lat="28.52703002281487" lon="-16.249201996251941">
        <ele>492.30000000000001</ele>
      </trkpt>
      <trkpt lat="28.527012001723051" lon="-16.24922102317214">
        <ele>491.80000000000001</ele>
      </trkpt>
      <trkpt lat="28.526983000338078" lon="-16.249248012900352">
        <ele>491.39999999999998</ele>
      </trkpt>
      <trkpt lat="28.526963973417878" lon="-16.249262010678649">
        <ele>490.60000000000002</ele>
      </trkpt>
      <trkpt lat="28.526955004781485" lon="-16.249267039820552">
        <ele>490.69999999999999</ele>
      </trkpt>
      <trkpt lat="28.526946036145091" lon="-16.249268967658281">
        <ele>490.19999999999999</ele>
      </trkpt>
      <trkpt lat="28.526932960376143" lon="-16.249277014285326">
        <ele>489.5</ele>
      </trkpt>
      <trkpt lat="28.526922985911369" lon="-16.249271985143423">
        <ele>489.19999999999999</ele>
      </trkpt>
      <trkpt lat="28.526920974254608" lon="-16.24926402233541">
        <ele>489.19999999999999</ele>
      </trkpt>
      <trkpt lat="28.526910999789834" lon="-16.249253964051604">
        <ele>488.60000000000002</ele>
      </trkpt>
      <trkpt lat="28.526905970647931" lon="-16.249250024557114">
        <ele>488.30000000000001</ele>
      </trkpt>
      <trkpt lat="28.526949975639582" lon="-16.249190010130405">
        <ele>488.10000000000002</ele>
      </trkpt>
      <trkpt lat="28.526974031701684" lon="-16.249106023460627">
        <ele>486.10000000000002</ele>
      </trkpt>
      <trkpt lat="28.526991968974471" lon="-16.249034022912383">
        <ele>484.60000000000002</ele>
      </trkpt>
      <trkpt lat="28.526995992287993" lon="-16.249022036790848">
        <ele>484.39999999999998</ele>
      </trkpt>
      <trkpt lat="28.527003033086658" lon="-16.249003009870648">
        <ele>484.19999999999999</ele>
      </trkpt>
      <trkpt lat="28.527008984237909" lon="-16.248987000435591">
        <ele>483.89999999999998</ele>
      </trkpt>
      <trkpt lat="28.527021976187825" lon="-16.24896302819252">
        <ele>483.5</ele>
      </trkpt>
      <trkpt lat="28.527028011158109" lon="-16.248952969908714">
        <ele>483.30000000000001</ele>
      </trkpt>
      <trkpt lat="28.527038991451263" lon="-16.248945007100701">
        <ele>483.10000000000002</ele>
      </trkpt>
      <trkpt lat="28.52705399505794" lon="-16.248928997665644">
        <ele>482.69999999999999</ele>
      </trkpt>
      <trkpt lat="28.527062041684985" lon="-16.248910976573825">
        <ele>482.19999999999999</ele>
      </trkpt>
      <trkpt lat="28.527062041684985" lon="-16.248893961310387">
        <ele>482</ele>
      </trkpt>
      <trkpt lat="28.52705399505794" lon="-16.248885998502374">
        <ele>481.89999999999998</ele>
      </trkpt>
      <trkpt lat="28.527041003108025" lon="-16.248881975188851">
        <ele>481.69999999999999</ele>
      </trkpt>
      <trkpt lat="28.527024993672967" lon="-16.248881975188851">
        <ele>481.5</ele>
      </trkpt>
      <trkpt lat="28.527002027258277" lon="-16.248888010159135">
        <ele>481.10000000000002</ele>
      </trkpt>
      <trkpt lat="28.526980988681316" lon="-16.248892033472657">
        <ele>480.89999999999998</ele>
      </trkpt>
      <trkpt lat="28.526971014216542" lon="-16.24889999628067">
        <ele>480.80000000000001</ele>
      </trkpt>
      <trkpt lat="28.526961039751768" lon="-16.248916005715728">
        <ele>480.5</ele>
      </trkpt>
      <trkpt lat="28.526951987296343" lon="-16.248931009322405">
        <ele>480.30000000000001</ele>
      </trkpt>
      <trkpt lat="28.526941007003188" lon="-16.248950958251953">
        <ele>479.89999999999998</ele>
      </trkpt>
      <trkpt lat="28.526932960376143" lon="-16.24896202236414">
        <ele>479.69999999999999</ele>
      </trkpt>
      <trkpt lat="28.526918040588498" lon="-16.248980965465307">
        <ele>479.10000000000002</ele>
      </trkpt>
      <trkpt lat="28.526905970647931" lon="-16.248996974900365">
        <ele>478.69999999999999</ele>
      </trkpt>
      <trkpt lat="28.526894990354776" lon="-16.249020025134087">
        <ele>478.5</ele>
      </trkpt>
      <trkpt lat="28.52688199840486" lon="-16.249035028740764">
        <ele>478.30000000000001</ele>
      </trkpt>
      <trkpt lat="28.526873029768467" lon="-16.249043997377157">
        <ele>478.30000000000001</ele>
      </trkpt>
      <trkpt lat="28.526864983141422" lon="-16.249055983498693">
        <ele>478.19999999999999</ele>
      </trkpt>
      <trkpt lat="28.526851991191506" lon="-16.24904802069068">
        <ele>478.19999999999999</ele>
      </trkpt>
      <trkpt lat="28.526841010898352" lon="-16.249037962406874">
        <ele>478.19999999999999</ele>
      </trkpt>
      <trkpt lat="28.526836987584829" lon="-16.249025976285338">
        <ele>478.19999999999999</ele>
      </trkpt>
      <trkpt lat="28.526835981756449" lon="-16.249020025134087">
        <ele>478.19999999999999</ele>
      </trkpt>
      <trkpt lat="28.52683799341321" lon="-16.249008039012551">
        <ele>478.19999999999999</ele>
      </trkpt>
      <trkpt lat="28.52683799341321" lon="-16.248997980728745">
        <ele>478.10000000000002</ele>
      </trkpt>
      <trkpt lat="28.526840005069971" lon="-16.248988006263971">
        <ele>478</ele>
      </trkpt>
      <trkpt lat="28.526842016726732" lon="-16.248978031799197">
        <ele>477.89999999999998</ele>
      </trkpt>
      <trkpt lat="28.526845034211874" lon="-16.248969985172153">
        <ele>477.80000000000001</ele>
      </trkpt>
      <trkpt lat="28.526847967877984" lon="-16.24896202236414">
        <ele>477.69999999999999</ele>
      </trkpt>
      <trkpt lat="28.526851991191506" lon="-16.248950958251953">
        <ele>477.60000000000002</ele>
      </trkpt>
      <trkpt lat="28.526856014505029" lon="-16.24894198961556">
        <ele>477.60000000000002</ele>
      </trkpt>
      <trkpt lat="28.526860037818551" lon="-16.248934026807547">
        <ele>477.69999999999999</ele>
      </trkpt>
      <trkpt lat="28.526863977313042" lon="-16.248922040686011">
        <ele>477.69999999999999</ele>
      </trkpt>
      <trkpt lat="28.526864983141422" lon="-16.24892002902925">
        <ele>477.69999999999999</ele>
      </trkpt>
      <trkpt lat="28.526863977313042" lon="-16.248913994058967">
        <ele>477.5</ele>
      </trkpt>
      <trkpt lat="28.526862971484661" lon="-16.248902007937431">
        <ele>476.89999999999998</ele>
      </trkpt>
      <trkpt lat="28.526860037818551" lon="-16.248893039301038">
        <ele>476.30000000000001</ele>
      </trkpt>
      <trkpt lat="28.526856014505029" lon="-16.248890021815896">
        <ele>476.10000000000002</ele>
      </trkpt>
      <trkpt lat="28.526848973706365" lon="-16.248891027644277">
        <ele>475.80000000000001</ele>
      </trkpt>
      <trkpt lat="28.526841010898352" lon="-16.248894967138767">
        <ele>475.80000000000001</ele>
      </trkpt>
      <trkpt lat="28.526833970099688" lon="-16.248896978795528">
        <ele>475.60000000000002</ele>
      </trkpt>
      <trkpt lat="28.526823995634913" lon="-16.248902007937431">
        <ele>474.60000000000002</ele>
      </trkpt>
      <trkpt lat="28.526818966493011" lon="-16.248904019594193">
        <ele>473.80000000000001</ele>
      </trkpt>
      <trkpt lat="28.526814021170139" lon="-16.248906031250954">
        <ele>473.39999999999998</ele>
      </trkpt>
      <trkpt lat="28.526806980371475" lon="-16.248908964917064">
        <ele>473.19999999999999</ele>
      </trkpt>
      <trkpt lat="28.526797005906701" lon="-16.248912988230586">
        <ele>473.19999999999999</ele>
      </trkpt>
      <trkpt lat="28.526790970936418" lon="-16.248918017372489">
        <ele>473</ele>
      </trkpt>
      <trkpt lat="28.526783008128405" lon="-16.248925980180502">
        <ele>472.19999999999999</ele>
      </trkpt>
      <trkpt lat="28.526775967329741" lon="-16.248931009322405">
        <ele>471.60000000000002</ele>
      </trkpt>
      <trkpt lat="28.526771022006869" lon="-16.248939977958798">
        <ele>471.80000000000001</ele>
      </trkpt>
      <trkpt lat="28.526763981208205" lon="-16.248949030414224">
        <ele>471.30000000000001</ele>
      </trkpt>
      <trkpt lat="28.526755012571812" lon="-16.248960010707378">
        <ele>471.80000000000001</ele>
      </trkpt>
      <trkpt lat="28.526744032278657" lon="-16.248973002657294">
        <ele>472.60000000000002</ele>
      </trkpt>
      <trkpt lat="28.526732968166471" lon="-16.24898599460721">
        <ele>472.60000000000002</ele>
      </trkpt>
      <trkpt lat="28.526722993701696" lon="-16.248995969071984">
        <ele>471.10000000000002</ele>
      </trkpt>
      <trkpt lat="28.526716036722064" lon="-16.249003009870648">
        <ele>470.89999999999998</ele>
      </trkpt>
      <trkpt lat="28.526710001751781" lon="-16.249008039012551">
        <ele>470.60000000000002</ele>
      </trkpt>
      <trkpt lat="28.526700027287006" lon="-16.249017007648945">
        <ele>470.19999999999999</ele>
      </trkpt>
      <trkpt lat="28.526684017851949" lon="-16.249029999598861">
        <ele>469.39999999999998</ele>
      </trkpt>
      <trkpt lat="28.526667002588511" lon="-16.249042991548777">
        <ele>468.80000000000001</ele>
      </trkpt>
      <trkpt lat="28.526658033952117" lon="-16.249053971841931">
        <ele>468.5</ele>
      </trkpt>
      <trkpt lat="28.526644958183169" lon="-16.249063024297357">
        <ele>468</ele>
      </trkpt>
      <trkpt lat="28.526631966233253" lon="-16.249076016247272">
        <ele>467.80000000000001</ele>
      </trkpt>
      <trkpt lat="28.52662299759686" lon="-16.249082973226905">
        <ele>467.19999999999999</ele>
      </trkpt>
      <trkpt lat="28.526614028960466" lon="-16.24909101985395">
        <ele>466.60000000000002</ele>
      </trkpt>
      <trkpt lat="28.526606988161802" lon="-16.249097976833582">
        <ele>466.69999999999999</ele>
      </trkpt>
      <trkpt lat="28.52660103701055" lon="-16.249106023460627">
        <ele>466.39999999999998</ele>
      </trkpt>
      <trkpt lat="28.526592990383506" lon="-16.249115997925401">
        <ele>466.30000000000001</ele>
      </trkpt>
      <trkpt lat="28.526582010090351" lon="-16.249125972390175">
        <ele>466.30000000000001</ele>
      </trkpt>
      <trkpt lat="28.526573041453958" lon="-16.249136030673981">
        <ele>466.19999999999999</ele>
      </trkpt>
      <trkpt lat="28.526567006483674" lon="-16.249140975996852">
        <ele>465.89999999999998</ele>
      </trkpt>
      <trkpt lat="28.5265570320189" lon="-16.249152040109038">
        <ele>465.39999999999998</ele>
      </trkpt>
      <trkpt lat="28.526552002876997" lon="-16.24915698543191">
        <ele>465.19999999999999</ele>
      </trkpt>
      <trkpt lat="28.526531970128417" lon="-16.249169977381825">
        <ele>464.60000000000002</ele>
      </trkpt>
      <trkpt lat="28.526518978178501" lon="-16.24917802400887">
        <ele>464.30000000000001</ele>
      </trkpt>
      <trkpt lat="28.526503974571824" lon="-16.249185986816883">
        <ele>464.10000000000002</ele>
      </trkpt>
      <trkpt lat="28.526490982621908" lon="-16.249192021787167">
        <ele>463.5</ele>
      </trkpt>
      <trkpt lat="28.526476984843612" lon="-16.249197972938418">
        <ele>463.39999999999998</ele>
      </trkpt>
      <trkpt lat="28.526463992893696" lon="-16.24920099042356">
        <ele>463.10000000000002</ele>
      </trkpt>
      <trkpt lat="28.526452006772161" lon="-16.249204007908702">
        <ele>462.89999999999998</ele>
      </trkpt>
      <trkpt lat="28.526438008993864" lon="-16.249208031222224">
        <ele>462.69999999999999</ele>
      </trkpt>
      <trkpt lat="28.526425017043948" lon="-16.249211970716715">
        <ele>462.5</ele>
      </trkpt>
      <trkpt lat="28.526411019265652" lon="-16.249214988201857">
        <ele>462.30000000000001</ele>
      </trkpt>
      <trkpt lat="28.526382017880678" lon="-16.249215994030237">
        <ele>461.60000000000002</ele>
      </trkpt>
      <trkpt lat="28.526369025930762" lon="-16.249218005686998">
        <ele>460.89999999999998</ele>
      </trkpt>
      <trkpt lat="28.526361985132098" lon="-16.249218005686998">
        <ele>460.5</ele>
      </trkpt>
      <trkpt lat="28.526355028152466" lon="-16.249214988201857">
        <ele>460.39999999999998</ele>
      </trkpt>
      <trkpt lat="28.526347987353802" lon="-16.249214988201857">
        <ele>460.39999999999998</ele>
      </trkpt>
      <trkpt lat="28.526334995403886" lon="-16.249214988201857">
        <ele>460.39999999999998</ele>
      </trkpt>
      <trkpt lat="28.526324015110731" lon="-16.249216999858618">
        <ele>460.19999999999999</ele>
      </trkpt>
      <trkpt lat="28.526316974312067" lon="-16.249219011515379">
        <ele>460</ele>
      </trkpt>
      <trkpt lat="28.526308005675673" lon="-16.249219011515379">
        <ele>459.60000000000002</ele>
      </trkpt>
      <trkpt lat="28.526300964877009" lon="-16.249215994030237">
        <ele>459.19999999999999</ele>
      </trkpt>
      <trkpt lat="28.526295013725758" lon="-16.249215994030237">
        <ele>459</ele>
      </trkpt>
      <trkpt lat="28.526282021775842" lon="-16.249211970716715">
        <ele>458.5</ele>
      </trkpt>
      <trkpt lat="28.526274980977178" lon="-16.249209959059954">
        <ele>458.39999999999998</ele>
      </trkpt>
      <trkpt lat="28.526267018169165" lon="-16.249209037050605">
        <ele>458.39999999999998</ele>
      </trkpt>
      <trkpt lat="28.526257965713739" lon="-16.249213982373476">
        <ele>458.69999999999999</ele>
      </trkpt>
      <trkpt lat="28.526254026219249" lon="-16.24922102317214">
        <ele>458.80000000000001</ele>
      </trkpt>
      <trkpt lat="28.526245979592204" lon="-16.249229991808534">
        <ele>458.69999999999999</ele>
      </trkpt>
      <trkpt lat="28.526239022612572" lon="-16.249240972101688">
        <ele>458.5</ele>
      </trkpt>
      <trkpt lat="28.526230975985527" lon="-16.249254969879985">
        <ele>458.10000000000002</ele>
      </trkpt>
      <trkpt lat="28.526226030662656" lon="-16.249272990971804">
        <ele>457.60000000000002</ele>
      </trkpt>
      <trkpt lat="28.526216978207231" lon="-16.249296963214874">
        <ele>457.19999999999999</ele>
      </trkpt>
      <trkpt lat="28.526238016784191" lon="-16.24937198124826">
        <ele>457.39999999999998</ele>
      </trkpt>
      <trkpt lat="28.526244973763824" lon="-16.249396037310362">
        <ele>457.39999999999998</ele>
      </trkpt>
      <trkpt lat="28.526254026219249" lon="-16.249406011775136">
        <ele>457.5</ele>
      </trkpt>
      <trkpt lat="28.526265006512403" lon="-16.249417997896671">
        <ele>457.80000000000001</ele>
      </trkpt>
      <trkpt lat="28.526271963492036" lon="-16.249443981796503">
        <ele>457.89999999999998</ele>
      </trkpt>
      <trkpt lat="28.526274980977178" lon="-16.249452028423548">
        <ele>457.60000000000002</ele>
      </trkpt>
      <trkpt lat="28.526282021775842" lon="-16.249477006494999">
        <ele>457.89999999999998</ele>
      </trkpt>
      <trkpt lat="28.526286967098713" lon="-16.249499972909689">
        <ele>457.19999999999999</ele>
      </trkpt>
      <trkpt lat="28.526290990412235" lon="-16.249511037021875">
        <ele>457.19999999999999</ele>
      </trkpt>
      <trkpt lat="28.526295013725758" lon="-16.249530985951424">
        <ele>457.30000000000001</ele>
      </trkpt>
      <trkpt lat="28.526299959048629" lon="-16.249554036185145">
        <ele>457.5</ele>
      </trkpt>
      <trkpt lat="28.526299959048629" lon="-16.249566022306681">
        <ele>457.5</ele>
      </trkpt>
      <trkpt lat="28.526297025382519" lon="-16.249579014256597">
        <ele>457.19999999999999</ele>
      </trkpt>
      <trkpt lat="28.526285039260983" lon="-16.249603992328048">
        <ele>456.60000000000002</ele>
      </trkpt>
      <trkpt lat="28.526274980977178" lon="-16.249625030905008">
        <ele>456.5</ele>
      </trkpt>
      <trkpt lat="28.526270035654306" lon="-16.249636011198163">
        <ele>456.69999999999999</ele>
      </trkpt>
      <trkpt lat="28.526260983198881" lon="-16.24965000897646">
        <ele>456.5</ele>
      </trkpt>
      <trkpt lat="28.526256959885359" lon="-16.249657971784472">
        <ele>456.69999999999999</ele>
      </trkpt>
      <trkpt lat="28.526252014562488" lon="-16.249670041725039">
        <ele>456.89999999999998</ele>
      </trkpt>
      <trkpt lat="28.526244973763824" lon="-16.249683033674955">
        <ele>456.5</ele>
      </trkpt>
      <trkpt lat="28.526232987642288" lon="-16.249700970947742">
        <ele>456.60000000000002</ele>
      </trkpt>
      <trkpt lat="28.526227036491036" lon="-16.249721003696322">
        <ele>456.30000000000001</ele>
      </trkpt>
      <trkpt lat="28.526217984035611" lon="-16.249744975939393">
        <ele>457</ele>
      </trkpt>
      <trkpt lat="28.526209015399218" lon="-16.249770037829876">
        <ele>457</ele>
      </trkpt>
      <trkpt lat="28.526203986257315" lon="-16.249782023951411">
        <ele>457.19999999999999</ele>
      </trkpt>
      <trkpt lat="28.526196023449302" lon="-16.249800967052579">
        <ele>457.30000000000001</ele>
      </trkpt>
      <trkpt lat="28.526188982650638" lon="-16.249817982316017">
        <ele>457.80000000000001</ele>
      </trkpt>
      <trkpt lat="28.526183031499386" lon="-16.249831980094314">
        <ele>458.30000000000001</ele>
      </trkpt>
      <trkpt lat="28.52617003954947" lon="-16.249857963994145">
        <ele>458</ele>
      </trkpt>
      <trkpt lat="28.526160987094045" lon="-16.249867016449571">
        <ele>457.5</ele>
      </trkpt>
      <trkpt lat="28.526149000972509" lon="-16.24988897703588">
        <ele>457.30000000000001</ele>
      </trkpt>
      <trkpt lat="28.526141038164496" lon="-16.249900041148067">
        <ele>457.19999999999999</ele>
      </trkpt>
      <trkpt lat="28.52612997405231" lon="-16.249908003956079">
        <ele>457</ele>
      </trkpt>
      <trkpt lat="28.526124022901058" lon="-16.249916972592473">
        <ele>456.80000000000001</ele>
      </trkpt>
      <trkpt lat="28.526112958788872" lon="-16.249922001734376">
        <ele>456</ele>
      </trkpt>
      <trkpt lat="28.526101978495717" lon="-16.249926025047898">
        <ele>455.5</ele>
      </trkpt>
      <trkpt lat="28.526093009859324" lon="-16.249929964542389">
        <ele>455</ele>
      </trkpt>
      <trkpt lat="28.526079012081027" lon="-16.249928958714008">
        <ele>454.5</ele>
      </trkpt>
      <trkpt lat="28.526059985160828" lon="-16.249922001734376">
        <ele>454.5</ele>
      </trkpt>
      <trkpt lat="28.526040958240628" lon="-16.249917978420854">
        <ele>454.30000000000001</ele>
      </trkpt>
      <trkpt lat="28.526025032624602" lon="-16.249913033097982">
        <ele>453.89999999999998</ele>
      </trkpt>
      <trkpt lat="28.526012962684035" lon="-16.249905992299318">
        <ele>453.39999999999998</ele>
      </trkpt>
      <trkpt lat="28.526002988219261" lon="-16.249895012006164">
        <ele>453.10000000000002</ele>
      </trkpt>
      <trkpt lat="28.525997959077358" lon="-16.249881014227867">
        <ele>452.5</ele>
      </trkpt>
      <trkpt lat="28.525988990440965" lon="-16.249869028106332">
        <ele>452</ele>
      </trkpt>
      <trkpt lat="28.525979015976191" lon="-16.249856958165765">
        <ele>451.5</ele>
      </trkpt>
      <trkpt lat="28.525968035683036" lon="-16.249850001186132">
        <ele>451</ele>
      </trkpt>
      <trkpt lat="28.52595797739923" lon="-16.249840026721358">
        <ele>450.5</ele>
      </trkpt>
      <trkpt lat="28.525954037904739" lon="-16.249830974265933">
        <ele>450.39999999999998</ele>
      </trkpt>
      <trkpt lat="28.525937022641301" lon="-16.249816976487637">
        <ele>449.80000000000001</ele>
      </trkpt>
      <trkpt lat="28.525924030691385" lon="-16.249816976487637">
        <ele>449.30000000000001</ele>
      </trkpt>
      <trkpt lat="28.52591497823596" lon="-16.249816976487637">
        <ele>449</ele>
      </trkpt>
      <trkpt lat="28.525906009599566" lon="-16.249811025336385">
        <ele>449.10000000000002</ele>
      </trkpt>
      <trkpt lat="28.525895029306412" lon="-16.249803984537721">
        <ele>448.60000000000002</ele>
      </trkpt>
      <trkpt lat="28.525883965194225" lon="-16.249796021729708">
        <ele>448.10000000000002</ele>
      </trkpt>
      <trkpt lat="28.525877008214593" lon="-16.249794010072947">
        <ele>447.80000000000001</ele>
      </trkpt>
      <trkpt lat="28.525865022093058" lon="-16.249782023951411">
        <ele>448.19999999999999</ele>
      </trkpt>
      <trkpt lat="28.525854041799903" lon="-16.249770037829876">
        <ele>449.39999999999998</ele>
      </trkpt>
      <trkpt lat="28.525845995172858" lon="-16.249753022566438">
        <ele>450.60000000000002</ele>
      </trkpt>
      <trkpt lat="28.525843983516097" lon="-16.249735001474619">
        <ele>450.5</ele>
      </trkpt>
      <trkpt lat="28.525841971859336" lon="-16.249709017574787">
        <ele>451.10000000000002</ele>
      </trkpt>
      <trkpt lat="28.525841971859336" lon="-16.249681022018194">
        <ele>451.30000000000001</ele>
      </trkpt>
      <trkpt lat="28.525841971859336" lon="-16.249656965956092">
        <ele>451.60000000000002</ele>
      </trkpt>
      <trkpt lat="28.525848006829619" lon="-16.249641040340066">
        <ele>450.69999999999999</ele>
      </trkpt>
      <trkpt lat="28.525850018486381" lon="-16.24963098205626">
        <ele>450.69999999999999</ele>
      </trkpt>
      <trkpt lat="28.525850018486381" lon="-16.249610027298331">
        <ele>451.30000000000001</ele>
      </trkpt>
      <trkpt lat="28.525859992951155" lon="-16.249598041176796">
        <ele>451.60000000000002</ele>
      </trkpt>
      <trkpt lat="28.525850018486381" lon="-16.249569039791822">
        <ele>451.69999999999999</ele>
      </trkpt>
      <trkpt lat="28.525839960202575" lon="-16.249554958194494">
        <ele>451.69999999999999</ele>
      </trkpt>
      <trkpt lat="28.525827974081039" lon="-16.24954397790134">
        <ele>452.19999999999999</ele>
      </trkpt>
      <trkpt lat="28.525816993787885" lon="-16.249540960416198">
        <ele>452.5</ele>
      </trkpt>
      <trkpt lat="28.525805007666349" lon="-16.249535009264946">
        <ele>452.89999999999998</ele>
      </trkpt>
      <trkpt lat="28.525792015716434" lon="-16.249531991779804">
        <ele>453.10000000000002</ele>
      </trkpt>
      <trkpt lat="28.525791009888053" lon="-16.249531991779804">
        <ele>453.19999999999999</ele>
      </trkpt>
      <trkpt lat="28.525796039029956" lon="-16.249539032578468">
        <ele>453.39999999999998</ele>
      </trkpt>
      <trkpt lat="28.525801990181208" lon="-16.249553030356765">
        <ele>454.10000000000002</ele>
      </trkpt>
      <trkpt lat="28.525793021544814" lon="-16.249556969851255">
        <ele>454</ele>
      </trkpt>
      <trkpt lat="28.525784974917769" lon="-16.249558981508017">
        <ele>454</ele>
      </trkpt>
      <trkpt lat="28.525776006281376" lon="-16.249558981508017">
        <ele>454.19999999999999</ele>
      </trkpt>
      <trkpt lat="28.525770977139473" lon="-16.249557975679636">
        <ele>454.39999999999998</ele>
      </trkpt>
      <trkpt lat="28.525764020159841" lon="-16.24956401064992">
        <ele>455</ele>
      </trkpt>
      <trkpt lat="28.525759996846318" lon="-16.249569039791822">
        <ele>455.39999999999998</ele>
      </trkpt>
      <trkpt lat="28.525759996846318" lon="-16.249577002599835">
        <ele>455.80000000000001</ele>
      </trkpt>
      <trkpt lat="28.525759996846318" lon="-16.249582031741738">
        <ele>456</ele>
      </trkpt>
      <trkpt lat="28.525766031816602" lon="-16.249595023691654">
        <ele>456.5</ele>
      </trkpt>
      <trkpt lat="28.525771982967854" lon="-16.249604998156428">
        <ele>457.19999999999999</ele>
      </trkpt>
      <trkpt lat="28.525776006281376" lon="-16.249613966792822">
        <ele>458</ele>
      </trkpt>
      <trkpt lat="28.525776006281376" lon="-16.249625030905008">
        <ele>458.80000000000001</ele>
      </trkpt>
      <trkpt lat="28.525772988796234" lon="-16.249626958742738">
        <ele>458.89999999999998</ele>
      </trkpt>
      <trkpt lat="28.525767037644982" lon="-16.24962997622788">
        <ele>459</ele>
      </trkpt>
      <trkpt lat="28.525758991017938" lon="-16.249626958742738">
        <ele>458.69999999999999</ele>
      </trkpt>
      <trkpt lat="28.525749016553164" lon="-16.249626958742738">
        <ele>458.5</ele>
      </trkpt>
      <trkpt lat="28.525739964097738" lon="-16.24962997622788">
        <ele>458.69999999999999</ele>
      </trkpt>
      <trkpt lat="28.525729989632964" lon="-16.249633999541402">
        <ele>459</ele>
      </trkpt>
      <trkpt lat="28.525723032653332" lon="-16.249636011198163">
        <ele>459.30000000000001</ele>
      </trkpt>
      <trkpt lat="28.525713980197906" lon="-16.249639028683305">
        <ele>459.69999999999999</ele>
      </trkpt>
      <trkpt lat="28.525706017389894" lon="-16.249644979834557">
        <ele>460.19999999999999</ele>
      </trkpt>
      <trkpt lat="28.525701994076371" lon="-16.249647997319698">
        <ele>460.39999999999998</ele>
      </trkpt>
      <trkpt lat="28.525695037096739" lon="-16.249653026461601">
        <ele>460.60000000000002</ele>
      </trkpt>
      <trkpt lat="28.525689002126455" lon="-16.249657971784472">
        <ele>460.89999999999998</ele>
      </trkpt>
      <trkpt lat="28.525689002126455" lon="-16.249663000926375">
        <ele>461.10000000000002</ele>
      </trkpt>
      <trkpt lat="28.525696964934468" lon="-16.249671969562769">
        <ele>461.60000000000002</ele>
      </trkpt>
      <trkpt lat="28.525701994076371" lon="-16.249675992876291">
        <ele>461.69999999999999</ele>
      </trkpt>
      <trkpt lat="28.525708029046655" lon="-16.249684961512685">
        <ele>462</ele>
      </trkpt>
      <trkpt lat="28.525710040703416" lon="-16.249695019796491">
        <ele>462.30000000000001</ele>
      </trkpt>
      <trkpt lat="28.525706017389894" lon="-16.249699965119362">
        <ele>462.89999999999998</ele>
      </trkpt>
      <trkpt lat="28.525698976591229" lon="-16.249703988432884">
        <ele>463.39999999999998</ele>
      </trkpt>
      <trkpt lat="28.525691013783216" lon="-16.249710023403168">
        <ele>464.30000000000001</ele>
      </trkpt>
      <trkpt lat="28.525682967156172" lon="-16.249710023403168">
        <ele>463.80000000000001</ele>
      </trkpt>
      <trkpt lat="28.525667963549495" lon="-16.249712035059929">
        <ele>463.30000000000001</ele>
      </trkpt>
      <trkpt lat="28.525654971599579" lon="-16.249712035059929">
        <ele>463.69999999999999</ele>
      </trkpt>
      <trkpt lat="28.525646002963185" lon="-16.249712035059929">
        <ele>464.30000000000001</ele>
      </trkpt>
      <trkpt lat="28.525635022670031" lon="-16.249713040888309">
        <ele>465</ele>
      </trkpt>
      <trkpt lat="28.525627981871367" lon="-16.249713040888309">
        <ele>465.10000000000002</ele>
      </trkpt>
      <trkpt lat="28.525627981871367" lon="-16.249717986211181">
        <ele>465.39999999999998</ele>
      </trkpt>
      <trkpt lat="28.525633011013269" lon="-16.249723015353084">
        <ele>465.69999999999999</ele>
      </trkpt>
      <trkpt lat="28.525642985478044" lon="-16.249729972332716">
        <ele>466</ele>
      </trkpt>
      <trkpt lat="28.525650026276708" lon="-16.249735001474619">
        <ele>466.5</ele>
      </trkpt>
      <trkpt lat="28.525650026276708" lon="-16.24973701313138">
        <ele>466.60000000000002</ele>
      </trkpt>
      <trkpt lat="28.525663018226624" lon="-16.249742964282632">
        <ele>466.89999999999998</ele>
      </trkpt>
      <trkpt lat="28.525666035711765" lon="-16.249745981767774">
        <ele>467</ele>
      </trkpt>
      <trkpt lat="28.525673998519778" lon="-16.249754028394818">
        <ele>467.30000000000001</ele>
      </trkpt>
      <trkpt lat="28.525681961327791" lon="-16.249760985374451">
        <ele>467.60000000000002</ele>
      </trkpt>
      <trkpt lat="28.525687996298075" lon="-16.249771965667605">
        <ele>468.39999999999998</ele>
      </trkpt>
      <trkpt lat="28.525687996298075" lon="-16.24978001229465">
        <ele>469.30000000000001</ele>
      </trkpt>
      <trkpt lat="28.525683972984552" lon="-16.249783029779792">
        <ele>469.69999999999999</ele>
      </trkpt>
      <trkpt lat="28.525670981034636" lon="-16.249785963445902">
        <ele>470</ele>
      </trkpt>
      <trkpt lat="28.525665029883385" lon="-16.249788980931044">
        <ele>470</ele>
      </trkpt>
      <trkpt lat="28.525658994913101" lon="-16.249793004244566">
        <ele>470.39999999999998</ele>
      </trkpt>
      <trkpt lat="28.525646002963185" lon="-16.249793004244566">
        <ele>470</ele>
      </trkpt>
      <trkpt lat="28.525638040155172" lon="-16.249793004244566">
        <ele>469.60000000000002</ele>
      </trkpt>
      <trkpt lat="28.525625970214605" lon="-16.249791998416185">
        <ele>470.10000000000002</ele>
      </trkpt>
      <trkpt lat="28.525619013234973" lon="-16.249791998416185">
        <ele>470.5</ele>
      </trkpt>
      <trkpt lat="28.525612978264689" lon="-16.249791998416185">
        <ele>470.60000000000002</ele>
      </trkpt>
      <trkpt lat="28.525607027113438" lon="-16.249793004244566">
        <ele>470.69999999999999</ele>
      </trkpt>
      <trkpt lat="28.525615995749831" lon="-16.249819993972778">
        <ele>472.89999999999998</ele>
      </trkpt>
      <trkpt lat="28.525619013234973" lon="-16.249826028943062">
        <ele>472.89999999999998</ele>
      </trkpt>
      <trkpt lat="28.525623036548495" lon="-16.249830974265933">
        <ele>472.89999999999998</ele>
      </trkpt>
      <trkpt lat="28.525627981871367" lon="-16.249837009236217">
        <ele>473.10000000000002</ele>
      </trkpt>
      <trkpt lat="28.525632005184889" lon="-16.249842960387468">
        <ele>473.39999999999998</ele>
      </trkpt>
      <trkpt lat="28.525638040155172" lon="-16.249850001186132">
        <ele>473.69999999999999</ele>
      </trkpt>
      <trkpt lat="28.525641979649663" lon="-16.249854024499655">
        <ele>473.89999999999998</ele>
      </trkpt>
      <trkpt lat="28.525647008791566" lon="-16.249859975650907">
        <ele>474.10000000000002</ele>
      </trkpt>
      <trkpt lat="28.525649020448327" lon="-16.24986601062119">
        <ele>474.19999999999999</ele>
      </trkpt>
      <trkpt lat="28.525650026276708" lon="-16.249871961772442">
        <ele>474.39999999999998</ele>
      </trkpt>
      <trkpt lat="28.525651032105088" lon="-16.249879002571106">
        <ele>474.69999999999999</ele>
      </trkpt>
      <trkpt lat="28.525650026276708" lon="-16.249885959550738">
        <ele>475.10000000000002</ele>
      </trkpt>
      <trkpt lat="28.525648014619946" lon="-16.249896017834544">
        <ele>475.69999999999999</ele>
      </trkpt>
      <trkpt lat="28.525644997134805" lon="-16.249899035319686">
        <ele>475.69999999999999</ele>
      </trkpt>
      <trkpt lat="28.525640973821282" lon="-16.249900041148067">
        <ele>475.69999999999999</ele>
      </trkpt>
      <trkpt lat="28.525629993528128" lon="-16.249899035319686">
        <ele>475.69999999999999</ele>
      </trkpt>
      <trkpt lat="28.525621024891734" lon="-16.249898029491305">
        <ele>476.10000000000002</ele>
      </trkpt>
      <trkpt lat="28.525611972436309" lon="-16.249899035319686">
        <ele>476.60000000000002</ele>
      </trkpt>
      <trkpt lat="28.525607027113438" lon="-16.249900041148067">
        <ele>476.80000000000001</ele>
      </trkpt>
      <trkpt lat="28.525598980486393" lon="-16.249902974814177">
        <ele>477.19999999999999</ele>
      </trkpt>
      <trkpt lat="28.525595040991902" lon="-16.249904986470938">
        <ele>477.39999999999998</ele>
      </trkpt>
      <trkpt lat="28.525590011849999" lon="-16.249911021441221">
        <ele>477.69999999999999</ele>
      </trkpt>
      <trkpt lat="28.525585988536477" lon="-16.249913033097982">
        <ele>478</ele>
      </trkpt>
      <trkpt lat="28.525581965222955" lon="-16.249916972592473">
        <ele>478.19999999999999</ele>
      </trkpt>
      <trkpt lat="28.525575008243322" lon="-16.249923007562757">
        <ele>478.60000000000002</ele>
      </trkpt>
      <trkpt lat="28.525567967444658" lon="-16.249927030876279">
        <ele>479</ele>
      </trkpt>
      <trkpt lat="28.525563022121787" lon="-16.24993097037077">
        <ele>479.30000000000001</ele>
      </trkpt>
      <trkpt lat="28.525557992979884" lon="-16.24993197619915">
        <ele>479.39999999999998</ele>
      </trkpt>
      <trkpt lat="28.525552041828632" lon="-16.24993197619915">
        <ele>479.60000000000002</ele>
      </trkpt>
      <trkpt lat="28.525542989373207" lon="-16.24993097037077">
        <ele>479.69999999999999</ele>
      </trkpt>
      <trkpt lat="28.525533014908433" lon="-16.24993097037077">
        <ele>479.89999999999998</ele>
      </trkpt>
      <trkpt lat="28.52552798576653" lon="-16.24993097037077">
        <ele>480</ele>
      </trkpt>
      <trkpt lat="28.525520022958517" lon="-16.249932982027531">
        <ele>480.30000000000001</ele>
      </trkpt>
      <trkpt lat="28.525517005473375" lon="-16.249935999512672">
        <ele>480.60000000000002</ele>
      </trkpt>
      <trkpt lat="28.525513987988234" lon="-16.249941028654575">
        <ele>480.89999999999998</ele>
      </trkpt>
      <trkpt lat="28.525511976331472" lon="-16.249948991462588">
        <ele>481.30000000000001</ele>
      </trkpt>
      <trkpt lat="28.525509964674711" lon="-16.249958965927362">
        <ele>481.69999999999999</ele>
      </trkpt>
      <trkpt lat="28.525506025180221" lon="-16.249965000897646">
        <ele>482.10000000000002</ele>
      </trkpt>
      <trkpt lat="28.525502001866698" lon="-16.249970030039549">
        <ele>482.30000000000001</ele>
      </trkpt>
      <trkpt lat="28.525497978553176" lon="-16.249976987019181">
        <ele>482.5</ele>
      </trkpt>
      <trkpt lat="28.525492027401924" lon="-16.249984027817845">
        <ele>482.80000000000001</ele>
      </trkpt>
      <trkpt lat="28.52548498660326" lon="-16.249992996454239">
        <ele>483.19999999999999</ele>
      </trkpt>
      <trkpt lat="28.525480041280389" lon="-16.250005988404155">
        <ele>483.80000000000001</ele>
      </trkpt>
      <trkpt lat="28.525476017966866" lon="-16.25001504085958">
        <ele>484.10000000000002</ele>
      </trkpt>
      <trkpt lat="28.525473000481725" lon="-16.250021997839212">
        <ele>484.30000000000001</ele>
      </trkpt>
      <trkpt lat="28.525467971339822" lon="-16.250032978132367">
        <ele>484.60000000000002</ele>
      </trkpt>
      <trkpt lat="28.525465959683061" lon="-16.250039013102651">
        <ele>484.69999999999999</ele>
      </trkpt>
      <trkpt lat="28.525463026016951" lon="-16.250046975910664">
        <ele>484.80000000000001</ele>
      </trkpt>
      <trkpt lat="28.525461014360189" lon="-16.250055022537708">
        <ele>485</ele>
      </trkpt>
      <trkpt lat="28.525457996875048" lon="-16.250068014487624">
        <ele>485.19999999999999</ele>
      </trkpt>
      <trkpt lat="28.525455985218287" lon="-16.250076983124018">
        <ele>485.30000000000001</ele>
      </trkpt>
      <trkpt lat="28.525452967733145" lon="-16.250087041407824">
        <ele>485.5</ele>
      </trkpt>
      <trkpt lat="28.525451961904764" lon="-16.250093998387456">
        <ele>485.60000000000002</ele>
      </trkpt>
      <trkpt lat="28.525449028238654" lon="-16.25010103918612">
        <ele>485.80000000000001</ele>
      </trkpt>
      <trkpt lat="28.525448022410274" lon="-16.250111013650894">
        <ele>485.80000000000001</ele>
      </trkpt>
      <trkpt lat="28.525445004925132" lon="-16.250120988115668">
        <ele>485.80000000000001</ele>
      </trkpt>
      <trkpt lat="28.52544198743999" lon="-16.250132974237204">
        <ele>485.80000000000001</ele>
      </trkpt>
      <trkpt lat="28.525438969954848" lon="-16.250150995329022">
        <ele>485.80000000000001</ele>
      </trkpt>
      <trkpt lat="28.525423966348171" lon="-16.250215033069253">
        <ele>486.39999999999998</ele>
      </trkpt>
      <trkpt lat="28.525408962741494" lon="-16.250255014747381">
        <ele>487</ele>
      </trkpt>
      <trkpt lat="28.525403011590242" lon="-16.2502730358392">
        <ele>487</ele>
      </trkpt>
      <trkpt lat="28.525397982448339" lon="-16.250288039445877">
        <ele>487.10000000000002</ele>
      </trkpt>
      <trkpt lat="28.525393959134817" lon="-16.25029600225389">
        <ele>487.30000000000001</ele>
      </trkpt>
      <trkpt lat="28.525389013811946" lon="-16.250311005860567">
        <ele>487.39999999999998</ele>
      </trkpt>
      <trkpt lat="28.525384990498424" lon="-16.250325003638864">
        <ele>487.60000000000002</ele>
      </trkpt>
      <trkpt lat="28.525380967184901" lon="-16.250335983932018">
        <ele>487.69999999999999</ele>
      </trkpt>
      <trkpt lat="28.52537602186203" lon="-16.250347970053554">
        <ele>487.89999999999998</ele>
      </trkpt>
      <trkpt lat="28.525373004376888" lon="-16.250358028337359">
        <ele>488.10000000000002</ele>
      </trkpt>
      <trkpt lat="28.525368981063366" lon="-16.250366996973753">
        <ele>488.19999999999999</ele>
      </trkpt>
      <trkpt lat="28.525363029912114" lon="-16.250376971438527">
        <ele>488.39999999999998</ele>
      </trkpt>
      <trkpt lat="28.525359006598592" lon="-16.250384012237191">
        <ele>488.60000000000002</ele>
      </trkpt>
      <trkpt lat="28.52535598911345" lon="-16.250391975045204">
        <ele>488.80000000000001</ele>
      </trkpt>
      <trkpt lat="28.525351965799928" lon="-16.250400021672249">
        <ele>489</ele>
      </trkpt>
      <trkpt lat="28.525346014648676" lon="-16.25040496699512">
        <ele>489.30000000000001</ele>
      </trkpt>
      <trkpt lat="28.525336962193251" lon="-16.250407984480262">
        <ele>489.80000000000001</ele>
      </trkpt>
      <trkpt lat="28.525332016870379" lon="-16.250414019450545">
        <ele>490.10000000000002</ele>
      </trkpt>
      <trkpt lat="28.525321958586574" lon="-16.250417958945036">
        <ele>490.89999999999998</ele>
      </trkpt>
      <trkpt lat="28.525316007435322" lon="-16.250426005572081">
        <ele>491.19999999999999</ele>
      </trkpt>
      <trkpt lat="28.525309972465038" lon="-16.250436985865235">
        <ele>491.5</ele>
      </trkpt>
      <trkpt lat="28.525304021313787" lon="-16.250442015007138">
        <ele>492</ele>
      </trkpt>
      <trkpt lat="28.525298992171884" lon="-16.250450983643532">
        <ele>492.19999999999999</ele>
      </trkpt>
      <trkpt lat="28.525295974686742" lon="-16.250460036098957">
        <ele>492.10000000000002</ele>
      </trkpt>
      <trkpt lat="28.525289017707109" lon="-16.25046799890697">
        <ele>492.5</ele>
      </trkpt>
      <trkpt lat="28.525286000221968" lon="-16.250475961714983">
        <ele>492.69999999999999</ele>
      </trkpt>
      <trkpt lat="28.525275019928813" lon="-16.250489959493279">
        <ele>493.30000000000001</ele>
      </trkpt>
      <trkpt lat="28.525266973301768" lon="-16.250499011948705">
        <ele>493.80000000000001</ele>
      </trkpt>
      <trkpt lat="28.525262027978897" lon="-16.250504963099957">
        <ele>494</ele>
      </trkpt>
      <trkpt lat="28.525254987180233" lon="-16.250518960878253">
        <ele>494.5</ele>
      </trkpt>
      <trkpt lat="28.525251969695091" lon="-16.250524995848536">
        <ele>494.80000000000001</ele>
      </trkpt>
      <trkpt lat="28.525235038250685" lon="-16.250567995011806">
        <ele>495.60000000000002</ele>
      </trkpt>
      <trkpt lat="28.525231014937162" lon="-16.2505769636482">
        <ele>495.89999999999998</ele>
      </trkpt>
      <trkpt lat="28.525221962481737" lon="-16.250604037195444">
        <ele>496.19999999999999</ele>
      </trkpt>
      <trkpt lat="28.525221962481737" lon="-16.250604959204793">
        <ele>496.10000000000002</ele>
      </trkpt>
      <trkpt lat="28.525218022987247" lon="-16.250608982518315">
        <ele>496.39999999999998</ele>
      </trkpt>
      <trkpt lat="28.525212993845344" lon="-16.250613005831838">
        <ele>496.69999999999999</ele>
      </trkpt>
      <trkpt lat="28.525208970531821" lon="-16.250618034973741">
        <ele>497</ele>
      </trkpt>
      <trkpt lat="28.52520695887506" lon="-16.250623986124992">
        <ele>497</ele>
      </trkpt>
      <trkpt lat="28.525205031037331" lon="-16.250627003610134">
        <ele>497.19999999999999</ele>
      </trkpt>
      <trkpt lat="28.525202013552189" lon="-16.250634966418147">
        <ele>497.30000000000001</ele>
      </trkpt>
      <trkpt lat="28.525197990238667" lon="-16.250636978074908">
        <ele>497.5</ele>
      </trkpt>
      <trkpt lat="28.525192961096764" lon="-16.250641001388431">
        <ele>497.80000000000001</ele>
      </trkpt>
      <trkpt lat="28.525192039087415" lon="-16.250645024701953">
        <ele>497.80000000000001</ele>
      </trkpt>
      <trkpt lat="28.525188015773892" lon="-16.250648964196444">
        <ele>498</ele>
      </trkpt>
      <trkpt lat="28.525184998288751" lon="-16.250653993338346">
        <ele>498.19999999999999</ele>
      </trkpt>
      <trkpt lat="28.525180974975228" lon="-16.250659022480249">
        <ele>498.60000000000002</ele>
      </trkpt>
      <trkpt lat="28.525179969146848" lon="-16.25066002830863">
        <ele>498.69999999999999</ele>
      </trkpt>
      <trkpt lat="28.525177035480738" lon="-16.25066296197474">
        <ele>499</ele>
      </trkpt>
      <trkpt lat="28.525175023823977" lon="-16.250667991116643">
        <ele>499.19999999999999</ele>
      </trkpt>
      <trkpt lat="28.525168988853693" lon="-16.250675031915307">
        <ele>499.30000000000001</ele>
      </trkpt>
      <trkpt lat="28.525165971368551" lon="-16.25068299472332">
        <ele>499.19999999999999</ele>
      </trkpt>
      <trkpt lat="28.52516395971179" lon="-16.250687018036842">
        <ele>499.19999999999999</ele>
      </trkpt>
      <trkpt lat="28.52516102604568" lon="-16.250695986673236">
        <ele>499.19999999999999</ele>
      </trkpt>
      <trkpt lat="28.525159014388919" lon="-16.250701015815139">
        <ele>499.30000000000001</ele>
      </trkpt>
      <trkpt lat="28.525155996903777" lon="-16.250707972794771">
        <ele>499.39999999999998</ele>
      </trkpt>
      <trkpt lat="28.525151973590255" lon="-16.250717025250196">
        <ele>499.69999999999999</ele>
      </trkpt>
      <trkpt lat="28.525149039924145" lon="-16.250723982229829">
        <ele>500</ele>
      </trkpt>
      <trkpt lat="28.525145016610622" lon="-16.250733034685254">
        <ele>500.39999999999998</ele>
      </trkpt>
      <trkpt lat="28.5251409932971" lon="-16.250744014978409">
        <ele>500.69999999999999</ele>
      </trkpt>
      <trkpt lat="28.525135964155197" lon="-16.250754995271564">
        <ele>500.80000000000001</ele>
      </trkpt>
      <trkpt lat="28.525131018832326" lon="-16.250765975564718">
        <ele>501.10000000000002</ele>
      </trkpt>
      <trkpt lat="28.525129007175565" lon="-16.250771004706621">
        <ele>501.19999999999999</ele>
      </trkpt>
      <trkpt lat="28.525125989690423" lon="-16.250773016363382">
        <ele>501.30000000000001</ele>
      </trkpt>
      <trkpt lat="28.525121966376901" lon="-16.250776033848524">
        <ele>501.60000000000002</ele>
      </trkpt>
      <trkpt lat="28.525119032710791" lon="-16.250777039676905">
        <ele>501.80000000000001</ele>
      </trkpt>
      <trkpt lat="28.525115009397268" lon="-16.250776033848524">
        <ele>502</ele>
      </trkpt>
      <trkpt lat="28.525111991912127" lon="-16.250765975564718">
        <ele>502.30000000000001</ele>
      </trkpt>
      <trkpt lat="28.525106040760875" lon="-16.25074896030128">
        <ele>503</ele>
      </trkpt>
      <trkpt lat="28.525102017447352" lon="-16.250734040513635">
        <ele>503.30000000000001</ele>
      </trkpt>
      <trkpt lat="28.52509799413383" lon="-16.250724988058209">
        <ele>503.69999999999999</ele>
      </trkpt>
      <trkpt lat="28.525095982477069" lon="-16.250716019421816">
        <ele>504.10000000000002</ele>
      </trkpt>
      <trkpt lat="28.525096988305449" lon="-16.250707972794771">
        <ele>504.30000000000001</ele>
      </trkpt>
      <trkpt lat="28.525096988305449" lon="-16.250696992501616">
        <ele>504.39999999999998</ele>
      </trkpt>
      <trkpt lat="28.525096988305449" lon="-16.250679977238178">
        <ele>504.60000000000002</ele>
      </trkpt>
      <trkpt lat="28.525096988305449" lon="-16.250678971409798">
        <ele>504.60000000000002</ele>
      </trkpt>
      <trkpt lat="28.525096988305449" lon="-16.250672014430165">
        <ele>504.60000000000002</ele>
      </trkpt>
      <trkpt lat="28.525095982477069" lon="-16.250664973631501">
        <ele>504.89999999999998</ele>
      </trkpt>
      <trkpt lat="28.525093970820308" lon="-16.250651981681585">
        <ele>505.60000000000002</ele>
      </trkpt>
      <trkpt lat="28.525091037154198" lon="-16.250650975853205">
        <ele>505.80000000000001</ele>
      </trkpt>
      <trkpt lat="28.525086008012295" lon="-16.250657010823488">
        <ele>506</ele>
      </trkpt>
      <trkpt lat="28.525079973042011" lon="-16.250667991116643">
        <ele>506.39999999999998</ele>
      </trkpt>
      <trkpt lat="28.52507502771914" lon="-16.250676959753036">
        <ele>506.60000000000002</ele>
      </trkpt>
      <trkpt lat="28.525073016062379" lon="-16.250686012208462">
        <ele>506.5</ele>
      </trkpt>
      <trkpt lat="28.525071004405618" lon="-16.250694980844855">
        <ele>506.39999999999998</ele>
      </trkpt>
      <trkpt lat="28.525067986920476" lon="-16.250704033300281">
        <ele>506.5</ele>
      </trkpt>
      <trkpt lat="28.525066981092095" lon="-16.250711996108294">
        <ele>506.39999999999998</ele>
      </trkpt>
      <trkpt lat="28.525063041597605" lon="-16.250721970573068">
        <ele>506.30000000000001</ele>
      </trkpt>
      <trkpt lat="28.525059018284082" lon="-16.250729011371732">
        <ele>506.39999999999998</ele>
      </trkpt>
      <trkpt lat="28.525057006627321" lon="-16.250734962522984">
        <ele>506.69999999999999</ele>
      </trkpt>
      <trkpt lat="28.525050971657038" lon="-16.250747032463551">
        <ele>507.10000000000002</ele>
      </trkpt>
      <trkpt lat="28.525048037990928" lon="-16.250752983614802">
        <ele>507.30000000000001</ele>
      </trkpt>
      <trkpt lat="28.525043008849025" lon="-16.250765975564718">
        <ele>507.60000000000002</ele>
      </trkpt>
      <trkpt lat="28.525036973878741" lon="-16.250786008313298">
        <ele>507.69999999999999</ele>
      </trkpt>
      <trkpt lat="28.525034040212631" lon="-16.25079195946455">
        <ele>507.69999999999999</ele>
      </trkpt>
      <trkpt lat="28.525029011070728" lon="-16.250804029405117">
        <ele>508.19999999999999</ele>
      </trkpt>
      <trkpt lat="28.525023981928825" lon="-16.25081199221313">
        <ele>508.5</ele>
      </trkpt>
      <trkpt lat="28.525021970272064" lon="-16.250818027183414">
        <ele>508.60000000000002</ele>
      </trkpt>
      <trkpt lat="28.525017024949193" lon="-16.250829007476568">
        <ele>509</ele>
      </trkpt>
      <trkpt lat="28.525013001635671" lon="-16.250836970284581">
        <ele>509.5</ele>
      </trkpt>
      <trkpt lat="28.525008978322148" lon="-16.250849040225148">
        <ele>509.80000000000001</ele>
      </trkpt>
      <trkpt lat="28.525004032999277" lon="-16.250859014689922">
        <ele>510</ele>
      </trkpt>
      <trkpt lat="28.525002021342516" lon="-16.250866977497935">
        <ele>510</ele>
      </trkpt>
      <trkpt lat="28.524997998028994" lon="-16.25087502412498">
        <ele>510.19999999999999</ele>
      </trkpt>
      <trkpt lat="28.524994980543852" lon="-16.250883992761374">
        <ele>510.60000000000002</ele>
      </trkpt>
      <trkpt lat="28.524991041049361" lon="-16.250893967226148">
        <ele>511</ele>
      </trkpt>
      <trkpt lat="28.524986011907458" lon="-16.250904025509953">
        <ele>511</ele>
      </trkpt>
      <trkpt lat="28.524980982765555" lon="-16.25091802328825">
        <ele>511.10000000000002</ele>
      </trkpt>
      <trkpt lat="28.524975031614304" lon="-16.250933026894927">
        <ele>511.69999999999999</ele>
      </trkpt>
      <trkpt lat="28.524971008300781" lon="-16.250941995531321">
        <ele>511.60000000000002</ele>
      </trkpt>
      <trkpt lat="28.524967990815639" lon="-16.250949958339334">
        <ele>511.60000000000002</ele>
      </trkpt>
      <trkpt lat="28.524963967502117" lon="-16.250958004966378">
        <ele>511.80000000000001</ele>
      </trkpt>
      <trkpt lat="28.524960028007627" lon="-16.250968985259533">
        <ele>512.10000000000002</ele>
      </trkpt>
      <trkpt lat="28.524957010522485" lon="-16.250979965552688">
        <ele>512.20000000000005</ele>
      </trkpt>
      <trkpt lat="28.524952987208962" lon="-16.250992035493255">
        <ele>512.29999999999995</ele>
      </trkpt>
      <trkpt lat="28.524949969723821" lon="-16.250998992472887">
        <ele>512.60000000000002</ele>
      </trkpt>
      <trkpt lat="28.52494896389544" lon="-16.250997986644506">
        <ele>512.60000000000002</ele>
      </trkpt>
      <trkpt lat="28.524944018572569" lon="-16.250987006351352">
        <ele>512.89999999999998</ele>
      </trkpt>
      <trkpt lat="28.524941001087427" lon="-16.250976026058197">
        <ele>513.10000000000002</ele>
      </trkpt>
      <trkpt lat="28.524938989430666" lon="-16.250967979431152">
        <ele>513.5</ele>
      </trkpt>
      <trkpt lat="28.524935971945524" lon="-16.250962028279901">
        <ele>514</ele>
      </trkpt>
      <trkpt lat="28.524934966117144" lon="-16.250954987481236">
        <ele>514.39999999999998</ele>
      </trkpt>
      <trkpt lat="28.524932032451034" lon="-16.250938978046179">
        <ele>514.5</ele>
      </trkpt>
      <trkpt lat="28.524931026622653" lon="-16.250930009409785">
        <ele>514.60000000000002</ele>
      </trkpt>
      <trkpt lat="28.524930020794272" lon="-16.250920034945011">
        <ele>515.10000000000002</ele>
      </trkpt>
      <trkpt lat="28.524930020794272" lon="-16.250908970832825">
        <ele>515.39999999999998</ele>
      </trkpt>
      <trkpt lat="28.524930020794272" lon="-16.250902013853192">
        <ele>515.70000000000005</ele>
      </trkpt>
      <trkpt lat="28.524930020794272" lon="-16.250895978882909">
        <ele>515.89999999999998</ele>
      </trkpt>
      <trkpt lat="28.524930020794272" lon="-16.250887010246515">
        <ele>515.89999999999998</ele>
      </trkpt>
      <trkpt lat="28.524931026622653" lon="-16.250876029953361">
        <ele>515.39999999999998</ele>
      </trkpt>
      <trkpt lat="28.524931026622653" lon="-16.250863038003445">
        <ele>515.60000000000002</ele>
      </trkpt>
      <trkpt lat="28.524932032451034" lon="-16.250847028568387">
        <ele>516.10000000000002</ele>
      </trkpt>
      <trkpt lat="28.524931026622653" lon="-16.25083202496171">
        <ele>516.79999999999995</ele>
      </trkpt>
      <trkpt lat="28.524931026622653" lon="-16.25081199221313">
        <ele>517.5</ele>
      </trkpt>
      <trkpt lat="28.524932032451034" lon="-16.250802017748356">
        <ele>517.60000000000002</ele>
      </trkpt>
      <trkpt lat="28.524932032451034" lon="-16.250792965292931">
        <ele>517.79999999999995</ele>
      </trkpt>
      <trkpt lat="28.524933038279414" lon="-16.250788019970059">
        <ele>517.79999999999995</ele>
      </trkpt>
      <trkpt lat="28.524934966117144" lon="-16.250779973343015">
        <ele>518</ele>
      </trkpt>
      <trkpt lat="28.524934966117144" lon="-16.250775028020144">
        <ele>518.20000000000005</ele>
      </trkpt>
      <trkpt lat="28.524934966117144" lon="-16.25076899304986">
        <ele>518.39999999999998</ele>
      </trkpt>
      <trkpt lat="28.524933960288763" lon="-16.250763041898608">
        <ele>518.5</ele>
      </trkpt>
      <trkpt lat="28.524933038279414" lon="-16.250756001099944">
        <ele>518.60000000000002</ele>
      </trkpt>
      <trkpt lat="28.524931026622653" lon="-16.250752983614802">
        <ele>518.70000000000005</ele>
      </trkpt>
      <trkpt lat="28.524928009137511" lon="-16.250750971958041">
        <ele>519</ele>
      </trkpt>
      <trkpt lat="28.524924991652369" lon="-16.250749966129661">
        <ele>519.20000000000005</ele>
      </trkpt>
      <trkpt lat="28.524923985823989" lon="-16.25074896030128">
        <ele>519.29999999999995</ele>
      </trkpt>
      <trkpt lat="28.524920968338847" lon="-16.25074896030128">
        <ele>519.39999999999998</ele>
      </trkpt>
      <trkpt lat="28.524919040501118" lon="-16.250750971958041">
        <ele>519.39999999999998</ele>
      </trkpt>
      <trkpt lat="28.524913005530834" lon="-16.250763963907957">
        <ele>519.5</ele>
      </trkpt>
      <trkpt lat="28.524908982217312" lon="-16.250774022191763">
        <ele>519.70000000000005</ele>
      </trkpt>
      <trkpt lat="28.52490596473217" lon="-16.250778967514634">
        <ele>519.79999999999995</ele>
      </trkpt>
      <trkpt lat="28.524904036894441" lon="-16.250785002484918">
        <ele>519.79999999999995</ele>
      </trkpt>
      <trkpt lat="28.524902025237679" lon="-16.250791037455201">
        <ele>519.89999999999998</ele>
      </trkpt>
      <trkpt lat="28.524899007752538" lon="-16.250797994434834">
        <ele>519.89999999999998</ele>
      </trkpt>
      <trkpt lat="28.524894984439015" lon="-16.250807968899608">
        <ele>520</ele>
      </trkpt>
      <trkpt lat="28.524892972782254" lon="-16.250810986384749">
        <ele>520.20000000000005</ele>
      </trkpt>
      <trkpt lat="28.524890961125493" lon="-16.250815009698272">
        <ele>520.29999999999995</ele>
      </trkpt>
      <trkpt lat="28.524887021631002" lon="-16.250819033011794">
        <ele>520.70000000000005</ele>
      </trkpt>
      <trkpt lat="28.524880986660719" lon="-16.250830013304949">
        <ele>520.79999999999995</ele>
      </trkpt>
      <trkpt lat="28.524875035509467" lon="-16.250839987769723">
        <ele>521.29999999999995</ele>
      </trkpt>
      <trkpt lat="28.524867994710803" lon="-16.250850968062878">
        <ele>522.29999999999995</ele>
      </trkpt>
      <trkpt lat="28.524861037731171" lon="-16.250863960012794">
        <ele>521.70000000000005</ele>
      </trkpt>
      <trkpt lat="28.524855002760887" lon="-16.250873012468219">
        <ele>522.10000000000002</ele>
      </trkpt>
      <trkpt lat="28.524851985275745" lon="-16.250878041610122">
        <ele>522.39999999999998</ele>
      </trkpt>
      <trkpt lat="28.524846034124494" lon="-16.250891033560038">
        <ele>522.79999999999995</ele>
      </trkpt>
      <trkpt lat="28.524844022467732" lon="-16.250895978882909">
        <ele>522.79999999999995</ele>
      </trkpt>
      <trkpt lat="28.524843016639352" lon="-16.250898996368051">
        <ele>522.79999999999995</ele>
      </trkpt>
      <trkpt lat="28.524837987497449" lon="-16.250913999974728">
        <ele>523</ele>
      </trkpt>
      <trkpt lat="28.524831030517817" lon="-16.250921962782741">
        <ele>523.60000000000002</ele>
      </trkpt>
      <trkpt lat="28.524822983890772" lon="-16.250930009409785">
        <ele>524.20000000000005</ele>
      </trkpt>
      <trkpt lat="28.52481896057725" lon="-16.250935038551688">
        <ele>524.39999999999998</ele>
      </trkpt>
      <trkpt lat="28.524812003597617" lon="-16.250941995531321">
        <ele>524.60000000000002</ele>
      </trkpt>
      <trkpt lat="28.524805968627334" lon="-16.250948030501604">
        <ele>524.70000000000005</ele>
      </trkpt>
      <trkpt lat="28.524801023304462" lon="-16.250954987481236">
        <ele>524.70000000000005</ele>
      </trkpt>
      <trkpt lat="28.524793982505798" lon="-16.250966973602772">
        <ele>524.89999999999998</ele>
      </trkpt>
      <trkpt lat="28.524789959192276" lon="-16.250980971381068">
        <ele>525.10000000000002</ele>
      </trkpt>
      <trkpt lat="28.524789037182927" lon="-16.251005027443171">
        <ele>525.5</ele>
      </trkpt>
      <trkpt lat="28.524791970849037" lon="-16.251023970544338">
        <ele>525.70000000000005</ele>
      </trkpt>
      <trkpt lat="28.524790965020657" lon="-16.251031011343002">
        <ele>525.79999999999995</ele>
      </trkpt>
      <trkpt lat="28.524789959192276" lon="-16.251038974151015">
        <ele>526</ele>
      </trkpt>
      <trkpt lat="28.524788031354547" lon="-16.251049032434821">
        <ele>526.39999999999998</ele>
      </trkpt>
      <trkpt lat="28.524786019697785" lon="-16.251059006899595">
        <ele>526.70000000000005</ele>
      </trkpt>
      <trkpt lat="28.524786019697785" lon="-16.251062024384737">
        <ele>526.79999999999995</ele>
      </trkpt>
      <trkpt lat="28.524784008041024" lon="-16.25106998719275">
        <ele>527</ele>
      </trkpt>
      <trkpt lat="28.524783002212644" lon="-16.251079039648175">
        <ele>527.39999999999998</ele>
      </trkpt>
      <trkpt lat="28.524783002212644" lon="-16.251085996627808">
        <ele>527.60000000000002</ele>
      </trkpt>
      <trkpt lat="28.524781996384263" lon="-16.251091025769711">
        <ele>527.89999999999998</ele>
      </trkpt>
      <trkpt lat="28.524780990555882" lon="-16.251096976920962">
        <ele>528.10000000000002</ele>
      </trkpt>
      <trkpt lat="28.524781996384263" lon="-16.251104017719626">
        <ele>528.20000000000005</ele>
      </trkpt>
      <trkpt lat="28.524781996384263" lon="-16.251114998012781">
        <ele>528.29999999999995</ele>
      </trkpt>
      <trkpt lat="28.524779984727502" lon="-16.251123966649175">
        <ele>528.60000000000002</ele>
      </trkpt>
      <trkpt lat="28.524778978899121" lon="-16.251128995791078">
        <ele>528.70000000000005</ele>
      </trkpt>
      <trkpt lat="28.52477403357625" lon="-16.251130001619458">
        <ele>528.89999999999998</ele>
      </trkpt>
      <trkpt lat="28.524763975292444" lon="-16.251128995791078">
        <ele>529.20000000000005</ele>
      </trkpt>
      <trkpt lat="28.524756012484431" lon="-16.251128995791078">
        <ele>529.5</ele>
      </trkpt>
      <trkpt lat="28.524750983342528" lon="-16.251130001619458">
        <ele>529.60000000000002</ele>
      </trkpt>
      <trkpt lat="28.524746960029006" lon="-16.2511330191046">
        <ele>529.79999999999995</ele>
      </trkpt>
      <trkpt lat="28.524744026362896" lon="-16.251137964427471">
        <ele>530.10000000000002</ele>
      </trkpt>
      <trkpt lat="28.524744026362896" lon="-16.251142993569374">
        <ele>530.39999999999998</ele>
      </trkpt>
      <trkpt lat="28.524747965857387" lon="-16.251149028539658">
        <ele>530.70000000000005</ele>
      </trkpt>
      <trkpt lat="28.524748971685767" lon="-16.25115598551929">
        <ele>531</ele>
      </trkpt>
      <trkpt lat="28.524748971685767" lon="-16.251163026317954">
        <ele>531.29999999999995</ele>
      </trkpt>
      <trkpt lat="28.524750983342528" lon="-16.251170989125967">
        <ele>531.60000000000002</ele>
      </trkpt>
      <trkpt lat="28.52475299499929" lon="-16.251179035753012">
        <ele>531.89999999999998</ele>
      </trkpt>
      <trkpt lat="28.524756012484431" lon="-16.251185992732644">
        <ele>532.10000000000002</ele>
      </trkpt>
      <trkpt lat="28.524757018312812" lon="-16.251191021874547">
        <ele>532.29999999999995</ele>
      </trkpt>
      <trkpt lat="28.524758024141192" lon="-16.251197978854179">
        <ele>532.39999999999998</ele>
      </trkpt>
      <trkpt lat="28.524757018312812" lon="-16.251204013824463">
        <ele>532.5</ele>
      </trkpt>
      <trkpt lat="28.524758024141192" lon="-16.251209964975715">
        <ele>532.39999999999998</ele>
      </trkpt>
      <trkpt lat="28.524756012484431" lon="-16.251215999945998">
        <ele>532.5</ele>
      </trkpt>
      <trkpt lat="28.524756012484431" lon="-16.251223040744662">
        <ele>532.79999999999995</ele>
      </trkpt>
      <trkpt lat="28.524756012484431" lon="-16.251229997724295">
        <ele>533</ele>
      </trkpt>
      <trkpt lat="28.524756012484431" lon="-16.251237038522959">
        <ele>533.29999999999995</ele>
      </trkpt>
      <trkpt lat="28.524757018312812" lon="-16.251245001330972">
        <ele>533.20000000000005</ele>
      </trkpt>
      <trkpt lat="28.524756012484431" lon="-16.251252964138985">
        <ele>533.20000000000005</ele>
      </trkpt>
      <trkpt lat="28.524756012484431" lon="-16.251261010766029">
        <ele>533.39999999999998</ele>
      </trkpt>
      <trkpt lat="28.524755006656051" lon="-16.251266961917281">
        <ele>533.79999999999995</ele>
      </trkpt>
      <trkpt lat="28.524755006656051" lon="-16.251272996887565">
        <ele>534.10000000000002</ele>
      </trkpt>
      <trkpt lat="28.52475299499929" lon="-16.251278026029468">
        <ele>534.39999999999998</ele>
      </trkpt>
      <trkpt lat="28.524749977514148" lon="-16.251285988837481">
        <ele>534.29999999999995</ele>
      </trkpt>
      <trkpt lat="28.524746960029006" lon="-16.251293029636145">
        <ele>534.39999999999998</ele>
      </trkpt>
      <trkpt lat="28.524746038019657" lon="-16.251295041292906">
        <ele>534.5</ele>
      </trkpt>
      <trkpt lat="28.524741008877754" lon="-16.251291017979383">
        <ele>534.70000000000005</ele>
      </trkpt>
      <trkpt lat="28.52473103441298" lon="-16.251280037686229">
        <ele>535</ele>
      </trkpt>
      <trkpt lat="28.524721981957555" lon="-16.251270985230803">
        <ele>535.5</ele>
      </trkpt>
      <trkpt lat="28.524717036634684" lon="-16.251266039907932">
        <ele>535.79999999999995</ele>
      </trkpt>
      <trkpt lat="28.524713013321161" lon="-16.25126201659441">
        <ele>536</ele>
      </trkpt>
      <trkpt lat="28.524706978350878" lon="-16.251256987452507">
        <ele>536.20000000000005</ele>
      </trkpt>
      <trkpt lat="28.524702033028007" lon="-16.251251958310604">
        <ele>536.20000000000005</ele>
      </trkpt>
      <trkpt lat="28.524699015542865" lon="-16.251250030472875">
        <ele>536.29999999999995</ele>
      </trkpt>
      <trkpt lat="28.524691974744201" lon="-16.251246007159352">
        <ele>536.5</ele>
      </trkpt>
      <trkpt lat="28.524683006107807" lon="-16.251246007159352">
        <ele>536.79999999999995</ele>
      </trkpt>
      <trkpt lat="28.524675965309143" lon="-16.251245001330972">
        <ele>537.10000000000002</ele>
      </trkpt>
      <trkpt lat="28.524671019986272" lon="-16.251243995502591">
        <ele>537.29999999999995</ele>
      </trkpt>
      <trkpt lat="28.524665990844369" lon="-16.251246007159352">
        <ele>537.39999999999998</ele>
      </trkpt>
      <trkpt lat="28.524660039693117" lon="-16.251246007159352">
        <ele>537.29999999999995</ele>
      </trkpt>
      <trkpt lat="28.524648975580931" lon="-16.251248018816113">
        <ele>537.20000000000005</ele>
      </trkpt>
      <trkpt lat="28.52464403025806" lon="-16.251249024644494">
        <ele>537.29999999999995</ele>
      </trkpt>
      <trkpt lat="28.524632966145873" lon="-16.251251958310604">
        <ele>537.60000000000002</ele>
      </trkpt>
      <trkpt lat="28.524622991681099" lon="-16.251254975795746">
        <ele>537.89999999999998</ele>
      </trkpt>
      <trkpt lat="28.524616034701467" lon="-16.251258999109268">
        <ele>538.10000000000002</ele>
      </trkpt>
      <trkpt lat="28.524607988074422" lon="-16.25126201659441">
        <ele>538.20000000000005</ele>
      </trkpt>
      <trkpt lat="28.52460203692317" lon="-16.251265034079552">
        <ele>538.29999999999995</ele>
      </trkpt>
      <trkpt lat="28.524593990296125" lon="-16.251267967745662">
        <ele>538.29999999999995</ele>
      </trkpt>
      <trkpt lat="28.524587033316493" lon="-16.251271991059184">
        <ele>538.5</ele>
      </trkpt>
      <trkpt lat="28.52458099834621" lon="-16.251279031857848">
        <ele>538.89999999999998</ele>
      </trkpt>
      <trkpt lat="28.524576975032687" lon="-16.2512849830091">
        <ele>539.29999999999995</ele>
      </trkpt>
      <trkpt lat="28.52458200417459" lon="-16.251288000494242">
        <ele>539.5</ele>
      </trkpt>
      <trkpt lat="28.524587033316493" lon="-16.251289006322622">
        <ele>539.60000000000002</ele>
      </trkpt>
      <trkpt lat="28.524592984467745" lon="-16.251289006322622">
        <ele>539.70000000000005</ele>
      </trkpt>
      <trkpt lat="28.524598013609648" lon="-16.251290012151003">
        <ele>539.79999999999995</ele>
      </trkpt>
      <trkpt lat="28.52460497058928" lon="-16.251289006322622">
        <ele>539.70000000000005</ele>
      </trkpt>
      <trkpt lat="28.524613017216325" lon="-16.251290012151003">
        <ele>539.79999999999995</ele>
      </trkpt>
      <trkpt lat="28.52462500333786" lon="-16.251291017979383">
        <ele>540</ele>
      </trkpt>
      <trkpt lat="28.524635983631015" lon="-16.251295041292906">
        <ele>540.10000000000002</ele>
      </trkpt>
      <trkpt lat="28.524650987237692" lon="-16.251309961080551">
        <ele>540.20000000000005</ele>
      </trkpt>
      <trkpt lat="28.524659033864737" lon="-16.251320019364357">
        <ele>540.60000000000002</ele>
      </trkpt>
      <trkpt lat="28.524662973359227" lon="-16.251325970515609">
        <ele>540.79999999999995</ele>
      </trkpt>
      <trkpt lat="28.524664985015988" lon="-16.251332005485892">
        <ele>541.10000000000002</ele>
      </trkpt>
      <trkpt lat="28.52466800250113" lon="-16.251337034627795">
        <ele>541.20000000000005</ele>
      </trkpt>
      <trkpt lat="28.524670014157891" lon="-16.251342985779047">
        <ele>541.29999999999995</ele>
      </trkpt>
      <trkpt lat="28.524671019986272" lon="-16.25134801492095">
        <ele>541.39999999999998</ele>
      </trkpt>
      <trkpt lat="28.524672025814652" lon="-16.251352038234472">
        <ele>541.39999999999998</ele>
      </trkpt>
      <trkpt lat="28.524673031643033" lon="-16.251358995214105">
        <ele>541.60000000000002</ele>
      </trkpt>
      <trkpt lat="28.524674037471414" lon="-16.251366036012769">
        <ele>541.79999999999995</ele>
      </trkpt>
      <trkpt lat="28.524675965309143" lon="-16.251369975507259">
        <ele>541.89999999999998</ele>
      </trkpt>
      <trkpt lat="28.524676971137524" lon="-16.251375004649162">
        <ele>542.10000000000002</ele>
      </trkpt>
      <trkpt lat="28.524678982794285" lon="-16.251381039619446">
        <ele>542.20000000000005</ele>
      </trkpt>
      <trkpt lat="28.524680994451046" lon="-16.251389002427459">
        <ele>542</ele>
      </trkpt>
      <trkpt lat="28.524683006107807" lon="-16.251397971063852">
        <ele>541.60000000000002</ele>
      </trkpt>
      <trkpt lat="28.524685017764568" lon="-16.251406017690897">
        <ele>541.79999999999995</ele>
      </trkpt>
      <trkpt lat="28.524686023592949" lon="-16.25141398049891">
        <ele>542.20000000000005</ele>
      </trkpt>
      <trkpt lat="28.524687029421329" lon="-16.251422027125955">
        <ele>542.39999999999998</ele>
      </trkpt>
      <trkpt lat="28.52468803524971" lon="-16.251427978277206">
        <ele>542.20000000000005</ele>
      </trkpt>
      <trkpt lat="28.524689041078091" lon="-16.251436024904251">
        <ele>542.10000000000002</ele>
      </trkpt>
      <trkpt lat="28.524689041078091" lon="-16.251439964398742">
        <ele>542</ele>
      </trkpt>
      <trkpt lat="28.52468803524971" lon="-16.251444993540645">
        <ele>542.20000000000005</ele>
      </trkpt>
      <trkpt lat="28.524687029421329" lon="-16.251452034339309">
        <ele>542.5</ele>
      </trkpt>
      <trkpt lat="28.524686023592949" lon="-16.251458991318941">
        <ele>542.70000000000005</ele>
      </trkpt>
      <trkpt lat="28.524684011936188" lon="-16.251462008804083">
        <ele>543</ele>
      </trkpt>
      <trkpt lat="28.524679988622665" lon="-16.251461002975702">
        <ele>543.39999999999998</ele>
      </trkpt>
      <trkpt lat="28.524677976965904" lon="-16.251459997147322">
        <ele>543.60000000000002</ele>
      </trkpt>
      <trkpt lat="28.524674959480762" lon="-16.25145697966218">
        <ele>543.89999999999998</ele>
      </trkpt>
      <trkpt lat="28.524670014157891" lon="-16.251453962177038">
        <ele>544.29999999999995</ele>
      </trkpt>
      <trkpt lat="28.52466800250113" lon="-16.251451028510928">
        <ele>544.5</ele>
      </trkpt>
      <trkpt lat="28.524664985015988" lon="-16.251448011025786">
        <ele>544.70000000000005</ele>
      </trkpt>
      <trkpt lat="28.524661967530847" lon="-16.251444993540645">
        <ele>544.89999999999998</ele>
      </trkpt>
      <trkpt lat="28.524659033864737" lon="-16.251440970227122">
        <ele>545.10000000000002</ele>
      </trkpt>
      <trkpt lat="28.524656016379595" lon="-16.25143401324749">
        <ele>545.10000000000002</ele>
      </trkpt>
      <trkpt lat="28.524652998894453" lon="-16.251426972448826">
        <ele>545.10000000000002</ele>
      </trkpt>
      <trkpt lat="28.524649981409311" lon="-16.251424960792065">
        <ele>545.20000000000005</ele>
      </trkpt>
      <trkpt lat="28.52464796975255" lon="-16.251423032954335">
        <ele>545.29999999999995</ele>
      </trkpt>
      <trkpt lat="28.52464403025806" lon="-16.251420015469193">
        <ele>545.60000000000002</ele>
      </trkpt>
      <trkpt lat="28.524641012772918" lon="-16.251416997984052">
        <ele>545.70000000000005</ele>
      </trkpt>
      <trkpt lat="28.524637995287776" lon="-16.25141398049891">
        <ele>545.79999999999995</ele>
      </trkpt>
      <trkpt lat="28.524635983631015" lon="-16.251410963013768">
        <ele>545.79999999999995</ele>
      </trkpt>
      <trkpt lat="28.524632966145873" lon="-16.251409035176039">
        <ele>545.89999999999998</ele>
      </trkpt>
      <trkpt lat="28.524629026651382" lon="-16.251406017690897">
        <ele>546</ele>
      </trkpt>
      <trkpt lat="28.52462500333786" lon="-16.251401994377375">
        <ele>545.89999999999998</ele>
      </trkpt>
      <trkpt lat="28.524619974195957" lon="-16.251399982720613">
        <ele>545.89999999999998</ele>
      </trkpt>
      <trkpt lat="28.524615028873086" lon="-16.251397971063852">
        <ele>546.10000000000002</ele>
      </trkpt>
      <trkpt lat="28.524609999731183" lon="-16.251394031569362">
        <ele>546.29999999999995</ele>
      </trkpt>
      <trkpt lat="28.52460497058928" lon="-16.251393025740981">
        <ele>546.5</ele>
      </trkpt>
      <trkpt lat="28.52460103109479" lon="-16.251390008255839">
        <ele>546.5</ele>
      </trkpt>
      <trkpt lat="28.524597007781267" lon="-16.251389002427459">
        <ele>546.70000000000005</ele>
      </trkpt>
      <trkpt lat="28.524592984467745" lon="-16.251386990770698">
        <ele>546.70000000000005</ele>
      </trkpt>
      <trkpt lat="28.524590972810984" lon="-16.251386990770698">
        <ele>546.79999999999995</ele>
      </trkpt>
      <trkpt lat="28.524587033316493" lon="-16.251389002427459">
        <ele>547</ele>
      </trkpt>
      <trkpt lat="28.52458200417459" lon="-16.251392019912601">
        <ele>547.20000000000005</ele>
      </trkpt>
      <trkpt lat="28.524576975032687" lon="-16.251395037397742">
        <ele>547.39999999999998</ele>
      </trkpt>
      <trkpt lat="28.524573035538197" lon="-16.251400988548994">
        <ele>547.60000000000002</ele>
      </trkpt>
      <trkpt lat="28.524568006396294" lon="-16.251408029347658">
        <ele>548</ele>
      </trkpt>
      <trkpt lat="28.524564988911152" lon="-16.251411968842149">
        <ele>548.29999999999995</ele>
      </trkpt>
      <trkpt lat="28.52456197142601" lon="-16.251415992155671">
        <ele>548.5</ele>
      </trkpt>
      <trkpt lat="28.52455803193152" lon="-16.251423032954335">
        <ele>548.89999999999998</ele>
      </trkpt>
      <trkpt lat="28.524557026103139" lon="-16.251427978277206">
        <ele>549.10000000000002</ele>
      </trkpt>
      <trkpt lat="28.524555014446378" lon="-16.251433007419109">
        <ele>549.29999999999995</ele>
      </trkpt>
      <trkpt lat="28.524555014446378" lon="-16.251437030732632">
        <ele>549.39999999999998</ele>
      </trkpt>
      <trkpt lat="28.524555014446378" lon="-16.251442981883883">
        <ele>549.79999999999995</ele>
      </trkpt>
      <trkpt lat="28.524557026103139" lon="-16.251447005197406">
        <ele>550.10000000000002</ele>
      </trkpt>
      <trkpt lat="28.52456197142601" lon="-16.251453040167689">
        <ele>550.60000000000002</ele>
      </trkpt>
      <trkpt lat="28.524569012224674" lon="-16.251458991318941">
        <ele>551</ele>
      </trkpt>
      <trkpt lat="28.524574041366577" lon="-16.251462008804083">
        <ele>551.10000000000002</ele>
      </trkpt>
      <trkpt lat="28.524578986689448" lon="-16.251467037945986">
        <ele>551.10000000000002</ele>
      </trkpt>
      <trkpt lat="28.524584015831351" lon="-16.251469971612096">
        <ele>551.10000000000002</ele>
      </trkpt>
      <trkpt lat="28.524588961154222" lon="-16.251473994925618">
        <ele>551.10000000000002</ele>
      </trkpt>
      <trkpt lat="28.524592984467745" lon="-16.25147701241076">
        <ele>551.20000000000005</ele>
      </trkpt>
      <trkpt lat="28.524597007781267" lon="-16.251482963562012">
        <ele>551.29999999999995</ele>
      </trkpt>
      <trkpt lat="28.524598013609648" lon="-16.251484975218773">
        <ele>551.39999999999998</ele>
      </trkpt>
      <trkpt lat="28.524600025266409" lon="-16.251490004360676">
        <ele>551.60000000000002</ele>
      </trkpt>
      <trkpt lat="28.524600025266409" lon="-16.251493021845818">
        <ele>551.70000000000005</ele>
      </trkpt>
      <trkpt lat="28.524598013609648" lon="-16.251497967168689">
        <ele>551.89999999999998</ele>
      </trkpt>
      <trkpt lat="28.524594996124506" lon="-16.251501990482211">
        <ele>552.10000000000002</ele>
      </trkpt>
      <trkpt lat="28.524589966982603" lon="-16.251505007967353">
        <ele>552.20000000000005</ele>
      </trkpt>
      <trkpt lat="28.524585021659732" lon="-16.251507019624114">
        <ele>552.5</ele>
      </trkpt>
      <trkpt lat="28.524579992517829" lon="-16.251510037109256">
        <ele>552.70000000000005</ele>
      </trkpt>
      <trkpt lat="28.524573035538197" lon="-16.251510959118605">
        <ele>552.79999999999995</ele>
      </trkpt>
      <trkpt lat="28.524542022496462" lon="-16.251510959118605">
        <ele>553</ele>
      </trkpt>
      <trkpt lat="28.524536993354559" lon="-16.251513976603746">
        <ele>553.20000000000005</ele>
      </trkpt>
      <trkpt lat="28.524530958384275" lon="-16.251522023230791">
        <ele>553.70000000000005</ele>
      </trkpt>
      <trkpt lat="28.524524001404643" lon="-16.251528980210423">
        <ele>554</ele>
      </trkpt>
      <trkpt lat="28.52451897226274" lon="-16.251533003523946">
        <ele>554.10000000000002</ele>
      </trkpt>
      <trkpt lat="28.524512015283108" lon="-16.251540966331959">
        <ele>554.39999999999998</ele>
      </trkpt>
      <trkpt lat="28.524505980312824" lon="-16.251549012959003">
        <ele>554.60000000000002</ele>
      </trkpt>
      <trkpt lat="28.524500029161572" lon="-16.251556975767016">
        <ele>554.60000000000002</ele>
      </trkpt>
      <trkpt lat="28.524493994191289" lon="-16.251564016565681">
        <ele>554.89999999999998</ele>
      </trkpt>
      <trkpt lat="28.524489970877767" lon="-16.251569967716932">
        <ele>555.10000000000002</ele>
      </trkpt>
      <trkpt lat="28.524486031383276" lon="-16.251576002687216">
        <ele>555.20000000000005</ele>
      </trkpt>
      <trkpt lat="28.524483013898134" lon="-16.251579020172358">
        <ele>555.20000000000005</ele>
      </trkpt>
      <trkpt lat="28.524477984756231" lon="-16.251583965495229">
        <ele>555.39999999999998</ele>
      </trkpt>
      <trkpt lat="28.52447203360498" lon="-16.251591006293893">
        <ele>555.70000000000005</ele>
      </trkpt>
      <trkpt lat="28.524462981149554" lon="-16.251600980758667">
        <ele>556</ele>
      </trkpt>
      <trkpt lat="28.524458035826683" lon="-16.251608021557331">
        <ele>556.20000000000005</ele>
      </trkpt>
      <trkpt lat="28.524454012513161" lon="-16.251612966880202">
        <ele>556.29999999999995</ele>
      </trkpt>
      <trkpt lat="28.524450995028019" lon="-16.251617996022105">
        <ele>556.39999999999998</ele>
      </trkpt>
      <trkpt lat="28.524444960057735" lon="-16.251624030992389">
        <ele>556.5</ele>
      </trkpt>
      <trkpt lat="28.524441020563245" lon="-16.251629982143641">
        <ele>556.79999999999995</ele>
      </trkpt>
      <trkpt lat="28.524435991421342" lon="-16.251635011285543">
        <ele>556.89999999999998</ele>
      </trkpt>
      <trkpt lat="28.5244329739362" lon="-16.251642974093556">
        <ele>557.20000000000005</ele>
      </trkpt>
      <trkpt lat="28.5244329739362" lon="-16.25164900906384">
        <ele>557.39999999999998</ele>
      </trkpt>
      <trkpt lat="28.5244329739362" lon="-16.251654038205743">
        <ele>557.60000000000002</ele>
      </trkpt>
      <trkpt lat="28.524434985592961" lon="-16.251658983528614">
        <ele>557.89999999999998</ele>
      </trkpt>
      <trkpt lat="28.524439008906484" lon="-16.251662001013756">
        <ele>558.20000000000005</ele>
      </trkpt>
      <trkpt lat="28.524444038048387" lon="-16.251664012670517">
        <ele>558.39999999999998</ele>
      </trkpt>
      <trkpt lat="28.524450995028019" lon="-16.251665018498898">
        <ele>558.70000000000005</ele>
      </trkpt>
      <trkpt lat="28.524457029998302" lon="-16.251666024327278">
        <ele>558.79999999999995</ele>
      </trkpt>
      <trkpt lat="28.524463986977935" lon="-16.251666024327278">
        <ele>559.10000000000002</ele>
      </trkpt>
      <trkpt lat="28.524470021948218" lon="-16.251667030155659">
        <ele>559.10000000000002</ele>
      </trkpt>
      <trkpt lat="28.524476978927851" lon="-16.251667030155659">
        <ele>559.20000000000005</ele>
      </trkpt>
      <trkpt lat="28.524486031383276" lon="-16.251667030155659">
        <ele>559.29999999999995</ele>
      </trkpt>
      <trkpt lat="28.524490976706147" lon="-16.251666024327278">
        <ele>559.39999999999998</ele>
      </trkpt>
      <trkpt lat="28.524497011676431" lon="-16.251666024327278">
        <ele>559.5</ele>
      </trkpt>
      <trkpt lat="28.524502040818334" lon="-16.251666024327278">
        <ele>559.60000000000002</ele>
      </trkpt>
      <trkpt lat="28.524508997797966" lon="-16.25166904181242">
        <ele>559.79999999999995</ele>
      </trkpt>
      <trkpt lat="28.524514026939869" lon="-16.25167197547853">
        <ele>559.79999999999995</ele>
      </trkpt>
      <trkpt lat="28.524520983919501" lon="-16.251674992963672">
        <ele>559.89999999999998</ele>
      </trkpt>
      <trkpt lat="28.524526013061404" lon="-16.251677004620433">
        <ele>560</ele>
      </trkpt>
      <trkpt lat="28.524531964212656" lon="-16.251680022105575">
        <ele>560.20000000000005</ele>
      </trkpt>
      <trkpt lat="28.524532970041037" lon="-16.251682033762336">
        <ele>560.29999999999995</ele>
      </trkpt>
      <trkpt lat="28.524530958384275" lon="-16.251691002398729">
        <ele>560.5</ele>
      </trkpt>
      <trkpt lat="28.524529030546546" lon="-16.251695025712252">
        <ele>560.5</ele>
      </trkpt>
      <trkpt lat="28.524528024718165" lon="-16.251699971035123">
        <ele>560.70000000000005</ele>
      </trkpt>
      <trkpt lat="28.524525007233024" lon="-16.251706006005406">
        <ele>560.79999999999995</ele>
      </trkpt>
      <trkpt lat="28.524524001404643" lon="-16.251708017662168">
        <ele>561</ele>
      </trkpt>
      <trkpt lat="28.52451796643436" lon="-16.25171204097569">
        <ele>561.20000000000005</ele>
      </trkpt>
      <trkpt lat="28.524512015283108" lon="-16.251713968813419">
        <ele>561.39999999999998</ele>
      </trkpt>
      <trkpt lat="28.524503968656063" lon="-16.251715980470181">
        <ele>561.39999999999998</ele>
      </trkpt>
      <trkpt lat="28.524463986977935" lon="-16.251725032925606">
        <ele>562.29999999999995</ele>
      </trkpt>
      <trkpt lat="28.524459041655064" lon="-16.251740036532283">
        <ele>562.60000000000002</ele>
      </trkpt>
      <trkpt lat="28.524471027776599" lon="-16.251749005168676">
        <ele>563.10000000000002</ele>
      </trkpt>
      <trkpt lat="28.524487959221005" lon="-16.251755962148309">
        <ele>563.70000000000005</ele>
      </trkpt>
      <trkpt lat="28.524493994191289" lon="-16.251766020432115">
        <ele>564</ele>
      </trkpt>
      <trkpt lat="28.52447496727109" lon="-16.251782029867172">
        <ele>564.70000000000005</ele>
      </trkpt>
      <trkpt lat="28.524471027776599" lon="-16.251784041523933">
        <ele>564.70000000000005</ele>
      </trkpt>
      <trkpt lat="28.524465998634696" lon="-16.251786975190043">
        <ele>564.79999999999995</ele>
      </trkpt>
      <trkpt lat="28.524459963664412" lon="-16.251788986846805">
        <ele>565</ele>
      </trkpt>
      <trkpt lat="28.524454012513161" lon="-16.251790998503566">
        <ele>565.20000000000005</ele>
      </trkpt>
      <trkpt lat="28.524446971714497" lon="-16.251793010160327">
        <ele>565.20000000000005</ele>
      </trkpt>
      <trkpt lat="28.524441020563245" lon="-16.251795021817088">
        <ele>565.20000000000005</ele>
      </trkpt>
      <trkpt lat="28.524434985592961" lon="-16.251797033473849">
        <ele>565.29999999999995</ele>
      </trkpt>
      <trkpt lat="28.524427022784948" lon="-16.251798961311579">
        <ele>565.29999999999995</ele>
      </trkpt>
      <trkpt lat="28.524419981986284" lon="-16.251803990453482">
        <ele>565.60000000000002</ele>
      </trkpt>
      <trkpt lat="28.524413025006652" lon="-16.251809019595385">
        <ele>566</ele>
      </trkpt>
      <trkpt lat="28.524405984207988" lon="-16.251814970746636">
        <ele>566.29999999999995</ele>
      </trkpt>
      <trkpt lat="28.524398021399975" lon="-16.2518220115453">
        <ele>566.5</ele>
      </trkpt>
      <trkpt lat="28.52438704110682" lon="-16.251832991838455">
        <ele>566.89999999999998</ele>
      </trkpt>
      <trkpt lat="28.524378994479775" lon="-16.251841960474849">
        <ele>567.20000000000005</ele>
      </trkpt>
      <trkpt lat="28.524372037500143" lon="-16.251849001273513">
        <ele>567.5</ele>
      </trkpt>
      <trkpt lat="28.524368014186621" lon="-16.251853024587035">
        <ele>567.60000000000002</ele>
      </trkpt>
      <trkpt lat="28.524358961731195" lon="-16.251859981566668">
        <ele>567.79999999999995</ele>
      </trkpt>
      <trkpt lat="28.524355022236705" lon="-16.25186501070857">
        <ele>567.89999999999998</ele>
      </trkpt>
      <trkpt lat="28.524350998923182" lon="-16.251870039850473">
        <ele>568.29999999999995</ele>
      </trkpt>
      <trkpt lat="28.52434596978128" lon="-16.251883031800389">
        <ele>568.89999999999998</ele>
      </trkpt>
      <trkpt lat="28.524343958124518" lon="-16.251901974901557">
        <ele>569.79999999999995</ele>
      </trkpt>
      <trkpt lat="28.52434596978128" lon="-16.251915972679853">
        <ele>570.20000000000005</ele>
      </trkpt>
      <trkpt lat="28.52434596978128" lon="-16.25192997045815">
        <ele>570.39999999999998</ele>
      </trkpt>
      <trkpt lat="28.524344963952899" lon="-16.251939022913575">
        <ele>570.5</ele>
      </trkpt>
      <trkpt lat="28.52434303611517" lon="-16.25195000320673">
        <ele>570.60000000000002</ele>
      </trkpt>
      <trkpt lat="28.52434303611517" lon="-16.251966012641788">
        <ele>571</ele>
      </trkpt>
      <trkpt lat="28.52434596978128" lon="-16.251985039561987">
        <ele>571.20000000000005</ele>
      </trkpt>
      <trkpt lat="28.524347981438041" lon="-16.251999959349632">
        <ele>571.39999999999998</ele>
      </trkpt>
      <trkpt lat="28.524348987266421" lon="-16.252009011805058">
        <ele>571.39999999999998</ele>
      </trkpt>
      <trkpt lat="28.524348987266421" lon="-16.252022003754973">
        <ele>571.60000000000002</ele>
      </trkpt>
      <trkpt lat="28.524353010579944" lon="-16.252038013190031">
        <ele>571.79999999999995</ele>
      </trkpt>
      <trkpt lat="28.524353010579944" lon="-16.25205896794796">
        <ele>571.79999999999995</ele>
      </trkpt>
      <trkpt lat="28.524353010579944" lon="-16.252071959897876">
        <ele>571.79999999999995</ele>
      </trkpt>
      <trkpt lat="28.524352004751563" lon="-16.252086963504553">
        <ele>571.70000000000005</ele>
      </trkpt>
      <trkpt lat="28.524353010579944" lon="-16.2521000392735">
        <ele>571.70000000000005</ele>
      </trkpt>
      <trkpt lat="28.524352004751563" lon="-16.252111019566655">
        <ele>571.89999999999998</ele>
      </trkpt>
      <trkpt lat="28.524353010579944" lon="-16.252117976546288">
        <ele>571.79999999999995</ele>
      </trkpt>
      <trkpt lat="28.524353010579944" lon="-16.252127029001713">
        <ele>571.89999999999998</ele>
      </trkpt>
      <trkpt lat="28.524352004751563" lon="-16.252139015123248">
        <ele>571.89999999999998</ele>
      </trkpt>
      <trkpt lat="28.524352004751563" lon="-16.2521449662745">
        <ele>571.89999999999998</ele>
      </trkpt>
      <trkpt lat="28.524352004751563" lon="-16.252159969881177">
        <ele>572</ele>
      </trkpt>
      <trkpt lat="28.524350998923182" lon="-16.252169022336602">
        <ele>572.20000000000005</ele>
      </trkpt>
      <trkpt lat="28.524352004751563" lon="-16.252178996801376">
        <ele>572.20000000000005</ele>
      </trkpt>
      <trkpt lat="28.524353010579944" lon="-16.252195006236434">
        <ele>572.20000000000005</ele>
      </trkpt>
      <trkpt lat="28.524353010579944" lon="-16.252203974872828">
        <ele>572.29999999999995</ele>
      </trkpt>
      <trkpt lat="28.524353010579944" lon="-16.252211015671492">
        <ele>572.29999999999995</ele>
      </trkpt>
      <trkpt lat="28.524354016408324" lon="-16.252217972651124">
        <ele>572.29999999999995</ele>
      </trkpt>
      <trkpt lat="28.524355022236705" lon="-16.252224007621408">
        <ele>572.29999999999995</ele>
      </trkpt>
      <trkpt lat="28.524355022236705" lon="-16.252229958772659">
        <ele>572.39999999999998</ele>
      </trkpt>
      <trkpt lat="28.524355022236705" lon="-16.252236999571323">
        <ele>572.5</ele>
      </trkpt>
      <trkpt lat="28.524356028065085" lon="-16.252249991521239">
        <ele>572.60000000000002</ele>
      </trkpt>
      <trkpt lat="28.524357033893466" lon="-16.252260971814394">
        <ele>572.79999999999995</ele>
      </trkpt>
      <trkpt lat="28.524357033893466" lon="-16.252268012613058">
        <ele>572.79999999999995</ele>
      </trkpt>
      <trkpt lat="28.524354016408324" lon="-16.252324003726244">
        <ele>573.39999999999998</ele>
      </trkpt>
      <trkpt lat="28.524355022236705" lon="-16.25233800150454">
        <ele>573.39999999999998</ele>
      </trkpt>
      <trkpt lat="28.524354016408324" lon="-16.252348981797695">
        <ele>573.70000000000005</ele>
      </trkpt>
      <trkpt lat="28.524352004751563" lon="-16.252364991232753">
        <ele>573.70000000000005</ele>
      </trkpt>
      <trkpt lat="28.524349993094802" lon="-16.252382006496191">
        <ele>573.39999999999998</ele>
      </trkpt>
      <trkpt lat="28.524348987266421" lon="-16.252394998446107">
        <ele>573.20000000000005</ele>
      </trkpt>
      <trkpt lat="28.52434697560966" lon="-16.252406984567642">
        <ele>573.10000000000002</ele>
      </trkpt>
      <trkpt lat="28.524344963952899" lon="-16.252416037023067">
        <ele>573</ele>
      </trkpt>
      <trkpt lat="28.52434303611517" lon="-16.252427017316222">
        <ele>572.89999999999998</ele>
      </trkpt>
      <trkpt lat="28.524342030286789" lon="-16.252435985952616">
        <ele>572.89999999999998</ele>
      </trkpt>
      <trkpt lat="28.524339012801647" lon="-16.252447972074151">
        <ele>573</ele>
      </trkpt>
      <trkpt lat="28.524334989488125" lon="-16.252459036186337">
        <ele>573.10000000000002</ele>
      </trkpt>
      <trkpt lat="28.524329960346222" lon="-16.25246699899435">
        <ele>573.10000000000002</ele>
      </trkpt>
      <trkpt lat="28.524329038336873" lon="-16.252469010651112">
        <ele>573.10000000000002</ele>
      </trkpt>
      <trkpt lat="28.524325015023351" lon="-16.252477979287505">
        <ele>573.10000000000002</ele>
      </trkpt>
      <trkpt lat="28.524319985881448" lon="-16.252488037571311">
        <ele>573.29999999999995</ele>
      </trkpt>
      <trkpt lat="28.524314034730196" lon="-16.252500023692846">
        <ele>573.5</ele>
      </trkpt>
      <trkpt lat="28.524311017245054" lon="-16.252505974844098">
        <ele>573.39999999999998</ele>
      </trkpt>
      <trkpt lat="28.524306993931532" lon="-16.252512009814382">
        <ele>573.29999999999995</ele>
      </trkpt>
      <trkpt lat="28.52430397644639" lon="-16.252517960965633">
        <ele>573.29999999999995</ele>
      </trkpt>
      <trkpt lat="28.5243000369519" lon="-16.252527013421059">
        <ele>573.39999999999998</ele>
      </trkpt>
      <trkpt lat="28.524295007809997" lon="-16.252536987885833">
        <ele>573.29999999999995</ele>
      </trkpt>
      <trkpt lat="28.524290984496474" lon="-16.252543022856116">
        <ele>573.29999999999995</ele>
      </trkpt>
      <trkpt lat="28.524287967011333" lon="-16.252549979835749">
        <ele>573.10000000000002</ele>
      </trkpt>
      <trkpt lat="28.524284027516842" lon="-16.252557020634413">
        <ele>573.10000000000002</ele>
      </trkpt>
      <trkpt lat="28.5242810100317" lon="-16.252566995099187">
        <ele>573.10000000000002</ele>
      </trkpt>
      <trkpt lat="28.524276986718178" lon="-16.252577975392342">
        <ele>573.20000000000005</ele>
      </trkpt>
      <trkpt lat="28.524272963404655" lon="-16.252590967342257">
        <ele>573.29999999999995</ele>
      </trkpt>
      <trkpt lat="28.524272041395307" lon="-16.252600019797683">
        <ele>573.20000000000005</ele>
      </trkpt>
      <trkpt lat="28.524270029738545" lon="-16.252607982605696">
        <ele>573.29999999999995</ele>
      </trkpt>
      <trkpt lat="28.524268018081784" lon="-16.252618040889502">
        <ele>573.29999999999995</ele>
      </trkpt>
      <trkpt lat="28.524267012253404" lon="-16.252633966505527">
        <ele>573.39999999999998</ele>
      </trkpt>
      <trkpt lat="28.524266006425023" lon="-16.252643018960953">
        <ele>573.5</ele>
      </trkpt>
      <trkpt lat="28.524265000596642" lon="-16.252650981768966">
        <ele>573.5</ele>
      </trkpt>
      <trkpt lat="28.524265000596642" lon="-16.252661040052772">
        <ele>573.5</ele>
      </trkpt>
      <trkpt lat="28.524267012253404" lon="-16.252669002860785">
        <ele>573.70000000000005</ele>
      </trkpt>
      <trkpt lat="28.524267012253404" lon="-16.25268098898232">
        <ele>574.20000000000005</ele>
      </trkpt>
      <trkpt lat="28.524269023910165" lon="-16.252690963447094">
        <ele>574.29999999999995</ele>
      </trkpt>
      <trkpt lat="28.524271035566926" lon="-16.25270202755928">
        <ele>574.39999999999998</ele>
      </trkpt>
      <trkpt lat="28.524271035566926" lon="-16.252714013680816">
        <ele>574.29999999999995</ele>
      </trkpt>
      <trkpt lat="28.524271035566926" lon="-16.252721976488829">
        <ele>574.20000000000005</ele>
      </trkpt>
      <trkpt lat="28.524271035566926" lon="-16.252730023115873">
        <ele>574.39999999999998</ele>
      </trkpt>
      <trkpt lat="28.524271035566926" lon="-16.252737985923886">
        <ele>574.60000000000002</ele>
      </trkpt>
      <trkpt lat="28.524270029738545" lon="-16.252753995358944">
        <ele>574.70000000000005</ele>
      </trkpt>
      <trkpt lat="28.524271035566926" lon="-16.252763969823718">
        <ele>574.60000000000002</ele>
      </trkpt>
      <trkpt lat="28.524272041395307" lon="-16.252774028107524">
        <ele>574.60000000000002</ele>
      </trkpt>
      <trkpt lat="28.524273969233036" lon="-16.25278702005744">
        <ele>574.60000000000002</ele>
      </trkpt>
      <trkpt lat="28.524275980889797" lon="-16.252795988693833">
        <ele>574.5</ele>
      </trkpt>
      <trkpt lat="28.524277992546558" lon="-16.252807974815369">
        <ele>574.5</ele>
      </trkpt>
      <trkpt lat="28.524282015860081" lon="-16.252819038927555">
        <ele>574.79999999999995</ele>
      </trkpt>
      <trkpt lat="28.524286961182952" lon="-16.252823984250426">
        <ele>575</ele>
      </trkpt>
      <trkpt lat="28.524290984496474" lon="-16.2528339587152">
        <ele>575</ele>
      </trkpt>
      <trkpt lat="28.524295007809997" lon="-16.252843011170626">
        <ele>574.60000000000002</ele>
      </trkpt>
      <trkpt lat="28.524298025295138" lon="-16.252848962321877">
        <ele>574.5</ele>
      </trkpt>
      <trkpt lat="28.524300958961248" lon="-16.25285399146378">
        <ele>574.39999999999998</ele>
      </trkpt>
      <trkpt lat="28.524306993931532" lon="-16.252860026434064">
        <ele>574.5</ele>
      </trkpt>
      <trkpt lat="28.524312023073435" lon="-16.252864971756935">
        <ele>574.39999999999998</ele>
      </trkpt>
      <trkpt lat="28.524317974224687" lon="-16.252872012555599">
        <ele>574.20000000000005</ele>
      </trkpt>
      <trkpt lat="28.52432400919497" lon="-16.252881987020373">
        <ele>574.29999999999995</ele>
      </trkpt>
      <trkpt lat="28.524329960346222" lon="-16.252891039475799">
        <ele>574.29999999999995</ele>
      </trkpt>
      <trkpt lat="28.524333983659744" lon="-16.252897996455431">
        <ele>574</ele>
      </trkpt>
      <trkpt lat="28.524339012801647" lon="-16.252907970920205">
        <ele>573.89999999999998</ele>
      </trkpt>
      <trkpt lat="28.524341024458408" lon="-16.252915011718869">
        <ele>573.89999999999998</ele>
      </trkpt>
      <trkpt lat="28.524358039721847" lon="-16.2529600225389">
        <ele>573.79999999999995</ele>
      </trkpt>
      <trkpt lat="28.524373965337873" lon="-16.253038980066776">
        <ele>574.20000000000005</ele>
      </trkpt>
      <trkpt lat="28.524373965337873" lon="-16.25304501503706">
        <ele>574.20000000000005</ele>
      </trkpt>
      <trkpt lat="28.524393998086452" lon="-16.253133025020361">
        <ele>574.60000000000002</ele>
      </trkpt>
      <trkpt lat="28.524401960894465" lon="-16.253182981163263">
        <ele>574.89999999999998</ele>
      </trkpt>
      <trkpt lat="28.524402966722846" lon="-16.253207037225366">
        <ele>575</ele>
      </trkpt>
      <trkpt lat="28.524406990036368" lon="-16.253227991983294">
        <ele>575.10000000000002</ele>
      </trkpt>
      <trkpt lat="28.52441000752151" lon="-16.25324098393321">
        <ele>575</ele>
      </trkpt>
      <trkpt lat="28.524412019178271" lon="-16.253256993368268">
        <ele>574.29999999999995</ele>
      </trkpt>
      <trkpt lat="28.524415036663413" lon="-16.253264034166932">
        <ele>574.5</ele>
      </trkpt>
      <trkpt lat="28.524415036663413" lon="-16.253271996974945">
        <ele>574.60000000000002</ele>
      </trkpt>
      <trkpt lat="28.524417970329523" lon="-16.253279959782958">
        <ele>574.70000000000005</ele>
      </trkpt>
      <trkpt lat="28.524420987814665" lon="-16.253288006410003">
        <ele>574.60000000000002</ele>
      </trkpt>
      <trkpt lat="28.524424005299807" lon="-16.253295969218016">
        <ele>574.5</ele>
      </trkpt>
      <trkpt lat="28.524428028613329" lon="-16.253308039158583">
        <ele>574.60000000000002</ele>
      </trkpt>
      <trkpt lat="28.52443196810782" lon="-16.253319019451737">
        <ele>574.70000000000005</ele>
      </trkpt>
      <trkpt lat="28.5244329739362" lon="-16.253332011401653">
        <ele>574.39999999999998</ele>
      </trkpt>
      <trkpt lat="28.524436997249722" lon="-16.253338968381286">
        <ele>574.79999999999995</ele>
      </trkpt>
      <trkpt lat="28.524441020563245" lon="-16.25334701500833">
        <ele>575.10000000000002</ele>
      </trkpt>
      <trkpt lat="28.524444960057735" lon="-16.253355983644724">
        <ele>575.20000000000005</ele>
      </trkpt>
      <trkpt lat="28.524447977542877" lon="-16.253363024443388">
        <ele>575.39999999999998</ele>
      </trkpt>
      <trkpt lat="28.524449989199638" lon="-16.25336998142302">
        <ele>575.39999999999998</ele>
      </trkpt>
      <trkpt lat="28.5244520008564" lon="-16.253376016393304">
        <ele>575.39999999999998</ele>
      </trkpt>
      <trkpt lat="28.5244520008564" lon="-16.253381967544556">
        <ele>575.39999999999998</ele>
      </trkpt>
      <trkpt lat="28.52445300668478" lon="-16.253391019999981">
        <ele>575.39999999999998</ele>
      </trkpt>
      <trkpt lat="28.524454012513161" lon="-16.253403006121516">
        <ele>575.20000000000005</ele>
      </trkpt>
      <trkpt lat="28.524456024169922" lon="-16.2534090410918">
        <ele>575.20000000000005</ele>
      </trkpt>
      <trkpt lat="28.524457029998302" lon="-16.253414992243052">
        <ele>575.20000000000005</ele>
      </trkpt>
      <trkpt lat="28.524459041655064" lon="-16.253423038870096">
        <ele>575.29999999999995</ele>
      </trkpt>
      <trkpt lat="28.524459963664412" lon="-16.253428990021348">
        <ele>575.39999999999998</ele>
      </trkpt>
      <trkpt lat="28.524460969492793" lon="-16.253436030820012">
        <ele>575.5</ele>
      </trkpt>
      <trkpt lat="28.524450995028019" lon="-16.25349897891283">
        <ele>575.39999999999998</ele>
      </trkpt>
      <trkpt lat="28.524449989199638" lon="-16.253557987511158">
        <ele>576.10000000000002</ele>
      </trkpt>
      <trkpt lat="28.524497011676431" lon="-16.253631999716163">
        <ele>578.70000000000005</ele>
      </trkpt>
      <trkpt lat="28.524508997797966" lon="-16.253656977787614">
        <ele>579.79999999999995</ele>
      </trkpt>
      <trkpt lat="28.52449600584805" lon="-16.253767032176256">
        <ele>580.60000000000002</ele>
      </trkpt>
      <trkpt lat="28.524490976706147" lon="-16.253816988319159">
        <ele>581.29999999999995</ele>
      </trkpt>
      <trkpt lat="28.524491982534528" lon="-16.253854036331177">
        <ele>582</ele>
      </trkpt>
      <trkpt lat="28.524485025554895" lon="-16.253879014402628">
        <ele>582</ele>
      </trkpt>
      <trkpt lat="28.524471027776599" lon="-16.25390600413084">
        <ele>581.60000000000002</ele>
      </trkpt>
      <trkpt lat="28.524443032220006" lon="-16.253936011344194">
        <ele>581.89999999999998</ele>
      </trkpt>
      <trkpt lat="28.524391986429691" lon="-16.253950009122491">
        <ele>581.29999999999995</ele>
      </trkpt>
      <trkpt lat="28.524341024458408" lon="-16.253994014114141">
        <ele>582.5</ele>
      </trkpt>
      <trkpt lat="28.524309005588293" lon="-16.254007006064057">
        <ele>582.60000000000002</ele>
      </trkpt>
      <trkpt lat="28.524300958961248" lon="-16.254013041034341">
        <ele>582.70000000000005</ele>
      </trkpt>
      <trkpt lat="28.5242810100317" lon="-16.254027960821986">
        <ele>583.10000000000002</ele>
      </trkpt>
      <trkpt lat="28.524270029738545" lon="-16.254040030762553">
        <ele>583.39999999999998</ele>
      </trkpt>
      <trkpt lat="28.524256031960249" lon="-16.25405402854085">
        <ele>583.70000000000005</ele>
      </trkpt>
      <trkpt lat="28.524239016696811" lon="-16.25407699495554">
        <ele>584.29999999999995</ele>
      </trkpt>
      <trkpt lat="28.524220995604992" lon="-16.254152012988925">
        <ele>586.39999999999998</ele>
      </trkpt>
      <trkpt lat="28.524263994768262" lon="-16.254197023808956">
        <ele>588.39999999999998</ele>
      </trkpt>
      <trkpt lat="28.524372037500143" lon="-16.254288973286748">
        <ele>591.5</ele>
      </trkpt>
      <trkpt lat="28.524427022784948" lon="-16.254375977441669">
        <ele>592.89999999999998</ele>
      </trkpt>
      <trkpt lat="28.524448983371258" lon="-16.254436997696757">
        <ele>594</ele>
      </trkpt>
      <trkpt lat="28.524465998634696" lon="-16.25450698658824">
        <ele>595.20000000000005</ele>
      </trkpt>
      <trkpt lat="28.524476978927851" lon="-16.254584016278386">
        <ele>595.70000000000005</ele>
      </trkpt>
      <trkpt lat="28.524476978927851" lon="-16.254584016278386">
        <ele>595.70000000000005</ele>
      </trkpt>
      <trkpt lat="28.52443196810782" lon="-16.254866989329457">
        <ele>598.20000000000005</ele>
      </trkpt>
      <trkpt lat="28.524420987814665" lon="-16.254996992647648">
        <ele>599.20000000000005</ele>
      </trkpt>
      <trkpt lat="28.524424005299807" lon="-16.255083996802568">
        <ele>599.5</ele>
      </trkpt>
      <trkpt lat="28.524411013349891" lon="-16.255204025655985">
        <ele>599.79999999999995</ele>
      </trkpt>
      <trkpt lat="28.524378994479775" lon="-16.255370993167162">
        <ele>600.60000000000002</ele>
      </trkpt>
      <trkpt lat="28.524312023073435" lon="-16.255710041150451">
        <ele>602.39999999999998</ele>
      </trkpt>
      <trkpt lat="28.524307999759912" lon="-16.255777012556791">
        <ele>602.60000000000002</ele>
      </trkpt>
      <trkpt lat="28.524307999759912" lon="-16.255777012556791">
        <ele>602.60000000000002</ele>
      </trkpt>
      <trkpt lat="28.524288972839713" lon="-16.255809031426907">
        <ele>602.70000000000005</ele>
      </trkpt>
      <trkpt lat="28.524268018081784" lon="-16.25585999339819">
        <ele>604.29999999999995</ele>
      </trkpt>
      <trkpt lat="28.52426097728312" lon="-16.255887988954782">
        <ele>604.89999999999998</ele>
      </trkpt>
      <trkpt lat="28.524258965626359" lon="-16.255899975076318">
        <ele>605.20000000000005</ele>
      </trkpt>
      <trkpt lat="28.524257959797978" lon="-16.255909027531743">
        <ele>605.29999999999995</ele>
      </trkpt>
      <trkpt lat="28.52425703778863" lon="-16.255916990339756">
        <ele>605.5</ele>
      </trkpt>
      <trkpt lat="28.524257959797978" lon="-16.255925036966801">
        <ele>605.70000000000005</ele>
      </trkpt>
      <trkpt lat="28.524257959797978" lon="-16.255934005603194">
        <ele>605.89999999999998</ele>
      </trkpt>
      <trkpt lat="28.524257959797978" lon="-16.255940962582827">
        <ele>606</ele>
      </trkpt>
      <trkpt lat="28.524257959797978" lon="-16.255948003381491">
        <ele>606.10000000000002</ele>
      </trkpt>
      <trkpt lat="28.52425703778863" lon="-16.255954038351774">
        <ele>606.20000000000005</ele>
      </trkpt>
      <trkpt lat="28.524256031960249" lon="-16.255959989503026">
        <ele>606.29999999999995</ele>
      </trkpt>
      <trkpt lat="28.524254020303488" lon="-16.255965018644929">
        <ele>606.29999999999995</ele>
      </trkpt>
      <trkpt lat="28.524253014475107" lon="-16.255971975624561">
        <ele>606.39999999999998</ele>
      </trkpt>
      <trkpt lat="28.524249996989965" lon="-16.255981028079987">
        <ele>606.39999999999998</ele>
      </trkpt>
      <trkpt lat="28.524247985333204" lon="-16.255988990888">
        <ele>606.5</ele>
      </trkpt>
      <trkpt lat="28.524244967848063" lon="-16.255996031686664">
        <ele>606.60000000000002</ele>
      </trkpt>
      <trkpt lat="28.524241028353572" lon="-16.256003994494677">
        <ele>606.70000000000005</ele>
      </trkpt>
      <trkpt lat="28.52423801086843" lon="-16.256015980616212">
        <ele>607</ele>
      </trkpt>
      <trkpt lat="28.524234993383288" lon="-16.256026038900018">
        <ele>607.20000000000005</ele>
      </trkpt>
      <trkpt lat="28.524232981726527" lon="-16.256039030849934">
        <ele>607.39999999999998</ele>
      </trkpt>
      <trkpt lat="28.524230970069766" lon="-16.25605202279985">
        <ele>607.60000000000002</ele>
      </trkpt>
      <trkpt lat="28.524229964241385" lon="-16.256072977557778">
        <ele>607.79999999999995</ele>
      </trkpt>
      <trkpt lat="28.524229964241385" lon="-16.256090998649597">
        <ele>607.79999999999995</ele>
      </trkpt>
      <trkpt lat="28.524229964241385" lon="-16.256103990599513">
        <ele>607.89999999999998</ele>
      </trkpt>
      <trkpt lat="28.524231975898147" lon="-16.256116982549429">
        <ele>608.20000000000005</ele>
      </trkpt>
      <trkpt lat="28.524231975898147" lon="-16.256130980327725">
        <ele>608.29999999999995</ele>
      </trkpt>
      <trkpt lat="28.524232981726527" lon="-16.256144978106022">
        <ele>608.5</ele>
      </trkpt>
      <trkpt lat="28.524232981726527" lon="-16.256155036389828">
        <ele>608.5</ele>
      </trkpt>
      <trkpt lat="28.524233987554908" lon="-16.256167022511363">
        <ele>608.70000000000005</ele>
      </trkpt>
      <trkpt lat="28.524233987554908" lon="-16.256184037774801">
        <ele>609</ele>
      </trkpt>
      <trkpt lat="28.524233987554908" lon="-16.256198035553098">
        <ele>609.20000000000005</ele>
      </trkpt>
      <trkpt lat="28.524232981726527" lon="-16.256209015846252">
        <ele>609.20000000000005</ele>
      </trkpt>
      <trkpt lat="28.524232981726527" lon="-16.25622502528131">
        <ele>609.5</ele>
      </trkpt>
      <trkpt lat="28.524234993383288" lon="-16.256240028887987">
        <ele>610.10000000000002</ele>
      </trkpt>
      <trkpt lat="28.524235999211669" lon="-16.256254026666284">
        <ele>610.29999999999995</ele>
      </trkpt>
      <trkpt lat="28.52423700504005" lon="-16.256265006959438">
        <ele>610.5</ele>
      </trkpt>
      <trkpt lat="28.52423801086843" lon="-16.256276993080974">
        <ele>610.79999999999995</ele>
      </trkpt>
      <trkpt lat="28.524239016696811" lon="-16.256286967545748">
        <ele>610.89999999999998</ele>
      </trkpt>
      <trkpt lat="28.524240022525191" lon="-16.256299037486315">
        <ele>611</ele>
      </trkpt>
      <trkpt lat="28.524241028353572" lon="-16.256310017779469">
        <ele>611.29999999999995</ele>
      </trkpt>
      <trkpt lat="28.524243962019682" lon="-16.256322003901005">
        <ele>611.60000000000002</ele>
      </trkpt>
      <trkpt lat="28.524246979504824" lon="-16.256340024992824">
        <ele>612</ele>
      </trkpt>
      <trkpt lat="28.524252008646727" lon="-16.256360979750752">
        <ele>612.39999999999998</ele>
      </trkpt>
      <trkpt lat="28.524255026131868" lon="-16.25637698918581">
        <ele>612.60000000000002</ele>
      </trkpt>
      <trkpt lat="28.524257959797978" lon="-16.256390986964107">
        <ele>612.79999999999995</ele>
      </trkpt>
      <trkpt lat="28.524243962019682" lon="-16.256454018875957">
        <ele>615</ele>
      </trkpt>
      <trkpt lat="28.524243040010333" lon="-16.256468016654253">
        <ele>615.29999999999995</ele>
      </trkpt>
      <trkpt lat="28.524241028353572" lon="-16.256480002775788">
        <ele>615.5</ele>
      </trkpt>
      <trkpt lat="28.524241028353572" lon="-16.256492994725704">
        <ele>615.79999999999995</ele>
      </trkpt>
      <trkpt lat="28.524239016696811" lon="-16.256512021645904">
        <ele>616.79999999999995</ele>
      </trkpt>
      <trkpt lat="28.524239016696811" lon="-16.256520990282297">
        <ele>617.89999999999998</ele>
      </trkpt>
      <trkpt lat="28.52423700504005" lon="-16.256529036909342">
        <ele>618.10000000000002</ele>
      </trkpt>
      <trkpt lat="28.524234993383288" lon="-16.256540017202497">
        <ele>617.70000000000005</ele>
      </trkpt>
      <trkpt lat="28.524228958413005" lon="-16.256550997495651">
        <ele>617.60000000000002</ele>
      </trkpt>
      <trkpt lat="28.524223007261753" lon="-16.256566001102328">
        <ele>617.89999999999998</ele>
      </trkpt>
      <trkpt lat="28.52421697229147" lon="-16.256576981395483">
        <ele>618.39999999999998</ele>
      </trkpt>
      <trkpt lat="28.524213032796979" lon="-16.256587039679289">
        <ele>618.70000000000005</ele>
      </trkpt>
      <trkpt lat="28.524209009483457" lon="-16.256593996658921">
        <ele>618.60000000000002</ele>
      </trkpt>
      <trkpt lat="28.524205991998315" lon="-16.256600031629205">
        <ele>618.60000000000002</ele>
      </trkpt>
      <trkpt lat="28.524202974513173" lon="-16.256604976952076">
        <ele>618.29999999999995</ele>
      </trkpt>
      <trkpt lat="28.524199035018682" lon="-16.256611011922359">
        <ele>618.70000000000005</ele>
      </trkpt>
      <trkpt lat="28.52419501170516" lon="-16.256617968901992">
        <ele>619.20000000000005</ele>
      </trkpt>
      <trkpt lat="28.524188976734877" lon="-16.256625009700656">
        <ele>619.39999999999998</ele>
      </trkpt>
      <trkpt lat="28.524185959249735" lon="-16.256630038842559">
        <ele>619.60000000000002</ele>
      </trkpt>
      <trkpt lat="28.524184031412005" lon="-16.256635989993811">
        <ele>620.10000000000002</ele>
      </trkpt>
      <trkpt lat="28.524181013926864" lon="-16.256643030792475">
        <ele>620.70000000000005</ele>
      </trkpt>
      <trkpt lat="28.524177996441722" lon="-16.256650993600488">
        <ele>620.89999999999998</ele>
      </trkpt>
      <trkpt lat="28.524172967299819" lon="-16.256662979722023">
        <ele>620.89999999999998</ele>
      </trkpt>
      <trkpt lat="28.524168021976948" lon="-16.256674965843558">
        <ele>620.89999999999998</ele>
      </trkpt>
      <trkpt lat="28.524161987006664" lon="-16.256685024127364">
        <ele>621</ele>
      </trkpt>
      <trkpt lat="28.524153018370271" lon="-16.256701033562422">
        <ele>621.89999999999998</ele>
      </trkpt>
      <trkpt lat="28.524146983399987" lon="-16.256708996370435">
        <ele>621.89999999999998</ele>
      </trkpt>
      <trkpt lat="28.524143965914845" lon="-16.256715031340718">
        <ele>622.10000000000002</ele>
      </trkpt>
      <trkpt lat="28.524140026420355" lon="-16.256722994148731">
        <ele>622.39999999999998</ele>
      </trkpt>
      <trkpt lat="28.524138014763594" lon="-16.256729029119015">
        <ele>622.60000000000002</ele>
      </trkpt>
      <trkpt lat="28.524134997278452" lon="-16.256735986098647">
        <ele>623.10000000000002</ele>
      </trkpt>
      <trkpt lat="28.52413097396493" lon="-16.256742021068931">
        <ele>623.20000000000005</ele>
      </trkpt>
      <trkpt lat="28.524127034470439" lon="-16.256746966391802">
        <ele>623.10000000000002</ele>
      </trkpt>
      <trkpt lat="28.524124016985297" lon="-16.256754007190466">
        <ele>623.5</ele>
      </trkpt>
      <trkpt lat="28.524118987843394" lon="-16.256759036332369">
        <ele>623.89999999999998</ele>
      </trkpt>
      <trkpt lat="28.524114964529872" lon="-16.256762975826859">
        <ele>624</ele>
      </trkpt>
      <trkpt lat="28.524110019207001" lon="-16.256770016625524">
        <ele>624.20000000000005</ele>
      </trkpt>
      <trkpt lat="28.524104990065098" lon="-16.256778985261917">
        <ele>624.5</ele>
      </trkpt>
      <trkpt lat="28.524096021428704" lon="-16.256790971383452">
        <ele>624.79999999999995</ele>
      </trkpt>
      <trkpt lat="28.524086968973279" lon="-16.256803041324019">
        <ele>625.20000000000005</ele>
      </trkpt>
      <trkpt lat="28.524076994508505" lon="-16.256815027445555">
        <ele>625.79999999999995</ele>
      </trkpt>
      <trkpt lat="28.524067020043731" lon="-16.256826007738709">
        <ele>626.10000000000002</ele>
      </trkpt>
      <trkpt lat="28.524055033922195" lon="-16.256841011345387">
        <ele>626.79999999999995</ele>
      </trkpt>
      <trkpt lat="28.524046987295151" lon="-16.256851991638541">
        <ele>626.70000000000005</ele>
      </trkpt>
      <trkpt lat="28.524041958153248" lon="-16.256860038265586">
        <ele>627.20000000000005</ele>
      </trkpt>
      <trkpt lat="28.524037012830377" lon="-16.256865989416838">
        <ele>627.70000000000005</ele>
      </trkpt>
      <trkpt lat="28.524028966203332" lon="-16.256878981366754">
        <ele>627.89999999999998</ele>
      </trkpt>
      <trkpt lat="28.52402301505208" lon="-16.256888033822179">
        <ele>628.10000000000002</ele>
      </trkpt>
      <trkpt lat="28.524019997566938" lon="-16.256893984973431">
        <ele>628.29999999999995</ele>
      </trkpt>
      <trkpt lat="28.524018991738558" lon="-16.256895996630192">
        <ele>628.29999999999995</ele>
      </trkpt>
      <trkpt lat="28.523999964818358" lon="-16.256926003843546">
        <ele>629.20000000000005</ele>
      </trkpt>
      <trkpt lat="28.523993007838726" lon="-16.256933966651559">
        <ele>629.5</ele>
      </trkpt>
      <trkpt lat="28.523984039202332" lon="-16.256946958601475">
        <ele>629.79999999999995</ele>
      </trkpt>
      <trkpt lat="28.523976998403668" lon="-16.256957016885281">
        <ele>630.29999999999995</ele>
      </trkpt>
      <trkpt lat="28.523969035595655" lon="-16.256966991350055">
        <ele>630.70000000000005</ele>
      </trkpt>
      <trkpt lat="28.523960988968611" lon="-16.256976965814829">
        <ele>631.20000000000005</ele>
      </trkpt>
      <trkpt lat="28.523954031988978" lon="-16.256986018270254">
        <ele>631.70000000000005</ele>
      </trkpt>
      <trkpt lat="28.523944979533553" lon="-16.256993981078267">
        <ele>631.29999999999995</ele>
      </trkpt>
      <trkpt lat="28.523931987583637" lon="-16.257003033533692">
        <ele>631.79999999999995</ele>
      </trkpt>
      <trkpt lat="28.523923018947244" lon="-16.257012002170086">
        <ele>631.89999999999998</ele>
      </trkpt>
      <trkpt lat="28.523914972320199" lon="-16.257018037140369">
        <ele>632.29999999999995</ele>
      </trkpt>
      <trkpt lat="28.523906003683805" lon="-16.257025999948382">
        <ele>632.29999999999995</ele>
      </trkpt>
      <trkpt lat="28.523898040875793" lon="-16.257033040747046">
        <ele>632.60000000000002</ele>
      </trkpt>
      <trkpt lat="28.52389301173389" lon="-16.257036980241537">
        <ele>632.79999999999995</ele>
      </trkpt>
      <trkpt lat="28.523891000077128" lon="-16.257041003555059">
        <ele>632.89999999999998</ele>
      </trkpt>
      <trkpt lat="28.523886976763606" lon="-16.257046032696962">
        <ele>633.10000000000002</ele>
      </trkpt>
      <trkpt lat="28.523883959278464" lon="-16.257053995504975">
        <ele>633.39999999999998</ele>
      </trkpt>
      <trkpt lat="28.523883959278464" lon="-16.257059024646878">
        <ele>633.70000000000005</ele>
      </trkpt>
      <trkpt lat="28.523883959278464" lon="-16.257062964141369">
        <ele>633.89999999999998</ele>
      </trkpt>
      <trkpt lat="28.523884965106845" lon="-16.257067993283272">
        <ele>634.20000000000005</ele>
      </trkpt>
      <trkpt lat="28.523888988420367" lon="-16.257068999111652">
        <ele>634.39999999999998</ele>
      </trkpt>
      <trkpt lat="28.52389401756227" lon="-16.257068999111652">
        <ele>634.60000000000002</ele>
      </trkpt>
      <trkpt lat="28.523897035047412" lon="-16.257068999111652">
        <ele>634.79999999999995</ele>
      </trkpt>
      <trkpt lat="28.523899968713522" lon="-16.257068999111652">
        <ele>635</ele>
      </trkpt>
      <trkpt lat="28.523903992027044" lon="-16.257065981626511">
        <ele>635</ele>
      </trkpt>
      <trkpt lat="28.523912038654089" lon="-16.257061958312988">
        <ele>635.60000000000002</ele>
      </trkpt>
      <trkpt lat="28.523923018947244" lon="-16.257056007161736">
        <ele>636.20000000000005</ele>
      </trkpt>
      <trkpt lat="28.523931987583637" lon="-16.257051983848214">
        <ele>636.10000000000002</ele>
      </trkpt>
      <trkpt lat="28.523939028382301" lon="-16.257047960534692">
        <ele>636</ele>
      </trkpt>
      <trkpt lat="28.523950008675456" lon="-16.257043015211821">
        <ele>635.89999999999998</ele>
      </trkpt>
      <trkpt lat="28.523960988968611" lon="-16.257036980241537">
        <ele>636.10000000000002</ele>
      </trkpt>
      <trkpt lat="28.523970963433385" lon="-16.257033040747046">
        <ele>636.70000000000005</ele>
      </trkpt>
      <trkpt lat="28.523981021717191" lon="-16.257028011605144">
        <ele>637.20000000000005</ele>
      </trkpt>
      <trkpt lat="28.524012034758925" lon="-16.257020970806479">
        <ele>638.20000000000005</ele>
      </trkpt>
      <trkpt lat="28.524018991738558" lon="-16.257018959149718">
        <ele>638.39999999999998</ele>
      </trkpt>
      <trkpt lat="28.524031983688474" lon="-16.257018959149718">
        <ele>638.79999999999995</ele>
      </trkpt>
      <trkpt lat="28.524047993123531" lon="-16.257016025483608">
        <ele>639.29999999999995</ele>
      </trkpt>
      <trkpt lat="28.524060985073447" lon="-16.257015019655228">
        <ele>639.60000000000002</ele>
      </trkpt>
      <trkpt lat="28.524069031700492" lon="-16.257014013826847">
        <ele>639.70000000000005</ele>
      </trkpt>
      <trkpt lat="28.524075988680124" lon="-16.257013007998466">
        <ele>639.70000000000005</ele>
      </trkpt>
      <trkpt lat="28.524082023650408" lon="-16.257014013826847">
        <ele>639.70000000000005</ele>
      </trkpt>
      <trkpt lat="28.52408898063004" lon="-16.257014013826847">
        <ele>639.79999999999995</ele>
      </trkpt>
      <trkpt lat="28.524096021428704" lon="-16.257016025483608">
        <ele>639.89999999999998</ele>
      </trkpt>
      <trkpt lat="28.524098033085465" lon="-16.257018037140369">
        <ele>639.89999999999998</ele>
      </trkpt>
      <trkpt lat="28.524100966751575" lon="-16.257019964978099">
        <ele>640</ele>
      </trkpt>
      <trkpt lat="28.524102978408337" lon="-16.257024994120002">
        <ele>640.10000000000002</ele>
      </trkpt>
      <trkpt lat="28.524103984236717" lon="-16.257033040747046">
        <ele>640.29999999999995</ele>
      </trkpt>
      <trkpt lat="28.524101972579956" lon="-16.257045026868582">
        <ele>640.39999999999998</ele>
      </trkpt>
      <trkpt lat="28.524101972579956" lon="-16.257051983848214">
        <ele>640.5</ele>
      </trkpt>
      <trkpt lat="28.524102978408337" lon="-16.257061958312988">
        <ele>640.60000000000002</ele>
      </trkpt>
      <trkpt lat="28.524103984236717" lon="-16.257071010768414">
        <ele>640.60000000000002</ele>
      </trkpt>
      <trkpt lat="28.524102978408337" lon="-16.257076961919665">
        <ele>640.60000000000002</ele>
      </trkpt>
      <trkpt lat="28.524101972579956" lon="-16.257082996889949">
        <ele>640.70000000000005</ele>
      </trkpt>
      <trkpt lat="28.524100966751575" lon="-16.257090037688613">
        <ele>640.79999999999995</ele>
      </trkpt>
      <trkpt lat="28.524099038913846" lon="-16.257095988839865">
        <ele>640.89999999999998</ele>
      </trkpt>
      <trkpt lat="28.524099038913846" lon="-16.257101017981768">
        <ele>641</ele>
      </trkpt>
      <trkpt lat="28.524099960923195" lon="-16.257108980789781">
        <ele>641</ele>
      </trkpt>
      <trkpt lat="28.524100966751575" lon="-16.257118033245206">
        <ele>641.10000000000002</ele>
      </trkpt>
      <trkpt lat="28.524101972579956" lon="-16.257130019366741">
        <ele>641.29999999999995</ele>
      </trkpt>
      <trkpt lat="28.524102978408337" lon="-16.257142005488276">
        <ele>641.60000000000002</ele>
      </trkpt>
      <trkpt lat="28.524102978408337" lon="-16.257148962467909">
        <ele>641.79999999999995</ele>
      </trkpt>
      <trkpt lat="28.524103984236717" lon="-16.257156003266573">
        <ele>642</ele>
      </trkpt>
      <trkpt lat="28.524103984236717" lon="-16.257162960246205">
        <ele>642</ele>
      </trkpt>
      <trkpt lat="28.524104990065098" lon="-16.257167989388108">
        <ele>641.89999999999998</ele>
      </trkpt>
      <trkpt lat="28.524104990065098" lon="-16.257174024358392">
        <ele>641.89999999999998</ele>
      </trkpt>
      <trkpt lat="28.524105995893478" lon="-16.257179975509644">
        <ele>641.79999999999995</ele>
      </trkpt>
      <trkpt lat="28.524104990065098" lon="-16.257188022136688">
        <ele>641.89999999999998</ele>
      </trkpt>
      <trkpt lat="28.524104990065098" lon="-16.25719397328794">
        <ele>641.89999999999998</ele>
      </trkpt>
      <trkpt lat="28.524103984236717" lon="-16.257200008258224">
        <ele>641.89999999999998</ele>
      </trkpt>
      <trkpt lat="28.524102978408337" lon="-16.257206965237856">
        <ele>642</ele>
      </trkpt>
      <trkpt lat="28.524101972579956" lon="-16.257215011864901">
        <ele>642</ele>
      </trkpt>
      <trkpt lat="28.524099038913846" lon="-16.257223980501294">
        <ele>642.20000000000005</ele>
      </trkpt>
      <trkpt lat="28.524097027257085" lon="-16.257231021299958">
        <ele>642.39999999999998</ele>
      </trkpt>
      <trkpt lat="28.524094009771943" lon="-16.257237978279591">
        <ele>642.70000000000005</ele>
      </trkpt>
      <trkpt lat="28.524090992286801" lon="-16.257246024906635">
        <ele>643</ele>
      </trkpt>
      <trkpt lat="28.524086968973279" lon="-16.257248958572745">
        <ele>643.29999999999995</ele>
      </trkpt>
      <trkpt lat="28.524083029478788" lon="-16.257239989936352">
        <ele>643.5</ele>
      </trkpt>
      <trkpt lat="28.524080011993647" lon="-16.2572340387851">
        <ele>643.60000000000002</ele>
      </trkpt>
      <trkpt lat="28.524076994508505" lon="-16.257224986329675">
        <ele>643.70000000000005</ele>
      </trkpt>
      <trkpt lat="28.524071965366602" lon="-16.257210988551378">
        <ele>643.79999999999995</ele>
      </trkpt>
      <trkpt lat="28.524069031700492" lon="-16.257202019914985">
        <ele>643.79999999999995</ele>
      </trkpt>
      <trkpt lat="28.52406500838697" lon="-16.257190033793449">
        <ele>644.29999999999995</ele>
      </trkpt>
      <trkpt lat="28.524060985073447" lon="-16.257179975509644">
        <ele>645.10000000000002</ele>
      </trkpt>
      <trkpt lat="28.524058973416686" lon="-16.257174024358392">
        <ele>645.39999999999998</ele>
      </trkpt>
      <trkpt lat="28.524054028093815" lon="-16.25717100687325">
        <ele>645.89999999999998</ele>
      </trkpt>
      <trkpt lat="28.524048998951912" lon="-16.25717100687325">
        <ele>646.10000000000002</ele>
      </trkpt>
      <trkpt lat="28.524042963981628" lon="-16.257168995216489">
        <ele>646.29999999999995</ele>
      </trkpt>
      <trkpt lat="28.524037012830377" lon="-16.257168995216489">
        <ele>646.39999999999998</ele>
      </trkpt>
      <trkpt lat="28.524030977860093" lon="-16.257166983559728">
        <ele>646.60000000000002</ele>
      </trkpt>
      <trkpt lat="28.524027960374951" lon="-16.257165977731347">
        <ele>646.70000000000005</ele>
      </trkpt>
      <trkpt lat="28.524021003395319" lon="-16.257165977731347">
        <ele>647</ele>
      </trkpt>
      <trkpt lat="28.524015974253416" lon="-16.257166983559728">
        <ele>647.20000000000005</ele>
      </trkpt>
      <trkpt lat="28.524012034758925" lon="-16.257168995216489">
        <ele>647.29999999999995</ele>
      </trkpt>
      <trkpt lat="28.524008011445403" lon="-16.257172012701631">
        <ele>647.5</ele>
      </trkpt>
      <trkpt lat="28.5240029823035" lon="-16.257177041843534">
        <ele>647.79999999999995</ele>
      </trkpt>
      <trkpt lat="28.523996025323868" lon="-16.257188022136688">
        <ele>648.20000000000005</ele>
      </trkpt>
      <trkpt lat="28.523988984525204" lon="-16.257197996601462">
        <ele>648.39999999999998</ele>
      </trkpt>
      <trkpt lat="28.523982027545571" lon="-16.257206965237856">
        <ele>648.70000000000005</ele>
      </trkpt>
      <trkpt lat="28.523972975090146" lon="-16.257216017693281">
        <ele>649.10000000000002</ele>
      </trkpt>
      <trkpt lat="28.523963000625372" lon="-16.257225992158055">
        <ele>649.5</ele>
      </trkpt>
      <trkpt lat="28.523955959826708" lon="-16.257234960794449">
        <ele>649.79999999999995</ele>
      </trkpt>
      <trkpt lat="28.523952020332217" lon="-16.257239989936352">
        <ele>650.20000000000005</ele>
      </trkpt>
      <trkpt lat="28.523946991190314" lon="-16.257248036563396">
        <ele>650.60000000000002</ele>
      </trkpt>
      <trkpt lat="28.523943973705173" lon="-16.257252981886268">
        <ele>650.70000000000005</ele>
      </trkpt>
      <trkpt lat="28.523939028382301" lon="-16.257259016856551">
        <ele>650.79999999999995</ele>
      </trkpt>
      <trkpt lat="28.523935005068779" lon="-16.257263962179422">
        <ele>651</ele>
      </trkpt>
      <trkpt lat="28.523927964270115" lon="-16.257271002978086">
        <ele>651</ele>
      </trkpt>
      <trkpt lat="28.523930981755257" lon="-16.257272008806467">
        <ele>651.10000000000002</ele>
      </trkpt>
      <trkpt lat="28.523950008675456" lon="-16.257275026291609">
        <ele>652.10000000000002</ele>
      </trkpt>
      <trkpt lat="28.523957971483469" lon="-16.257277959957719">
        <ele>652.70000000000005</ele>
      </trkpt>
      <trkpt lat="28.523965012282133" lon="-16.257280977442861">
        <ele>652.79999999999995</ele>
      </trkpt>
      <trkpt lat="28.523973980918527" lon="-16.257287012413144">
        <ele>652.89999999999998</ele>
      </trkpt>
      <trkpt lat="28.52397901006043" lon="-16.257293969392776">
        <ele>653.29999999999995</ele>
      </trkpt>
      <trkpt lat="28.523984039202332" lon="-16.257305033504963">
        <ele>653.60000000000002</ele>
      </trkpt>
      <trkpt lat="28.523984961211681" lon="-16.257314002141356">
        <ele>653.5</ele>
      </trkpt>
      <trkpt lat="28.523984961211681" lon="-16.257321964949369">
        <ele>653.5</ele>
      </trkpt>
      <trkpt lat="28.523983033373952" lon="-16.257326994091272">
        <ele>653.70000000000005</ele>
      </trkpt>
      <trkpt lat="28.52397901006043" lon="-16.257335962727666">
        <ele>654.10000000000002</ele>
      </trkpt>
      <trkpt lat="28.523976998403668" lon="-16.25734300352633">
        <ele>654.39999999999998</ele>
      </trkpt>
      <trkpt lat="28.523974986746907" lon="-16.257349960505962">
        <ele>654.60000000000002</ele>
      </trkpt>
      <trkpt lat="28.523972975090146" lon="-16.257359012961388">
        <ele>654.89999999999998</ele>
      </trkpt>
      <trkpt lat="28.523974986746907" lon="-16.257368987426162">
        <ele>654.79999999999995</ele>
      </trkpt>
      <trkpt lat="28.523975992575288" lon="-16.257381979376078">
        <ele>654.70000000000005</ele>
      </trkpt>
      <trkpt lat="28.523974986746907" lon="-16.257394971325994">
        <ele>655.20000000000005</ele>
      </trkpt>
      <trkpt lat="28.523971969261765" lon="-16.257407041266561">
        <ele>655.79999999999995</ele>
      </trkpt>
      <trkpt lat="28.523970963433385" lon="-16.257409974932671">
        <ele>656</ele>
      </trkpt>
      <trkpt lat="28.523968029767275" lon="-16.257416009902954">
        <ele>656.29999999999995</ele>
      </trkpt>
      <trkpt lat="28.523965012282133" lon="-16.257416009902954">
        <ele>656.5</ele>
      </trkpt>
      <trkpt lat="28.523961994796991" lon="-16.257412992417812">
        <ele>656.70000000000005</ele>
      </trkpt>
      <trkpt lat="28.523957971483469" lon="-16.257409974932671">
        <ele>656.89999999999998</ele>
      </trkpt>
      <trkpt lat="28.523953026160598" lon="-16.25740603543818">
        <ele>657.10000000000002</ele>
      </trkpt>
      <trkpt lat="28.523949002847075" lon="-16.257401006296277">
        <ele>657.10000000000002</ele>
      </trkpt>
      <trkpt lat="28.523944979533553" lon="-16.257396982982755">
        <ele>657.20000000000005</ele>
      </trkpt>
      <trkpt lat="28.523940034210682" lon="-16.257393965497613">
        <ele>657.29999999999995</ele>
      </trkpt>
      <trkpt lat="28.523935005068779" lon="-16.257391031831503">
        <ele>657.60000000000002</ele>
      </trkpt>
      <trkpt lat="28.523928970098495" lon="-16.257389020174742">
        <ele>657.89999999999998</ele>
      </trkpt>
      <trkpt lat="28.523921007290483" lon="-16.257392037659883">
        <ele>658.10000000000002</ele>
      </trkpt>
      <trkpt lat="28.523912038654089" lon="-16.257395977154374">
        <ele>658</ele>
      </trkpt>
      <trkpt lat="28.523904997855425" lon="-16.257400000467896">
        <ele>658.10000000000002</ele>
      </trkpt>
      <trkpt lat="28.523897035047412" lon="-16.257407041266561">
        <ele>658.39999999999998</ele>
      </trkpt>
      <trkpt lat="28.523897035047412" lon="-16.25740896910429">
        <ele>658.60000000000002</ele>
      </trkpt>
      <trkpt lat="28.523898040875793" lon="-16.257413998246193">
        <ele>659</ele>
      </trkpt>
      <trkpt lat="28.523899968713522" lon="-16.257419027388096">
        <ele>659.29999999999995</ele>
      </trkpt>
      <trkpt lat="28.523902986198664" lon="-16.257422966882586">
        <ele>659.5</ele>
      </trkpt>
      <trkpt lat="28.523911032825708" lon="-16.257427996024489">
        <ele>659.79999999999995</ele>
      </trkpt>
      <trkpt lat="28.523913966491818" lon="-16.257432019338012">
        <ele>660</ele>
      </trkpt>
      <trkpt lat="28.523917989805341" lon="-16.257437970489264">
        <ele>660.20000000000005</ele>
      </trkpt>
      <trkpt lat="28.523921007290483" lon="-16.257444005459547">
        <ele>660.29999999999995</ele>
      </trkpt>
      <trkpt lat="28.523924024775624" lon="-16.257450962439179">
        <ele>660.29999999999995</ele>
      </trkpt>
      <trkpt lat="28.523924024775624" lon="-16.257460014894605">
        <ele>660.5</ele>
      </trkpt>
      <trkpt lat="28.523924024775624" lon="-16.257466971874237">
        <ele>660.70000000000005</ele>
      </trkpt>
      <trkpt lat="28.523921007290483" lon="-16.257473006844521">
        <ele>661.10000000000002</ele>
      </trkpt>
      <trkpt lat="28.523918995633721" lon="-16.257480969652534">
        <ele>661.39999999999998</ele>
      </trkpt>
      <trkpt lat="28.52391698397696" lon="-16.257493039593101">
        <ele>661.60000000000002</ele>
      </trkpt>
      <trkpt lat="28.523914972320199" lon="-16.257501002401114">
        <ele>661.79999999999995</ele>
      </trkpt>
      <trkpt lat="28.523912038654089" lon="-16.257510976865888">
        <ele>662.10000000000002</ele>
      </trkpt>
      <trkpt lat="28.523910026997328" lon="-16.257522040978074">
        <ele>662.39999999999998</ele>
      </trkpt>
      <trkpt lat="28.523908015340567" lon="-16.257531009614468">
        <ele>662.39999999999998</ele>
      </trkpt>
      <trkpt lat="28.523907009512186" lon="-16.257538972422481">
        <ele>662.5</ele>
      </trkpt>
      <trkpt lat="28.523906003683805" lon="-16.257547019049525">
        <ele>662.70000000000005</ele>
      </trkpt>
      <trkpt lat="28.523904997855425" lon="-16.257559005171061">
        <ele>663</ele>
      </trkpt>
      <trkpt lat="28.523902986198664" lon="-16.257570991292596">
        <ele>663.20000000000005</ele>
      </trkpt>
      <trkpt lat="28.523900974541903" lon="-16.257579959928989">
        <ele>663.20000000000005</ele>
      </trkpt>
      <trkpt lat="28.523899968713522" lon="-16.257592029869556">
        <ele>663.60000000000002</ele>
      </trkpt>
      <trkpt lat="28.523898962885141" lon="-16.25760099850595">
        <ele>663.89999999999998</ele>
      </trkpt>
      <trkpt lat="28.523898040875793" lon="-16.257610972970724">
        <ele>664.29999999999995</ele>
      </trkpt>
      <trkpt lat="28.523896029219031" lon="-16.257620025426149">
        <ele>664.70000000000005</ele>
      </trkpt>
      <trkpt lat="28.523895023390651" lon="-16.257626982405782">
        <ele>664.79999999999995</ele>
      </trkpt>
      <trkpt lat="28.52389401756227" lon="-16.257636034861207">
        <ele>664.79999999999995</ele>
      </trkpt>
      <trkpt lat="28.523891000077128" lon="-16.257645003497601">
        <ele>665</ele>
      </trkpt>
      <trkpt lat="28.523888988420367" lon="-16.257653972133994">
        <ele>665.29999999999995</ele>
      </trkpt>
      <trkpt lat="28.523887982591987" lon="-16.257665036246181">
        <ele>665.60000000000002</ele>
      </trkpt>
      <trkpt lat="28.523884965106845" lon="-16.257679034024477">
        <ele>665.89999999999998</ele>
      </trkpt>
      <trkpt lat="28.523883037269115" lon="-16.257688002660871">
        <ele>666</ele>
      </trkpt>
      <trkpt lat="28.523881025612354" lon="-16.257695965468884">
        <ele>666.39999999999998</ele>
      </trkpt>
      <trkpt lat="28.523878008127213" lon="-16.257706023752689">
        <ele>666.70000000000005</ele>
      </trkpt>
      <trkpt lat="28.523874990642071" lon="-16.257710969075561">
        <ele>666.79999999999995</ele>
      </trkpt>
      <trkpt lat="28.523871973156929" lon="-16.257720021530986">
        <ele>666.89999999999998</ele>
      </trkpt>
      <trkpt lat="28.523869961500168" lon="-16.257723039016128">
        <ele>667.10000000000002</ele>
      </trkpt>
      <trkpt lat="28.523868033662438" lon="-16.257733013480902">
        <ele>667.60000000000002</ele>
      </trkpt>
      <trkpt lat="28.523868033662438" lon="-16.257738964632154">
        <ele>667.79999999999995</ele>
      </trkpt>
      <trkpt lat="28.523866022005677" lon="-16.25775296241045">
        <ele>667.79999999999995</ele>
      </trkpt>
      <trkpt lat="28.523865016177297" lon="-16.257754974067211">
        <ele>667.79999999999995</ele>
      </trkpt>
      <trkpt lat="28.523866022005677" lon="-16.257767966017127">
        <ele>667.20000000000005</ele>
      </trkpt>
      <trkpt lat="28.523867027834058" lon="-16.257777018472552">
        <ele>667.60000000000002</ele>
      </trkpt>
      <trkpt lat="28.523868033662438" lon="-16.257791016250849">
        <ele>668.20000000000005</ele>
      </trkpt>
      <trkpt lat="28.523868033662438" lon="-16.257797973230481">
        <ele>668.5</ele>
      </trkpt>
      <trkpt lat="28.523868033662438" lon="-16.257809959352016">
        <ele>669.10000000000002</ele>
      </trkpt>
      <trkpt lat="28.523869039490819" lon="-16.257822029292583">
        <ele>669.39999999999998</ele>
      </trkpt>
      <trkpt lat="28.523868033662438" lon="-16.257825968787074">
        <ele>669.60000000000002</ele>
      </trkpt>
      <trkpt lat="28.523866022005677" lon="-16.257827980443835">
        <ele>669.70000000000005</ele>
      </trkpt>
      <trkpt lat="28.523863004520535" lon="-16.257827980443835">
        <ele>669.79999999999995</ele>
      </trkpt>
      <trkpt lat="28.523858981207013" lon="-16.257824040949345">
        <ele>669.70000000000005</ele>
      </trkpt>
      <trkpt lat="28.523856969550252" lon="-16.257818005979061">
        <ele>669.60000000000002</ele>
      </trkpt>
      <trkpt lat="28.523857975378633" lon="-16.257807025685906">
        <ele>683</ele>
        <time>2019-12-29T10:38:43Z</time>
      </trkpt>
      <trkpt lat="28.523902986198664" lon="-16.25792495906353">
        <time>2019-12-29T10:38:40Z</time>
      </trkpt>
      <trkpt lat="28.523961994796991" lon="-16.258044987916946">
        <time>2019-12-29T10:38:37Z</time>
      </trkpt>
      <trkpt lat="28.524025026708841" lon="-16.258171973749995">
        <time>2019-12-29T10:38:31Z</time>
      </trkpt>
      <trkpt lat="28.524099960923195" lon="-16.258111959323287">
        <time>2019-12-29T10:38:26Z</time>
      </trkpt>
      <trkpt lat="28.524176990613341" lon="-16.258041970431805">
        <time>2019-12-29T10:38:22Z</time>
      </trkpt>
      <trkpt lat="28.524267012253404" lon="-16.257992014288902">
        <time>2019-12-29T10:38:17Z</time>
      </trkpt>
      <trkpt lat="28.524370025843382" lon="-16.257941974326968">
        <time>2019-12-29T10:38:11Z</time>
      </trkpt>
      <trkpt lat="28.524459963664412" lon="-16.25794499181211">
        <time>2019-12-29T10:38:06Z</time>
      </trkpt>
      <trkpt lat="28.524543028324842" lon="-16.258007017895579">
        <ele>706.60000000000002</ele>
        <time>2019-12-29T10:38:01Z</time>
      </trkpt>
      <trkpt lat="28.524607988074422" lon="-16.258101984858513">
        <time>2019-12-29T10:37:56Z</time>
      </trkpt>
      <trkpt lat="28.524642018601298" lon="-16.258210027590394">
        <time>2019-12-29T10:37:51Z</time>
      </trkpt>
      <trkpt lat="28.52464796975255" lon="-16.258323015645146">
        <time>2019-12-29T10:37:46Z</time>
      </trkpt>
      <trkpt lat="28.524627014994621" lon="-16.258428040891886">
        <time>2019-12-29T10:37:42Z</time>
      </trkpt>
      <trkpt lat="28.524562977254391" lon="-16.258537005633116">
        <time>2019-12-29T10:37:38Z</time>
      </trkpt>
      <trkpt lat="28.524527018889785" lon="-16.258657034486532">
        <time>2019-12-29T10:37:34Z</time>
      </trkpt>
      <trkpt lat="28.524557026103139" lon="-16.258772034198046">
        <time>2019-12-29T10:37:31Z</time>
      </trkpt>
      <trkpt lat="28.524594996124506" lon="-16.258877981454134">
        <time>2019-12-29T10:37:26Z</time>
      </trkpt>
      <trkpt lat="28.524636989459395" lon="-16.258987030014396">
        <time>2019-12-29T10:37:22Z</time>
      </trkpt>
      <trkpt lat="28.52468996308744" lon="-16.259091971442103">
        <time>2019-12-29T10:37:18Z</time>
      </trkpt>
      <trkpt lat="28.524717958644032" lon="-16.259222980588675">
        <time>2019-12-29T10:37:14Z</time>
      </trkpt>
      <trkpt lat="28.52468996308744" lon="-16.259349966421723">
        <time>2019-12-29T10:37:10Z</time>
      </trkpt>
      <trkpt lat="28.52464696392417" lon="-16.25944803468883">
        <time>2019-12-29T10:37:07Z</time>
      </trkpt>
      <trkpt lat="28.524730028584599" lon="-16.259507965296507">
        <ele>737.5</ele>
        <time>2019-12-29T10:37:01Z</time>
      </trkpt>
      <trkpt lat="28.524836981669068" lon="-16.259509976953268">
        <time>2019-12-29T10:36:57Z</time>
      </trkpt>
      <trkpt lat="28.524930020794272" lon="-16.259517017751932">
        <ele>734</ele>
        <time>2019-12-29T10:36:53Z</time>
      </trkpt>
      <trkpt lat="28.525024987757206" lon="-16.259481981396675">
        <time>2019-12-29T10:36:49Z</time>
      </trkpt>
      <trkpt lat="28.525160020217299" lon="-16.259509976953268">
        <time>2019-12-29T10:36:42Z</time>
      </trkpt>
      <trkpt lat="28.525254987180233" lon="-16.259532021358609">
        <time>2019-12-29T10:36:34Z</time>
      </trkpt>
      <trkpt lat="28.525317013263702" lon="-16.259656995534897">
        <time>2019-12-29T10:36:32Z</time>
      </trkpt>
      <trkpt lat="28.525390019640326" lon="-16.259584994986653">
        <time>2019-12-29T10:36:26Z</time>
      </trkpt>
      <trkpt lat="28.525447016581893" lon="-16.259500002488494">
        <time>2019-12-29T10:36:21Z</time>
      </trkpt>
      <trkpt lat="28.525545001029968" lon="-16.259457003325224">
        <time>2019-12-29T10:36:16Z</time>
      </trkpt>
      <trkpt lat="28.525612978264689" lon="-16.259548030793667">
        <time>2019-12-29T10:36:09Z</time>
      </trkpt>
      <trkpt lat="28.525603003799915" lon="-16.2596620246768">
        <time>2019-12-29T10:36:04Z</time>
      </trkpt>
      <trkpt lat="28.525580037385225" lon="-16.259767971932888">
        <ele>769.79999999999995</ele>
        <time>2019-12-29T10:36:01Z</time>
      </trkpt>
      <trkpt lat="28.525563022121787" lon="-16.259875008836389">
        <time>2019-12-29T10:35:56Z</time>
      </trkpt>
      <trkpt lat="28.525575008243322" lon="-16.259984979405999">
        <time>2019-12-29T10:35:51Z</time>
      </trkpt>
      <trkpt lat="28.525623036548495" lon="-16.260086987167597">
        <time>2019-12-29T10:35:42Z</time>
      </trkpt>
      <trkpt lat="28.525577019900084" lon="-16.260190000757575">
        <time>2019-12-29T10:35:25Z</time>
      </trkpt>
      <trkpt lat="28.525566961616278" lon="-16.260295026004314">
        <time>2019-12-29T10:35:09Z</time>
      </trkpt>
      <trkpt lat="28.525592023506761" lon="-16.26041698269546">
        <time>2019-12-29T10:35:04Z</time>
      </trkpt>
      <trkpt lat="28.525608032941818" lon="-16.26054204069078">
        <ele>807.10000000000002</ele>
        <time>2019-12-29T10:35:01Z</time>
      </trkpt>
      <trkpt lat="28.525632005184889" lon="-16.260657962411642">
        <time>2019-12-29T10:34:54Z</time>
      </trkpt>
      <trkpt lat="28.525541983544827" lon="-16.260671960189939">
        <time>2019-12-29T10:34:44Z</time>
      </trkpt>
      <trkpt lat="28.525578025728464" lon="-16.260776985436678">
        <time>2019-12-29T10:34:41Z</time>
      </trkpt>
      <trkpt lat="28.525635022670031" lon="-16.260901959612966">
        <time>2019-12-29T10:34:36Z</time>
      </trkpt>
      <trkpt lat="28.525641979649663" lon="-16.261019976809621">
        <ele>817</ele>
        <time>2019-12-29T10:34:33Z</time>
      </trkpt>
      <trkpt lat="28.525707023218274" lon="-16.26112500205636">
        <time>2019-12-29T10:34:26Z</time>
      </trkpt>
      <trkpt lat="28.525790004059672" lon="-16.261177975684404">
        <ele>828</ele>
        <time>2019-12-29T10:34:23Z</time>
      </trkpt>
      <trkpt lat="28.525899974629283" lon="-16.261212006211281">
        <time>2019-12-29T10:34:18Z</time>
      </trkpt>
      <trkpt lat="28.525992007926106" lon="-16.26118803396821">
        <time>2019-12-29T10:34:15Z</time>
      </trkpt>
      <trkpt lat="28.526089992374182" lon="-16.26118803396821">
        <time>2019-12-29T10:34:12Z</time>
      </trkpt>
      <trkpt lat="28.526184959337115" lon="-16.261149980127811">
        <time>2019-12-29T10:34:09Z</time>
      </trkpt>
      <trkpt lat="28.526297025382519" lon="-16.261128019541502">
        <time>2019-12-29T10:34:06Z</time>
      </trkpt>
      <trkpt lat="28.526429962366819" lon="-16.261203037574887">
        <ele>854.70000000000005</ele>
        <time>2019-12-29T10:34:01Z</time>
      </trkpt>
      <trkpt lat="28.526491988450289" lon="-16.261327005922794">
        <time>2019-12-29T10:33:58Z</time>
      </trkpt>
      <trkpt lat="28.526564994826913" lon="-16.261417027562857">
        <ele>842</ele>
        <time>2019-12-29T10:33:53Z</time>
      </trkpt>
      <trkpt lat="28.526644958183169" lon="-16.261492967605591">
        <time>2019-12-29T10:33:45Z</time>
      </trkpt>
      <trkpt lat="28.526576980948448" lon="-16.261564968153834">
        <time>2019-12-29T10:33:41Z</time>
      </trkpt>
      <trkpt lat="28.526472961530089" lon="-16.261600004509091">
        <time>2019-12-29T10:33:36Z</time>
      </trkpt>
      <trkpt lat="28.52640800178051" lon="-16.261678040027618">
        <time>2019-12-29T10:33:32Z</time>
      </trkpt>
      <trkpt lat="28.526325020939112" lon="-16.261736964806914">
        <time>2019-12-29T10:33:26Z</time>
      </trkpt>
      <trkpt lat="28.526261989027262" lon="-16.26183302141726">
        <time>2019-12-29T10:33:20Z</time>
      </trkpt>
      <trkpt lat="28.526167022064328" lon="-16.261852970346808">
        <time>2019-12-29T10:33:15Z</time>
      </trkpt>
      <trkpt lat="28.52610700763762" lon="-16.261777030304074">
        <time>2019-12-29T10:33:11Z</time>
      </trkpt>
      <trkpt lat="28.526023020967841" lon="-16.261696983128786">
        <time>2019-12-29T10:33:06Z</time>
      </trkpt>
      <trkpt lat="28.525941967964172" lon="-16.261624982580543">
        <ele>853</ele>
        <time>2019-12-29T10:33:02Z</time>
      </trkpt>
      <trkpt lat="28.525841971859336" lon="-16.261579971760511">
        <time>2019-12-29T10:32:57Z</time>
      </trkpt>
      <trkpt lat="28.525738036260009" lon="-16.261551976203918">
        <ele>853</ele>
        <time>2019-12-29T10:32:53Z</time>
      </trkpt>
      <trkpt lat="28.525624964386225" lon="-16.261543007567525">
        <time>2019-12-29T10:32:50Z</time>
      </trkpt>
      <trkpt lat="28.525552041828632" lon="-16.261470001190901">
        <time>2019-12-29T10:32:45Z</time>
      </trkpt>
      <trkpt lat="28.525466965511441" lon="-16.261394983157516">
        <time>2019-12-29T10:32:40Z</time>
      </trkpt>
      <trkpt lat="28.525360012426972" lon="-16.26136003062129">
        <time>2019-12-29T10:32:36Z</time>
      </trkpt>
      <trkpt lat="28.525260016322136" lon="-16.26131996512413">
        <time>2019-12-29T10:32:31Z</time>
      </trkpt>
      <trkpt lat="28.525175023823977" lon="-16.261260034516454">
        <time>2019-12-29T10:32:26Z</time>
      </trkpt>
      <trkpt lat="28.525082990527153" lon="-16.261177975684404">
        <time>2019-12-29T10:32:21Z</time>
      </trkpt>
      <trkpt lat="28.52499196305871" lon="-16.261136988177896">
        <time>2019-12-29T10:32:17Z</time>
      </trkpt>
      <trkpt lat="28.524894984439015" lon="-16.261070016771555">
        <ele>849</ele>
        <time>2019-12-29T10:32:13Z</time>
      </trkpt>
      <trkpt lat="28.524807980284095" lon="-16.261031962931156">
        <time>2019-12-29T10:32:10Z</time>
      </trkpt>
      <trkpt lat="28.524706978350878" lon="-16.260998016223311">
        <time>2019-12-29T10:32:05Z</time>
      </trkpt>
      <trkpt lat="28.52460497058928" lon="-16.260967003181577">
        <ele>849.39999999999998</ele>
        <time>2019-12-29T10:32:01Z</time>
      </trkpt>
      <trkpt lat="28.524512015283108" lon="-16.260959962382913">
        <time>2019-12-29T10:31:57Z</time>
      </trkpt>
      <trkpt lat="28.524413025006652" lon="-16.261002961546183">
        <time>2019-12-29T10:31:52Z</time>
      </trkpt>
      <trkpt lat="28.524317974224687" lon="-16.260979995131493">
        <time>2019-12-29T10:31:47Z</time>
      </trkpt>
      <trkpt lat="28.524228036403656" lon="-16.260988041758537">
        <ele>846</ele>
        <time>2019-12-29T10:31:43Z</time>
      </trkpt>
      <trkpt lat="28.524129968136549" lon="-16.261053001508117">
        <time>2019-12-29T10:31:38Z</time>
      </trkpt>
      <trkpt lat="28.524040030315518" lon="-16.261045038700104">
        <ele>844</ele>
        <time>2019-12-29T10:31:33Z</time>
      </trkpt>
      <trkpt lat="28.52393701672554" lon="-16.261053001508117">
        <time>2019-12-29T10:31:27Z</time>
      </trkpt>
      <trkpt lat="28.52382997982204" lon="-16.261027017608285">
        <time>2019-12-29T10:31:22Z</time>
      </trkpt>
      <trkpt lat="28.523742975667119" lon="-16.260991981253028">
        <time>2019-12-29T10:31:18Z</time>
      </trkpt>
      <trkpt lat="28.523647002875805" lon="-16.260959962382913">
        <ele>845</ele>
        <time>2019-12-29T10:31:13Z</time>
      </trkpt>
      <trkpt lat="28.523553041741252" lon="-16.2609329726547">
        <time>2019-12-29T10:31:08Z</time>
      </trkpt>
      <trkpt lat="28.523462014272809" lon="-16.260936995968223">
        <ele>844</ele>
        <time>2019-12-29T10:31:03Z</time>
      </trkpt>
      <trkpt lat="28.523354977369308" lon="-16.260940013453364">
        <time>2019-12-29T10:30:57Z</time>
      </trkpt>
      <trkpt lat="28.523262022063136" lon="-16.260962979868054">
        <time>2019-12-29T10:30:50Z</time>
      </trkpt>
      <trkpt lat="28.523192033171654" lon="-16.261031962931156">
        <time>2019-12-29T10:30:45Z</time>
      </trkpt>
      <trkpt lat="28.523103017359972" lon="-16.261055013164878">
        <time>2019-12-29T10:30:41Z</time>
      </trkpt>
      <trkpt lat="28.523021964356303" lon="-16.26110496930778">
        <time>2019-12-29T10:30:34Z</time>
      </trkpt>
      <trkpt lat="28.522930014878511" lon="-16.261158026754856">
        <time>2019-12-29T10:30:27Z</time>
      </trkpt>
      <trkpt lat="28.522851979359984" lon="-16.261237990111113">
        <time>2019-12-29T10:30:20Z</time>
      </trkpt>
      <trkpt lat="28.52277796715498" lon="-16.261309990659356">
        <time>2019-12-29T10:30:12Z</time>
      </trkpt>
      <trkpt lat="28.52271200157702" lon="-16.26138299703598">
        <ele>824.79999999999995</ele>
        <time>2019-12-29T10:30:06Z</time>
      </trkpt>
      <trkpt lat="28.522645030170679" lon="-16.261458015069366">
        <time>2019-12-29T10:29:59Z</time>
      </trkpt>
      <trkpt lat="28.522561965510249" lon="-16.261513000354171">
        <time>2019-12-29T10:29:52Z</time>
      </trkpt>
      <trkpt lat="28.522515026852489" lon="-16.261415015906096">
        <time>2019-12-29T10:29:41Z</time>
      </trkpt>
      <trkpt lat="28.522470016032457" lon="-16.261321976780891">
        <time>2019-12-29T10:29:31Z</time>
      </trkpt>
      <trkpt lat="28.52241201326251" lon="-16.261232038959861">
        <time>2019-12-29T10:29:22Z</time>
      </trkpt>
      <trkpt lat="28.522367002442479" lon="-16.261127013713121">
        <time>2019-12-29T10:29:16Z</time>
      </trkpt>
      <trkpt lat="28.522319979965687" lon="-16.261021988466382">
        <time>2019-12-29T10:29:10Z</time>
      </trkpt>
      <trkpt lat="28.52230497635901" lon="-16.260902965441346">
        <time>2019-12-29T10:29:05Z</time>
      </trkpt>
      <trkpt lat="28.522253008559346" lon="-16.260812021791935">
        <ele>815.79999999999995</ele>
        <time>2019-12-29T10:29:00Z</time>
      </trkpt>
      <trkpt lat="28.522180002182722" lon="-16.260742032900453">
        <ele>804</ele>
        <time>2019-12-29T10:28:53Z</time>
      </trkpt>
      <trkpt lat="28.522121999412775" lon="-16.260638013482094">
        <time>2019-12-29T10:28:47Z</time>
      </trkpt>
      <trkpt lat="28.522034995257854" lon="-16.260583028197289">
        <time>2019-12-29T10:28:41Z</time>
      </trkpt>
      <trkpt lat="28.521944973617792" lon="-16.26056500710547">
        <time>2019-12-29T10:28:35Z</time>
      </trkpt>
      <trkpt lat="28.521850006654859" lon="-16.26058503985405">
        <time>2019-12-29T10:28:28Z</time>
      </trkpt>
      <trkpt lat="28.521841960027814" lon="-16.260687969624996">
        <ele>787</ele>
        <time>2019-12-29T10:28:03Z</time>
      </trkpt>
      <trkpt lat="28.521742969751358" lon="-16.26065201126039">
        <time>2019-12-29T10:27:56Z</time>
      </trkpt>
      <trkpt lat="28.521646996960044" lon="-16.260642036795616">
        <time>2019-12-29T10:27:48Z</time>
      </trkpt>
      <trkpt lat="28.52155496366322" lon="-16.260653017088771">
        <ele>779</ele>
        <time>2019-12-29T10:27:33Z</time>
      </trkpt>
      <trkpt lat="28.521586982533336" lon="-16.260753013193607">
        <time>2019-12-29T10:27:20Z</time>
      </trkpt>
      <trkpt lat="28.521486986428499" lon="-16.260767010971904">
        <ele>767.70000000000005</ele>
        <time>2019-12-29T10:27:12Z</time>
      </trkpt>
      <trkpt lat="28.521407023072243" lon="-16.260815039277077">
        <time>2019-12-29T10:26:57Z</time>
      </trkpt>
      <trkpt lat="28.52138003334403" lon="-16.260915035381913">
        <ele>762</ele>
        <time>2019-12-29T10:26:43Z</time>
      </trkpt>
      <trkpt lat="28.521350026130676" lon="-16.260813027620316">
        <time>2019-12-29T10:26:37Z</time>
      </trkpt>
      <trkpt lat="28.52131700143218" lon="-16.260700039565563">
        <time>2019-12-29T10:26:30Z</time>
      </trkpt>
      <trkpt lat="28.521269978955388" lon="-16.26060800626874">
        <time>2019-12-29T10:26:20Z</time>
      </trkpt>
      <trkpt lat="28.52120703086257" lon="-16.260514967143536">
        <time>2019-12-29T10:26:12Z</time>
      </trkpt>
      <trkpt lat="28.521147016435862" lon="-16.260427040979266">
        <ele>756.20000000000005</ele>
        <time>2019-12-29T10:26:00Z</time>
      </trkpt>
      <trkpt lat="28.521090019494295" lon="-16.260342970490456">
        <time>2019-12-29T10:25:52Z</time>
      </trkpt>
      <trkpt lat="28.521041991189122" lon="-16.260256972163916">
        <ele>748</ele>
        <time>2019-12-29T10:25:43Z</time>
      </trkpt>
      <trkpt lat="28.520966973155737" lon="-16.260177008807659">
        <time>2019-12-29T10:25:35Z</time>
      </trkpt>
      <trkpt lat="28.520902013406157" lon="-16.260099979117513">
        <time>2019-12-29T10:25:30Z</time>
      </trkpt>
      <trkpt lat="28.520845016464591" lon="-16.260001994669437">
        <time>2019-12-29T10:25:20Z</time>
      </trkpt>
      <trkpt lat="28.52077997289598" lon="-16.259923037141562">
        <time>2019-12-29T10:25:11Z</time>
      </trkpt>
      <trkpt lat="28.52073797956109" lon="-16.259832009673119">
        <time>2019-12-29T10:25:05Z</time>
      </trkpt>
      <trkpt lat="28.520670002326369" lon="-16.259754979982972">
        <ele>744.60000000000002</ele>
        <time>2019-12-29T10:25:00Z</time>
      </trkpt>
      <trkpt lat="28.520591966807842" lon="-16.259682979434729">
        <ele>736</ele>
        <time>2019-12-29T10:24:53Z</time>
      </trkpt>
      <trkpt lat="28.520494988188148" lon="-16.259677028283477">
        <time>2019-12-29T10:24:46Z</time>
      </trkpt>
      <trkpt lat="28.520417036488652" lon="-16.259617013856769">
        <time>2019-12-29T10:24:30Z</time>
      </trkpt>
      <trkpt lat="28.520394992083311" lon="-16.259502014145255">
        <time>2019-12-29T10:24:22Z</time>
      </trkpt>
      <trkpt lat="28.52032802067697" lon="-16.25957996584475">
        <ele>726.39999999999998</ele>
        <time>2019-12-29T10:24:10Z</time>
      </trkpt>
      <trkpt lat="28.520291978493333" lon="-16.259679961949587">
        <time>2019-12-29T10:23:57Z</time>
      </trkpt>
      <trkpt lat="28.520337995141745" lon="-16.259767971932888">
        <time>2019-12-29T10:23:45Z</time>
      </trkpt>
      <trkpt lat="28.520261971279979" lon="-16.259824968874454">
        <ele>709.60000000000002</ele>
        <time>2019-12-29T10:23:06Z</time>
      </trkpt>
      <trkpt lat="28.5201779846102" lon="-16.259871991351247">
        <ele>711</ele>
        <time>2019-12-29T10:22:53Z</time>
      </trkpt>
      <trkpt lat="28.520100032910705" lon="-16.259954972192645">
        <time>2019-12-29T10:22:44Z</time>
      </trkpt>
      <trkpt lat="28.520015040412545" lon="-16.26000702381134">
        <ele>705</ele>
        <time>2019-12-29T10:22:33Z</time>
      </trkpt>
      <trkpt lat="28.519929964095354" lon="-16.260067038238049">
        <ele>705.20000000000005</ele>
        <time>2019-12-29T10:22:15Z</time>
      </trkpt>
      <trkpt lat="28.519882019609213" lon="-16.260154964402318">
        <time>2019-12-29T10:21:49Z</time>
      </trkpt>
      <trkpt lat="28.519961982965469" lon="-16.260207016021013">
        <time>2019-12-29T10:21:35Z</time>
      </trkpt>
      <trkpt lat="28.519872967153788" lon="-16.260254960507154">
        <time>2019-12-29T10:21:26Z</time>
      </trkpt>
      <trkpt lat="28.519780011847615" lon="-16.260263007134199">
        <ele>695.79999999999995</ele>
        <time>2019-12-29T10:21:12Z</time>
      </trkpt>
      <trkpt lat="28.51968496106565" lon="-16.260246997699142">
        <time>2019-12-29T10:20:56Z</time>
      </trkpt>
      <trkpt lat="28.519755033776164" lon="-16.260312041267753">
        <time>2019-12-29T10:20:38Z</time>
      </trkpt>
      <trkpt lat="28.519600974395871" lon="-16.260359985753894">
        <ele>677.10000000000002</ele>
      </trkpt>
      <trkpt lat="28.519594017416239" lon="-16.260368032380939">
        <ele>676.39999999999998</ele>
      </trkpt>
      <trkpt lat="28.519611032679677" lon="-16.26041597686708">
        <ele>675.29999999999995</ele>
      </trkpt>
      <trkpt lat="28.519611032679677" lon="-16.26041597686708">
        <ele>675.29999999999995</ele>
      </trkpt>
      <trkpt lat="28.519626036286354" lon="-16.260443972423673">
        <ele>674</ele>
      </trkpt>
      <trkpt lat="28.519645985215902" lon="-16.260453024879098">
        <ele>673.70000000000005</ele>
      </trkpt>
      <trkpt lat="28.519672974944115" lon="-16.26045998185873">
        <ele>673.60000000000002</ele>
      </trkpt>
      <trkpt lat="28.519653026014566" lon="-16.260476997122169">
        <ele>673</ele>
      </trkpt>
      <trkpt lat="28.519633999094367" lon="-16.260476997122169">
        <ele>672.20000000000005</ele>
      </trkpt>
      <trkpt lat="28.519581025466323" lon="-16.260469034314156">
        <ele>671.20000000000005</ele>
      </trkpt>
      <trkpt lat="28.519572978839278" lon="-16.260457970201969">
        <ele>671.5</ele>
      </trkpt>
      <trkpt lat="28.519557975232601" lon="-16.260455036535859">
        <ele>671.10000000000002</ele>
      </trkpt>
      <trkpt lat="28.519526040181518" lon="-16.260450007393956">
        <ele>669.89999999999998</ele>
      </trkpt>
      <trkpt lat="28.519488992169499" lon="-16.26045998185873">
        <ele>669</ele>
      </trkpt>
      <trkpt lat="28.519472982734442" lon="-16.260492000728846">
        <ele>667.89999999999998</ele>
      </trkpt>
      <trkpt lat="28.519468959420919" lon="-16.260527959093451">
        <ele>666.29999999999995</ele>
      </trkpt>
      <trkpt lat="28.519419003278017" lon="-16.260524019598961">
        <ele>666.5</ele>
      </trkpt>
      <trkpt lat="28.519366029649973" lon="-16.260508010163903">
        <ele>666.60000000000002</ele>
      </trkpt>
      <trkpt lat="28.519342979416251" lon="-16.260499963536859">
        <ele>666.20000000000005</ele>
      </trkpt>
      <trkpt lat="28.519351026043296" lon="-16.260529970750213">
        <ele>664.79999999999995</ele>
      </trkpt>
      <trkpt lat="28.519362006336451" lon="-16.260556960478425">
        <ele>662.60000000000002</ele>
      </trkpt>
      <trkpt lat="28.519353037700057" lon="-16.260556038469076">
        <ele>662.5</ele>
      </trkpt>
      <trkpt lat="28.519310960546136" lon="-16.260551009327173">
        <ele>662.20000000000005</ele>
      </trkpt>
      <trkpt lat="28.519251029938459" lon="-16.260527959093451">
        <ele>661.39999999999998</ele>
      </trkpt>
      <trkpt lat="28.519227979704738" lon="-16.260540029034019">
        <ele>660.89999999999998</ele>
      </trkpt>
      <trkpt lat="28.519207024946809" lon="-16.260556960478425">
        <ele>659.89999999999998</ele>
      </trkpt>
      <trkpt lat="28.519214987754822" lon="-16.260594008490443">
        <ele>659.39999999999998</ele>
      </trkpt>
      <trkpt lat="28.519246000796556" lon="-16.260614041239023">
        <ele>658.5</ele>
      </trkpt>
      <trkpt lat="28.519276008009911" lon="-16.26062803901732">
        <ele>657.60000000000002</ele>
      </trkpt>
      <trkpt lat="28.519230997189879" lon="-16.260648993775249">
        <ele>656.39999999999998</ele>
      </trkpt>
      <trkpt lat="28.519200989976525" lon="-16.260667014867067">
        <ele>655.89999999999998</ele>
      </trkpt>
      <trkpt lat="28.519175006076694" lon="-16.260684030130506">
        <ele>655</ele>
      </trkpt>
      <trkpt lat="28.519155979156494" lon="-16.260688975453377">
        <ele>654.79999999999995</ele>
      </trkpt>
      <trkpt lat="28.519143993034959" lon="-16.260700961574912">
        <ele>654.10000000000002</ele>
      </trkpt>
      <trkpt lat="28.519141981378198" lon="-16.260710014030337">
        <ele>653.60000000000002</ele>
      </trkpt>
      <trkpt lat="28.519172994419932" lon="-16.260727029293776">
        <ele>653.29999999999995</ele>
      </trkpt>
      <trkpt lat="28.519155979156494" lon="-16.260734992101789">
        <ele>652.70000000000005</ele>
      </trkpt>
      <trkpt lat="28.519112979993224" lon="-16.260741027072072">
        <ele>651.60000000000002</ele>
      </trkpt>
      <trkpt lat="28.519066041335464" lon="-16.260743960738182">
        <ele>650.60000000000002</ele>
      </trkpt>
      <trkpt lat="28.519051037728786" lon="-16.260745972394943">
        <ele>650.20000000000005</ele>
      </trkpt>
      <trkpt lat="28.519032010808587" lon="-16.260748989880085">
        <ele>649.70000000000005</ele>
      </trkpt>
      <trkpt lat="28.519019018858671" lon="-16.260751001536846">
        <ele>649.60000000000002</ele>
      </trkpt>
      <trkpt lat="28.519018013030291" lon="-16.260734992101789">
        <ele>649.29999999999995</ele>
      </trkpt>
      <trkpt lat="28.519026981666684" lon="-16.260698027908802">
        <ele>648.60000000000002</ele>
      </trkpt>
      <trkpt lat="28.519038967788219" lon="-16.260666009038687">
        <ele>647.79999999999995</ele>
      </trkpt>
      <trkpt lat="28.519042991101742" lon="-16.260634995996952">
        <ele>647.39999999999998</ele>
      </trkpt>
      <trkpt lat="28.519034022465348" lon="-16.260617980733514">
        <ele>647</ele>
      </trkpt>
      <trkpt lat="28.519021030515432" lon="-16.260619992390275">
        <ele>646.29999999999995</ele>
      </trkpt>
      <trkpt lat="28.519008038565516" lon="-16.260648993775249">
        <ele>646</ele>
      </trkpt>
      <trkpt lat="28.519002003595233" lon="-16.260675983503461">
        <ele>645.79999999999995</ele>
      </trkpt>
      <trkpt lat="28.518992029130459" lon="-16.260700961574912">
        <ele>645.5</ele>
      </trkpt>
      <trkpt lat="28.518979959189892" lon="-16.260730968788266">
        <ele>645</ele>
      </trkpt>
      <trkpt lat="28.518966967239976" lon="-16.260762987658381">
        <ele>644.39999999999998</ele>
      </trkpt>
      <trkpt lat="28.51895104162395" lon="-16.26080104149878">
        <ele>643.5</ele>
      </trkpt>
      <trkpt lat="28.518937965855002" lon="-16.260811015963554">
        <ele>642.60000000000002</ele>
      </trkpt>
      <trkpt lat="28.518925979733467" lon="-16.260818978771567">
        <ele>642</ele>
      </trkpt>
      <trkpt lat="28.518919022753835" lon="-16.260858038440347">
        <ele>641.89999999999998</ele>
      </trkpt>
      <trkpt lat="28.51893100887537" lon="-16.260872958227992">
        <ele>641.5</ele>
      </trkpt>
      <trkpt lat="28.518941989168525" lon="-16.26088997349143">
        <ele>640.89999999999998</ele>
      </trkpt>
      <trkpt lat="28.518959004431963" lon="-16.260901037603617">
        <ele>640.29999999999995</ele>
      </trkpt>
      <trkpt lat="28.518955986946821" lon="-16.260916041210294">
        <ele>639.89999999999998</ele>
      </trkpt>
      <trkpt lat="28.518922962248325" lon="-16.26092903316021">
        <ele>639.5</ele>
      </trkpt>
      <trkpt lat="28.518919022753835" lon="-16.260954011231661">
        <ele>638.60000000000002</ele>
      </trkpt>
      <trkpt lat="28.518894966691732" lon="-16.260964991524816">
        <ele>638.10000000000002</ele>
      </trkpt>
      <trkpt lat="28.518864959478378" lon="-16.260982006788254">
        <ele>637.29999999999995</ele>
      </trkpt>
      <trkpt lat="28.518833024427295" lon="-16.26101796515286">
        <ele>636.5</ele>
      </trkpt>
      <trkpt lat="28.518787007778883" lon="-16.261049984022975">
        <ele>635.29999999999995</ele>
      </trkpt>
      <trkpt lat="28.518747026100755" lon="-16.261073034256697">
        <ele>633.79999999999995</ele>
      </trkpt>
      <trkpt lat="28.518754988908768" lon="-16.26110102981329">
        <ele>633.20000000000005</ele>
      </trkpt>
      <trkpt lat="28.518760018050671" lon="-16.261116033419967">
        <ele>632.79999999999995</ele>
      </trkpt>
      <trkpt lat="28.518779966980219" lon="-16.261112010106444">
        <ele>632.29999999999995</ele>
      </trkpt>
      <trkpt lat="28.518818020820618" lon="-16.26110496930778">
        <ele>632.29999999999995</ele>
      </trkpt>
      <trkpt lat="28.518807962536812" lon="-16.261117039248347">
        <ele>632</ele>
      </trkpt>
      <trkpt lat="28.518784996122122" lon="-16.261140005663037">
        <ele>631.60000000000002</ele>
      </trkpt>
      <trkpt lat="28.518753983080387" lon="-16.261174958199263">
        <ele>630.29999999999995</ele>
      </trkpt>
      <trkpt lat="28.518715007230639" lon="-16.261204965412617">
        <ele>628.79999999999995</ele>
      </trkpt>
      <trkpt lat="28.518707966431975" lon="-16.261227009817958">
        <ele>628.29999999999995</ele>
      </trkpt>
      <trkpt lat="28.518693968653679" lon="-16.261228015646338">
        <ele>628</ele>
      </trkpt>
      <trkpt lat="28.518681982532144" lon="-16.261256011202931">
        <ele>627.20000000000005</ele>
      </trkpt>
      <trkpt lat="28.51865298114717" lon="-16.261263974010944">
        <ele>626.70000000000005</ele>
      </trkpt>
      <trkpt lat="28.51863001473248" lon="-16.261261040344834">
        <ele>625.70000000000005</ele>
      </trkpt>
      <trkpt lat="28.518620962277055" lon="-16.261266991496086">
        <ele>625.5</ele>
      </trkpt>
      <trkpt lat="28.518608976155519" lon="-16.261292975395918">
        <ele>625</ele>
      </trkpt>
      <trkpt lat="28.518597995862365" lon="-16.26131895929575">
        <ele>624.5</ele>
      </trkpt>
      <trkpt lat="28.518599001690745" lon="-16.261334968730807">
        <ele>624.10000000000002</ele>
      </trkpt>
      <trkpt lat="28.518640995025635" lon="-16.261350978165865">
        <ele>623.10000000000002</ele>
      </trkpt>
      <trkpt lat="28.518660021945834" lon="-16.261364975944161">
        <ele>622.20000000000005</ele>
      </trkpt>
      <trkpt lat="28.518675025552511" lon="-16.261375034227967">
        <ele>621.70000000000005</ele>
      </trkpt>
      <trkpt lat="28.518705032765865" lon="-16.261375034227967">
        <ele>620.89999999999998</ele>
      </trkpt>
      <trkpt lat="28.518729005008936" lon="-16.261379979550838">
        <ele>620.39999999999998</ele>
      </trkpt>
      <trkpt lat="28.518714001402259" lon="-16.261395988985896">
        <ele>619.89999999999998</ele>
      </trkpt>
      <trkpt lat="28.518688017502427" lon="-16.261420967057347">
        <ele>619.60000000000002</ele>
      </trkpt>
      <trkpt lat="28.518653986975551" lon="-16.261444017291069">
        <ele>618.89999999999998</ele>
      </trkpt>
      <trkpt lat="28.518624985590577" lon="-16.261453991755843">
        <ele>618</ele>
      </trkpt>
      <trkpt lat="28.518577041104436" lon="-16.261470001190901">
        <ele>616.5</ele>
      </trkpt>
      <trkpt lat="28.51852398365736" lon="-16.261458015069366">
        <ele>615.20000000000005</ele>
      </trkpt>
      <trkpt lat="28.518507974222302" lon="-16.261433036997914">
        <ele>615.60000000000002</ele>
      </trkpt>
      <trkpt lat="28.518475033342838" lon="-16.261418033391237">
        <ele>613.5</ele>
      </trkpt>
      <trkpt lat="28.518464975059032" lon="-16.261409986764193">
        <ele>613.29999999999995</ele>
      </trkpt>
      <trkpt lat="28.518460029736161" lon="-16.26142499037087">
        <ele>612.79999999999995</ele>
      </trkpt>
      <trkpt lat="28.518486013635993" lon="-16.26144896261394">
        <ele>613.20000000000005</ele>
      </trkpt>
      <trkpt lat="28.518503028899431" lon="-16.261491039767861">
        <ele>612.29999999999995</ele>
      </trkpt>
      <trkpt lat="28.518528006970882" lon="-16.261525992304087">
        <ele>611.79999999999995</ele>
      </trkpt>
      <trkpt lat="28.518520966172218" lon="-16.261536972597241">
        <ele>611.10000000000002</ele>
      </trkpt>
      <trkpt lat="28.51843798533082" lon="-16.261475030332804">
        <ele>609.5</ele>
      </trkpt>
      <trkpt lat="28.518429016694427" lon="-16.261461032554507">
        <ele>609.29999999999995</ele>
      </trkpt>
      <trkpt lat="28.518414013087749" lon="-16.261461032554507">
        <ele>608.70000000000005</ele>
      </trkpt>
      <trkpt lat="28.518386017531157" lon="-16.261437982320786">
        <ele>608.10000000000002</ele>
      </trkpt>
      <trkpt lat="28.518361039459705" lon="-16.261413004249334">
        <ele>607.29999999999995</ele>
      </trkpt>
      <trkpt lat="28.518344024196267" lon="-16.261373022571206">
        <ele>605.79999999999995</ele>
      </trkpt>
      <trkpt lat="28.518337989225984" lon="-16.26133899204433">
        <ele>604.89999999999998</ele>
      </trkpt>
      <trkpt lat="28.518346035853028" lon="-16.261309990659356">
        <ele>604.20000000000005</ele>
      </trkpt>
      <trkpt lat="28.518358021974564" lon="-16.261270008981228">
        <ele>603.5</ele>
      </trkpt>
      <trkpt lat="28.518375037238002" lon="-16.26120999455452">
        <ele>602.5</ele>
      </trkpt>
      <trkpt lat="28.518386017531157" lon="-16.261170012876391">
        <ele>601.70000000000005</ele>
      </trkpt>
      <trkpt lat="28.518388029187918" lon="-16.261106980964541">
        <ele>600.79999999999995</ele>
      </trkpt>
      <trkpt lat="28.518381994217634" lon="-16.261054007336497">
        <ele>599.29999999999995</ele>
      </trkpt>
      <trkpt lat="28.518370008096099" lon="-16.261003967374563">
        <ele>598.60000000000002</ele>
      </trkpt>
      <trkpt lat="28.51835198700428" lon="-16.260969014838338">
        <ele>597.79999999999995</ele>
      </trkpt>
      <trkpt lat="28.518328014761209" lon="-16.260938001796603">
        <ele>596.29999999999995</ele>
      </trkpt>
      <trkpt lat="28.518305970355868" lon="-16.260887961834669">
        <ele>596</ele>
      </trkpt>
      <trkpt lat="28.518263977020979" lon="-16.260856026783586">
        <ele>592.79999999999995</ele>
      </trkpt>
      <trkpt lat="28.518237993121147" lon="-16.260828031226993">
        <ele>591.89999999999998</ele>
      </trkpt>
      <trkpt lat="28.51822198368609" lon="-16.26080397516489">
        <ele>591.29999999999995</ele>
      </trkpt>
      <trkpt lat="28.518223995342851" lon="-16.260740021243691">
        <ele>590</ele>
      </trkpt>
      <trkpt lat="28.518246039748192" lon="-16.260715965181589">
        <ele>589.60000000000002</ele>
      </trkpt>
      <trkpt lat="28.518260959535837" lon="-16.260700039565563">
        <ele>589.20000000000005</ele>
      </trkpt>
      <trkpt lat="28.518295995891094" lon="-16.260623009875417">
        <ele>586.39999999999998</ele>
      </trkpt>
      <trkpt lat="28.518316028639674" lon="-16.260598031803966">
        <ele>585.79999999999995</ele>
      </trkpt>
      <trkpt lat="28.518342012539506" lon="-16.260554026812315">
        <ele>586</ele>
      </trkpt>
      <trkpt lat="28.518363973125815" lon="-16.260516978800297">
        <ele>586.60000000000002</ele>
      </trkpt>
      <trkpt lat="28.518362967297435" lon="-16.26048001460731">
        <ele>586.5</ele>
      </trkpt>
      <trkpt lat="28.518333965912461" lon="-16.260489989072084">
        <ele>583.89999999999998</ele>
      </trkpt>
      <trkpt lat="28.518319968134165" lon="-16.260533994063735">
        <ele>583.39999999999998</ele>
      </trkpt>
      <trkpt lat="28.51830798201263" lon="-16.26054204069078">
        <ele>582.79999999999995</ele>
      </trkpt>
      <trkpt lat="28.518300019204617" lon="-16.260531982406974">
        <ele>582.29999999999995</ele>
      </trkpt>
      <trkpt lat="28.518300019204617" lon="-16.260482026264071">
        <ele>581.60000000000002</ele>
      </trkpt>
      <trkpt lat="28.518283003941178" lon="-16.26039401628077">
        <ele>581.10000000000002</ele>
      </trkpt>
      <trkpt lat="28.518279986456037" lon="-16.260320004075766">
        <ele>580.29999999999995</ele>
      </trkpt>
      <trkpt lat="28.518322985619307" lon="-16.260164016857743">
        <ele>578.39999999999998</ele>
      </trkpt>
      <trkpt lat="28.518332960084081" lon="-16.26011498272419">
        <ele>578</ele>
      </trkpt>
      <trkpt lat="28.518324997276068" lon="-16.260096039623022">
        <ele>576.60000000000002</ele>
      </trkpt>
      <trkpt lat="28.518301025032997" lon="-16.260109031572938">
        <ele>575.5</ele>
      </trkpt>
      <trkpt lat="28.518260037526488" lon="-16.260217996314168">
        <ele>575.39999999999998</ele>
      </trkpt>
      <trkpt lat="28.518235981464386" lon="-16.260227970778942">
        <ele>574.60000000000002</ele>
      </trkpt>
      <trkpt lat="28.518238998949528" lon="-16.260197963565588">
        <ele>573.29999999999995</ele>
      </trkpt>
      <trkpt lat="28.51824302226305" lon="-16.260153958573937">
        <ele>572.5</ele>
      </trkpt>
      <trkpt lat="28.518272023648024" lon="-16.260096961632371">
        <ele>571.70000000000005</ele>
      </trkpt>
      <trkpt lat="28.518273029476404" lon="-16.260081036016345">
        <ele>571.5</ele>
      </trkpt>
      <trkpt lat="28.518249979242682" lon="-16.260080030187964">
        <ele>570.20000000000005</ele>
      </trkpt>
      <trkpt lat="28.518225001171231" lon="-16.260105008259416">
        <ele>569.89999999999998</ele>
      </trkpt>
      <trkpt lat="28.518187031149864" lon="-16.26013602130115">
        <ele>569</ele>
      </trkpt>
      <trkpt lat="28.51817898452282" lon="-16.260131997987628">
        <ele>568.10000000000002</ele>
      </trkpt>
      <trkpt lat="28.518184013664722" lon="-16.260102996602654">
        <ele>567.29999999999995</ele>
      </trkpt>
      <trkpt lat="28.518232963979244" lon="-16.260024039074779">
        <ele>566.10000000000002</ele>
      </trkpt>
      <trkpt lat="28.51826498284936" lon="-16.25998598523438">
        <ele>565.60000000000002</ele>
      </trkpt>
      <trkpt lat="28.518292978405952" lon="-16.25992001965642">
        <ele>565.29999999999995</ele>
      </trkpt>
      <trkpt lat="28.518285015597939" lon="-16.259867968037724">
        <ele>565.89999999999998</ele>
      </trkpt>
      <trkpt lat="28.518263977020979" lon="-16.259832009673119">
        <ele>566.20000000000005</ele>
      </trkpt>
      <trkpt lat="28.518233969807625" lon="-16.259831003844738">
        <ele>565.89999999999998</ele>
      </trkpt>
      <trkpt lat="28.518194993957877" lon="-16.259819017723203">
        <ele>566.70000000000005</ele>
      </trkpt>
      <trkpt lat="28.518177978694439" lon="-16.259790016338229">
        <ele>567.89999999999998</ele>
      </trkpt>
      <trkpt lat="28.518150988966227" lon="-16.2597949616611">
        <ele>566.10000000000002</ele>
      </trkpt>
      <trkpt lat="28.518108995631337" lon="-16.259796973317862">
        <ele>565.10000000000002</ele>
      </trkpt>
      <trkpt lat="28.518067002296448" lon="-16.259777024388313">
        <ele>564.5</ele>
      </trkpt>
      <trkpt lat="28.518054010346532" lon="-16.259762020781636">
        <ele>564.10000000000002</ele>
      </trkpt>
      <trkpt lat="28.518038000911474" lon="-16.259730001911521">
        <ele>563.20000000000005</ele>
      </trkpt>
      <trkpt lat="28.518025008961558" lon="-16.25972899608314">
        <ele>562.5</ele>
      </trkpt>
      <trkpt lat="28.518015034496784" lon="-16.25975196249783">
        <ele>561.29999999999995</ele>
      </trkpt>
      <trkpt lat="28.518014028668404" lon="-16.259753974154592">
        <ele>561.29999999999995</ele>
      </trkpt>
      <trkpt lat="28.518011011183262" lon="-16.259786998853087">
        <ele>561.60000000000002</ele>
      </trkpt>
      <trkpt lat="28.518001036718488" lon="-16.259802002459764">
        <ele>560.20000000000005</ele>
      </trkpt>
      <trkpt lat="28.518000030890107" lon="-16.259819017723203">
        <ele>559.79999999999995</ele>
      </trkpt>
      <trkpt lat="28.518003970384598" lon="-16.259823041036725">
        <ele>559.60000000000002</ele>
      </trkpt>
      <trkpt lat="28.518014028668404" lon="-16.259833015501499">
        <ele>559.10000000000002</ele>
      </trkpt>
      <trkpt lat="28.518021991476417" lon="-16.259848019108176">
        <ele>558.89999999999998</ele>
      </trkpt>
      <trkpt lat="28.518014028668404" lon="-16.259753974154592">
        <ele>561.29999999999995</ele>
      </trkpt>
      <trkpt lat="28.518011011183262" lon="-16.259786998853087">
        <ele>561.60000000000002</ele>
      </trkpt>
      <trkpt lat="28.518001036718488" lon="-16.259802002459764">
        <ele>560.20000000000005</ele>
      </trkpt>
      <trkpt lat="28.518000030890107" lon="-16.259819017723203">
        <ele>559.79999999999995</ele>
      </trkpt>
      <trkpt lat="28.518003970384598" lon="-16.259823041036725">
        <ele>559.60000000000002</ele>
      </trkpt>
      <trkpt lat="28.518014028668404" lon="-16.259833015501499">
        <ele>559.10000000000002</ele>
      </trkpt>
      <trkpt lat="28.518021991476417" lon="-16.259848019108176">
        <ele>558.89999999999998</ele>
      </trkpt>
      <trkpt lat="28.518043030053377" lon="-16.259864028543234">
        <ele>558.20000000000005</ele>
      </trkpt>
      <trkpt lat="28.518045041710138" lon="-16.259886994957924">
        <ele>557.70000000000005</ele>
      </trkpt>
      <trkpt lat="28.518018973991275" lon="-16.25989998690784">
        <ele>556.29999999999995</ele>
      </trkpt>
      <trkpt lat="28.517995001748204" lon="-16.259893029928207">
        <ele>555.70000000000005</ele>
      </trkpt>
      <trkpt lat="28.517969017848372" lon="-16.259882971644402">
        <ele>555.5</ele>
      </trkpt>
      <trkpt lat="28.51796499453485" lon="-16.259871991351247">
        <ele>555.70000000000005</ele>
      </trkpt>
      <trkpt lat="28.517934987321496" lon="-16.259871991351247">
        <ele>554.79999999999995</ele>
      </trkpt>
      <trkpt lat="28.517928030341864" lon="-16.259889006614685">
        <ele>554</ele>
      </trkpt>
      <trkpt lat="28.517913026735187" lon="-16.259895963594317">
        <ele>553.20000000000005</ele>
      </trkpt>
      <trkpt lat="28.517905985936522" lon="-16.259886994957924">
        <ele>553.60000000000002</ele>
      </trkpt>
      <trkpt lat="28.517905985936522" lon="-16.259866040199995">
        <ele>553.89999999999998</ele>
      </trkpt>
      <trkpt lat="28.517886037006974" lon="-16.259869979694486">
        <ele>553.5</ele>
      </trkpt>
      <trkpt lat="28.517874972894788" lon="-16.259866962209344">
        <ele>553.5</ele>
      </trkpt>
      <trkpt lat="28.517871033400297" lon="-16.259849024936557">
        <ele>553.39999999999998</ele>
      </trkpt>
      <trkpt lat="28.517847983166575" lon="-16.25983502715826">
        <ele>553.39999999999998</ele>
      </trkpt>
      <trkpt lat="28.517828034237027" lon="-16.259825974702835">
        <ele>552.39999999999998</ele>
      </trkpt>
      <trkpt lat="28.517796015366912" lon="-16.25983502715826">
        <ele>552.10000000000002</ele>
      </trkpt>
      <trkpt lat="28.517754022032022" lon="-16.259849024936557">
        <ele>551.39999999999998</ele>
      </trkpt>
      <trkpt lat="28.517736000940204" lon="-16.259886994957924">
        <ele>550.60000000000002</ele>
      </trkpt>
      <trkpt lat="28.51770599372685" lon="-16.259922031313181">
        <ele>549.5</ele>
      </trkpt>
      <trkpt lat="28.517625024542212" lon="-16.259947009384632">
        <ele>548.89999999999998</ele>
      </trkpt>
      <trkpt lat="28.517584959045053" lon="-16.259966036304832">
        <ele>548.79999999999995</ele>
      </trkpt>
      <trkpt lat="28.51755796931684" lon="-16.259981039911509">
        <ele>549</ele>
      </trkpt>
      <trkpt lat="28.51749200373888" lon="-16.260032001882792">
        <ele>548</ele>
      </trkpt>
      <trkpt lat="28.517457973212004" lon="-16.260052034631371">
        <ele>546.79999999999995</ele>
      </trkpt>
      <trkpt lat="28.517417991533875" lon="-16.260073995217681">
        <ele>546.10000000000002</ele>
      </trkpt>
      <trkpt lat="28.517392007634044" lon="-16.260078018531203">
        <ele>545.89999999999998</ele>
      </trkpt>
      <trkpt lat="28.517373986542225" lon="-16.260090004652739">
        <ele>545.5</ele>
      </trkpt>
      <trkpt lat="28.517381027340889" lon="-16.260104002431035">
        <ele>544.89999999999998</ele>
      </trkpt>
      <trkpt lat="28.517413968220353" lon="-16.260111965239048">
        <ele>544.29999999999995</ele>
      </trkpt>
      <trkpt lat="28.517458979040384" lon="-16.260111965239048">
        <ele>543.5</ele>
      </trkpt>
      <trkpt lat="28.51747096516192" lon="-16.260113976895809">
        <ele>543</ele>
      </trkpt>
      <trkpt lat="28.517477000132203" lon="-16.260129986330867">
        <ele>542.10000000000002</ele>
      </trkpt>
      <trkpt lat="28.517466019839048" lon="-16.260145995765924">
        <ele>541.5</ele>
      </trkpt>
      <trkpt lat="28.517430983483791" lon="-16.260162005200982">
        <ele>541.10000000000002</ele>
      </trkpt>
      <trkpt lat="28.517386978492141" lon="-16.260180026292801">
        <ele>540.20000000000005</ele>
      </trkpt>
      <trkpt lat="28.517355965450406" lon="-16.260194024071097">
        <ele>539.29999999999995</ele>
      </trkpt>
      <trkpt lat="28.517322018742561" lon="-16.260205004364252">
        <ele>538.60000000000002</ele>
      </trkpt>
      <trkpt lat="28.517282037064433" lon="-16.260215984657407">
        <ele>537.20000000000005</ele>
      </trkpt>
      <trkpt lat="28.517215987667441" lon="-16.260236017405987">
        <ele>535.79999999999995</ele>
      </trkpt>
      <trkpt lat="28.517205007374287" lon="-16.260250015184283">
        <ele>535.20000000000005</ele>
      </trkpt>
      <trkpt lat="28.517184974625707" lon="-16.260259989649057">
        <ele>534.60000000000002</ele>
      </trkpt>
      <trkpt lat="28.517155973240733" lon="-16.260272981598973">
        <ele>533.60000000000002</ele>
      </trkpt>
      <trkpt lat="28.517097970470786" lon="-16.260272981598973">
        <ele>532.5</ele>
      </trkpt>
      <trkpt lat="28.517077015712857" lon="-16.26026401296258">
        <ele>532.39999999999998</ele>
      </trkpt>
      <trkpt lat="28.51704097352922" lon="-16.260260995477438">
        <ele>531.89999999999998</ele>
      </trkpt>
      <trkpt lat="28.517023036256433" lon="-16.260270969942212">
        <ele>531.39999999999998</ele>
      </trkpt>
      <trkpt lat="28.516979031264782" lon="-16.26026401296258">
        <ele>530.79999999999995</ele>
      </trkpt>
      <trkpt lat="28.516946006566286" lon="-16.260270969942212">
        <ele>530.29999999999995</ele>
      </trkpt>
      <trkpt lat="28.516899989917874" lon="-16.260268958285451">
        <ele>529.39999999999998</ele>
      </trkpt>
      <trkpt lat="28.516866965219378" lon="-16.260245991870761">
        <ele>528.5</ele>
      </trkpt>
      <trkpt lat="28.516859002411366" lon="-16.260254038497806">
        <ele>527.89999999999998</ele>
      </trkpt>
      <trkpt lat="28.516850033774972" lon="-16.260273987427354">
        <ele>527</ele>
      </trkpt>
      <trkpt lat="28.51686897687614" lon="-16.260313969105482">
        <ele>526.60000000000002</ele>
      </trkpt>
      <trkpt lat="28.516924967989326" lon="-16.260347999632359">
        <ele>525.60000000000002</ele>
      </trkpt>
      <trkpt lat="28.516960004344583" lon="-16.260370966047049">
        <ele>524.89999999999998</ele>
      </trkpt>
      <trkpt lat="28.517035022377968" lon="-16.260386975482106">
        <ele>523.60000000000002</ele>
      </trkpt>
      <trkpt lat="28.516995962709188" lon="-16.260413965210319">
        <ele>522.60000000000002</ele>
      </trkpt>
      <trkpt lat="28.516958998516202" lon="-16.260420000180602">
        <ele>522.20000000000005</ele>
      </trkpt>
      <trkpt lat="28.516917005181313" lon="-16.260431986302137">
        <ele>521.29999999999995</ele>
      </trkpt>
      <trkpt lat="28.516875011846423" lon="-16.260444978252053">
        <ele>520.60000000000002</ele>
      </trkpt>
      <trkpt lat="28.516816003248096" lon="-16.260455958545208">
        <ele>519.5</ele>
      </trkpt>
      <trkpt lat="28.516767974942923" lon="-16.260465011000633">
        <ele>518.5</ele>
      </trkpt>
      <trkpt lat="28.516725981608033" lon="-16.260472973808646">
        <ele>517.5</ele>
      </trkpt>
      <trkpt lat="28.516682982444763" lon="-16.260468028485775">
        <ele>516.70000000000005</ele>
      </trkpt>
      <trkpt lat="28.516639983281493" lon="-16.260456964373589">
        <ele>517.10000000000002</ele>
      </trkpt>
      <trkpt lat="28.516607964411378" lon="-16.260467022657394">
        <ele>516.5</ele>
      </trkpt>
      <trkpt lat="28.516617016866803" lon="-16.26050197519362">
        <ele>515</ele>
      </trkpt>
      <trkpt lat="28.516590027138591" lon="-16.260537011548877">
        <ele>514.20000000000005</ele>
      </trkpt>
      <trkpt lat="28.516576029360294" lon="-16.260559977963567">
        <ele>514.29999999999995</ele>
      </trkpt>
      <trkpt lat="28.516543004661798" lon="-16.260582022368908">
        <ele>514.20000000000005</ele>
      </trkpt>
      <trkpt lat="28.516518026590347" lon="-16.260577999055386">
        <ele>513.89999999999998</ele>
      </trkpt>
      <trkpt lat="28.516501011326909" lon="-16.260590991005301">
        <ele>512.89999999999998</ele>
      </trkpt>
      <trkpt lat="28.516443008556962" lon="-16.26058503985405">
        <ele>511.80000000000001</ele>
      </trkpt>
      <trkpt lat="28.516410989686847" lon="-16.26056500710547">
        <ele>511.39999999999998</ele>
      </trkpt>
      <trkpt lat="28.516377964988351" lon="-16.260561989620328">
        <ele>510.80000000000001</ele>
      </trkpt>
      <trkpt lat="28.51635399274528" lon="-16.260575987398624">
        <ele>510</ele>
      </trkpt>
      <trkpt lat="28.51633002050221" lon="-16.26058797352016">
        <ele>509.69999999999999</ele>
      </trkpt>
      <trkpt lat="28.516337983310223" lon="-16.260604988783598">
        <ele>509.10000000000002</ele>
      </trkpt>
      <trkpt lat="28.51637301966548" lon="-16.260614963248372">
        <ele>508.60000000000002</ele>
      </trkpt>
      <trkpt lat="28.516402021050453" lon="-16.260628961026669">
        <ele>507.39999999999998</ele>
      </trkpt>
      <trkpt lat="28.516432028263807" lon="-16.260656034573913">
        <ele>507</ele>
      </trkpt>
      <trkpt lat="28.516465974971652" lon="-16.26067103818059">
        <ele>506.39999999999998</ele>
      </trkpt>
      <trkpt lat="28.516497993841767" lon="-16.260682018473744">
        <ele>506.19999999999999</ele>
      </trkpt>
      <trkpt lat="28.516520960256457" lon="-16.260691992938519">
        <ele>505.5</ele>
      </trkpt>
      <trkpt lat="28.516553984954953" lon="-16.260690987110138">
        <ele>505</ele>
      </trkpt>
      <trkpt lat="28.516590027138591" lon="-16.260683024302125">
        <ele>504.89999999999998</ele>
      </trkpt>
      <trkpt lat="28.516621040180326" lon="-16.2606739718467">
        <ele>505.19999999999999</ele>
      </trkpt>
      <trkpt lat="28.516640989109874" lon="-16.260686041787267">
        <ele>504.5</ele>
      </trkpt>
      <trkpt lat="28.516633026301861" lon="-16.260710014030337">
        <ele>504.39999999999998</ele>
      </trkpt>
      <trkpt lat="28.516615005210042" lon="-16.260731974616647">
        <ele>503.80000000000001</ele>
      </trkpt>
      <trkpt lat="28.516605030745268" lon="-16.260753013193607">
        <ele>504.5</ele>
      </trkpt>
      <trkpt lat="28.516590027138591" lon="-16.260785032063723">
        <ele>504.10000000000002</ele>
      </trkpt>
      <trkpt lat="28.516580974683166" lon="-16.260805986821651">
        <ele>502.89999999999998</ele>
      </trkpt>
      <trkpt lat="28.516552979126573" lon="-16.260817972943187">
        <ele>501</ele>
      </trkpt>
      <trkpt lat="28.516479972749949" lon="-16.260805986821651">
        <ele>500</ele>
      </trkpt>
      <trkpt lat="28.516406966373324" lon="-16.260816967114806">
        <ele>499.89999999999998</ele>
      </trkpt>
      <trkpt lat="28.51633002050221" lon="-16.260832976549864">
        <ele>500.60000000000002</ele>
      </trkpt>
      <trkpt lat="28.516258019953966" lon="-16.260857032611966">
        <ele>500.80000000000001</ele>
      </trkpt>
      <trkpt lat="28.516215020790696" lon="-16.260873964056373">
        <ele>503.30000000000001</ele>
      </trkpt>
      <trkpt lat="28.516179984435439" lon="-16.260896008461714">
        <ele>504.69999999999999</ele>
      </trkpt>
      <trkpt lat="28.516156012192369" lon="-16.260907994583249">
        <ele>504.5</ele>
      </trkpt>
      <trkpt lat="28.516102032735944" lon="-16.260911012068391">
        <ele>504.39999999999998</ele>
      </trkpt>
      <trkpt lat="28.516044029965997" lon="-16.2609329726547">
        <ele>505.30000000000001</ele>
      </trkpt>
      <trkpt lat="28.515991978347301" lon="-16.260969014838338">
        <ele>504.60000000000002</ele>
      </trkpt>
      <trkpt lat="28.515940010547638" lon="-16.260992987081409">
        <ele>502.60000000000002</ele>
      </trkpt>
      <trkpt lat="28.515916960313916" lon="-16.261016959324479">
        <ele>501.80000000000001</ele>
      </trkpt>
      <trkpt lat="28.515887036919594" lon="-16.261055013164878">
        <ele>502</ele>
      </trkpt>
      <trkpt lat="28.515855018049479" lon="-16.261074040085077">
        <ele>501.10000000000002</ele>
      </trkpt>
      <trkpt lat="28.515811013057828" lon="-16.26108200289309">
        <ele>501.80000000000001</ele>
      </trkpt>
      <trkpt lat="28.515735995024443" lon="-16.261075967922807">
        <ele>501.60000000000002</ele>
      </trkpt>
      <trkpt lat="28.515703976154327" lon="-16.261065993458033">
        <ele>501.80000000000001</ele>
      </trkpt>
      <trkpt lat="28.515684027224779" lon="-16.261046966537833">
        <ele>501.30000000000001</ele>
      </trkpt>
      <trkpt lat="28.515670029446483" lon="-16.261033974587917">
        <ele>500.69999999999999</ele>
      </trkpt>
      <trkpt lat="28.515643961727619" lon="-16.261034980416298">
        <ele>501</ele>
      </trkpt>
      <trkpt lat="28.515618983656168" lon="-16.261034980416298">
        <ele>501</ele>
      </trkpt>
      <trkpt lat="28.515585036948323" lon="-16.261036992073059">
        <ele>500.69999999999999</ele>
      </trkpt>
      <trkpt lat="28.515550000593066" lon="-16.261053001508117">
        <ele>500.39999999999998</ele>
      </trkpt>
      <trkpt lat="28.515507001429796" lon="-16.261086026206613">
        <ele>500.30000000000001</ele>
      </trkpt>
      <trkpt lat="28.515469031408429" lon="-16.261084014549851">
        <ele>499.80000000000001</ele>
      </trkpt>
      <trkpt lat="28.515485962852836" lon="-16.261063981801271">
        <ele>498.60000000000002</ele>
      </trkpt>
      <trkpt lat="28.515512030571699" lon="-16.261028023436666">
        <ele>497.89999999999998</ele>
      </trkpt>
      <trkpt lat="28.515538014471531" lon="-16.261012014001608">
        <ele>497.5</ele>
      </trkpt>
      <trkpt lat="28.515567015856504" lon="-16.26097597181797">
        <ele>497.5</ele>
      </trkpt>
      <trkpt lat="28.515569027513266" lon="-16.260961974039674">
        <ele>496.30000000000001</ele>
      </trkpt>
      <trkpt lat="28.515546983107924" lon="-16.260958034545183">
        <ele>495.80000000000001</ele>
      </trkpt>
      <trkpt lat="28.515485962852836" lon="-16.260956022888422">
        <ele>494.89999999999998</ele>
      </trkpt>
      <trkpt lat="28.515384960919619" lon="-16.260955017060041">
        <ele>493.5</ele>
      </trkpt>
      <trkpt lat="28.515326036140323" lon="-16.260963985696435">
        <ele>492.5</ele>
      </trkpt>
      <trkpt lat="28.515138030052185" lon="-16.260934984311461">
        <ele>488.69999999999999</ele>
      </trkpt>
      <trkpt lat="28.515090001747012" lon="-16.260930960997939">
        <ele>487.80000000000001</ele>
      </trkpt>
      <trkpt lat="28.515059994533658" lon="-16.260917969048023">
        <ele>486.5</ele>
      </trkpt>
      <trkpt lat="28.515023030340672" lon="-16.260920986533165">
        <ele>485.30000000000001</ele>
      </trkpt>
      <trkpt lat="28.514976007863879" lon="-16.260907994583249">
        <ele>484.19999999999999</ele>
      </trkpt>
      <trkpt lat="28.514952035620809" lon="-16.260922998189926">
        <ele>483.80000000000001</ele>
      </trkpt>
      <trkpt lat="28.514924962073565" lon="-16.260941019281745">
        <ele>483</ele>
      </trkpt>
      <trkpt lat="28.514899984002113" lon="-16.2609519995749">
        <ele>482.19999999999999</ele>
      </trkpt>
      <trkpt lat="28.514862013980746" lon="-16.260964991524816">
        <ele>481.5</ele>
      </trkpt>
      <trkpt lat="28.514843992888927" lon="-16.260954011231661">
        <ele>480.80000000000001</ele>
      </trkpt>
      <trkpt lat="28.514821026474237" lon="-16.260940013453364">
        <ele>480.19999999999999</ele>
      </trkpt>
      <trkpt lat="28.514767969027162" lon="-16.260913023725152">
        <ele>479.19999999999999</ele>
      </trkpt>
      <trkpt lat="28.514739973470569" lon="-16.260924004018307">
        <ele>480.10000000000002</ele>
      </trkpt>
      <trkpt lat="28.514735028147697" lon="-16.260915035381913">
        <ele>479.60000000000002</ele>
      </trkpt>
      <trkpt lat="28.514692028984427" lon="-16.26091000624001">
        <ele>478.69999999999999</ele>
      </trkpt>
      <trkpt lat="28.514663027599454" lon="-16.260906988754869">
        <ele>479</ele>
      </trkpt>
      <trkpt lat="28.514609970152378" lon="-16.260905982926488">
        <ele>478.60000000000002</ele>
      </trkpt>
      <trkpt lat="28.51459002122283" lon="-16.260914029553533">
        <ele>478.30000000000001</ele>
      </trkpt>
      <trkpt lat="28.514572000131011" lon="-16.260912017896771">
        <ele>477.80000000000001</ele>
      </trkpt>
      <trkpt lat="28.514541992917657" lon="-16.260906988754869">
        <ele>477.39999999999998</ele>
      </trkpt>
      <trkpt lat="28.514515003189445" lon="-16.260906988754869">
        <ele>476.10000000000002</ele>
      </trkpt>
      <trkpt lat="28.514444008469582" lon="-16.260885028168559">
        <ele>474.19999999999999</ele>
      </trkpt>
      <trkpt lat="28.514408972114325" lon="-16.260872036218643">
        <ele>473.30000000000001</ele>
      </trkpt>
      <trkpt lat="28.514357004314661" lon="-16.260850997641683">
        <ele>471.69999999999999</ele>
      </trkpt>
      <trkpt lat="28.514305036514997" lon="-16.260833982378244">
        <ele>471.10000000000002</ele>
      </trkpt>
      <trkpt lat="28.514274023473263" lon="-16.260829959064722">
        <ele>470.39999999999998</ele>
      </trkpt>
      <trkpt lat="28.514223983511329" lon="-16.260826019570231">
        <ele>469.30000000000001</ele>
      </trkpt>
      <trkpt lat="28.514189030975103" lon="-16.260829037055373">
        <ele>469</ele>
      </trkpt>
      <trkpt lat="28.514177966862917" lon="-16.260833982378244">
        <ele>469.19999999999999</ele>
      </trkpt>
      <trkpt lat="28.514128010720015" lon="-16.260856026783586">
        <ele>469</ele>
      </trkpt>
      <trkpt lat="28.514087023213506" lon="-16.260862983763218">
        <ele>468.5</ele>
      </trkpt>
      <trkpt lat="28.514046035706997" lon="-16.260872036218643">
        <ele>467.80000000000001</ele>
      </trkpt>
      <trkpt lat="28.51401200518012" lon="-16.260873964056373">
        <ele>467.30000000000001</ele>
      </trkpt>
      <trkpt lat="28.513949979096651" lon="-16.260858038440347">
        <ele>466.10000000000002</ele>
      </trkpt>
      <trkpt lat="28.513914020732045" lon="-16.26086600124836">
        <ele>464.69999999999999</ele>
      </trkpt>
      <trkpt lat="28.513870015740395" lon="-16.260884022340178">
        <ele>463.89999999999998</ele>
      </trkpt>
      <trkpt lat="28.513832967728376" lon="-16.260916041210294">
        <ele>463.5</ele>
      </trkpt>
      <trkpt lat="28.51379700936377" lon="-16.260946970432997">
        <ele>462.30000000000001</ele>
      </trkpt>
      <trkpt lat="28.513743029907346" lon="-16.26101503148675">
        <ele>460.69999999999999</ele>
      </trkpt>
      <trkpt lat="28.513726014643908" lon="-16.261045960709453">
        <ele>460.19999999999999</ele>
      </trkpt>
      <trkpt lat="28.513707993552089" lon="-16.261088037863374">
        <ele>459.80000000000001</ele>
      </trkpt>
      <trkpt lat="28.513697013258934" lon="-16.26110496930778">
        <ele>459.69999999999999</ele>
      </trkpt>
      <trkpt lat="28.513685027137399" lon="-16.261107986792922">
        <ele>458.60000000000002</ele>
      </trkpt>
      <trkpt lat="28.513682009652257" lon="-16.261099018156528">
        <ele>458.39999999999998</ele>
      </trkpt>
      <trkpt lat="28.513687960803509" lon="-16.26105803065002">
        <ele>457.80000000000001</ele>
      </trkpt>
      <trkpt lat="28.513698019087315" lon="-16.260988963767886">
        <ele>457.60000000000002</ele>
      </trkpt>
      <trkpt lat="28.513706987723708" lon="-16.260921992361546">
        <ele>457.10000000000002</ele>
      </trkpt>
      <trkpt lat="28.513717968016863" lon="-16.260858038440347">
        <ele>455.39999999999998</ele>
      </trkpt>
      <trkpt lat="28.513729032129049" lon="-16.260825013741851">
        <ele>454.69999999999999</ele>
      </trkpt>
      <trkpt lat="28.513755016028881" lon="-16.260798024013638">
        <ele>453.60000000000002</ele>
      </trkpt>
      <trkpt lat="28.513770019635558" lon="-16.260786959901452">
        <ele>453.19999999999999</ele>
      </trkpt>
      <trkpt lat="28.51377597078681" lon="-16.260772962123156">
        <ele>452.60000000000002</ele>
      </trkpt>
      <trkpt lat="28.513763984665275" lon="-16.260766005143523">
        <ele>451.89999999999998</ele>
      </trkpt>
      <trkpt lat="28.513740012422204" lon="-16.260762987658381">
        <ele>452</ele>
      </trkpt>
      <trkpt lat="28.513703970238566" lon="-16.260783020406961">
        <ele>451</ele>
      </trkpt>
      <trkpt lat="28.513674968853593" lon="-16.260804980993271">
        <ele>450.89999999999998</ele>
      </trkpt>
      <trkpt lat="28.513635993003845" lon="-16.260829959064722">
        <ele>449.30000000000001</ele>
      </trkpt>
      <trkpt lat="28.513628030195832" lon="-16.260850997641683">
        <ele>449.19999999999999</ele>
      </trkpt>
      <trkpt lat="28.51360104046762" lon="-16.260883016511798">
        <ele>448.60000000000002</ele>
      </trkpt>
      <trkpt lat="28.513572039082646" lon="-16.260924004018307">
        <ele>447.30000000000001</ele>
      </trkpt>
      <trkpt lat="28.513556029647589" lon="-16.260941019281745">
        <ele>446.89999999999998</ele>
      </trkpt>
      <trkpt lat="28.513542031869292" lon="-16.260941019281745">
        <ele>446.30000000000001</ele>
      </trkpt>
      <trkpt lat="28.513539014384151" lon="-16.2609329726547">
        <ele>446.10000000000002</ele>
      </trkpt>
      <trkpt lat="28.513534991070628" lon="-16.260904977098107">
        <ele>445.60000000000002</ele>
      </trkpt>
      <trkpt lat="28.513539014384151" lon="-16.260878993198276">
        <ele>445</ele>
      </trkpt>
      <trkpt lat="28.513547983020544" lon="-16.260831970721483">
        <ele>444.10000000000002</ele>
      </trkpt>
      <trkpt lat="28.513557035475969" lon="-16.260792994871736">
        <ele>443.80000000000001</ele>
      </trkpt>
      <trkpt lat="28.513553012162447" lon="-16.260734992101789">
        <ele>441.80000000000001</ele>
      </trkpt>
      <trkpt lat="28.513570027425885" lon="-16.260692998766899">
        <ele>441.30000000000001</ele>
      </trkpt>
      <trkpt lat="28.513589976355433" lon="-16.260644970461726">
        <ele>440.10000000000002</ele>
      </trkpt>
      <trkpt lat="28.513613026589155" lon="-16.260624015703797">
        <ele>439.69999999999999</ele>
      </trkpt>
      <trkpt lat="28.513605985790491" lon="-16.26060901209712">
        <ele>437.89999999999998</ele>
      </trkpt>
      <trkpt lat="28.513529039919376" lon="-16.260636001825333">
        <ele>438.30000000000001</ele>
      </trkpt>
      <trkpt lat="28.513466008007526" lon="-16.260661985725164">
        <ele>437.19999999999999</ele>
      </trkpt>
      <trkpt lat="28.513371963053942" lon="-16.260708002373576">
        <ele>434.39999999999998</ele>
      </trkpt>
      <trkpt lat="28.513372968882322" lon="-16.260684030130506">
        <ele>433.89999999999998</ele>
      </trkpt>
      <trkpt lat="28.513361988589168" lon="-16.260686963796616">
        <ele>433.5</ele>
      </trkpt>
      <trkpt lat="28.513346984982491" lon="-16.260699033737183">
        <ele>432.5</ele>
      </trkpt>
      <trkpt lat="28.513334998860955" lon="-16.260723005980253">
        <ele>432</ele>
      </trkpt>
      <trkpt lat="28.513321001082659" lon="-16.260725017637014">
        <ele>431.69999999999999</ele>
      </trkpt>
      <trkpt lat="28.513301974162459" lon="-16.260749995708466">
        <ele>431.60000000000002</ele>
      </trkpt>
      <trkpt lat="28.513279007747769" lon="-16.260764999315143">
        <ele>431.30000000000001</ele>
      </trkpt>
      <trkpt lat="28.513242965564132" lon="-16.260778997093439">
        <ele>430.60000000000002</ele>
      </trkpt>
      <trkpt lat="28.513212958350778" lon="-16.260785032063723">
        <ele>430.30000000000001</ele>
      </trkpt>
      <trkpt lat="28.513193009421229" lon="-16.260785032063723">
        <ele>429.69999999999999</ele>
      </trkpt>
      <trkpt lat="28.513197032734752" lon="-16.260766005143523">
        <ele>429.30000000000001</ele>
      </trkpt>
      <trkpt lat="28.513221004977822" lon="-16.260752007365227">
        <ele>428.89999999999998</ele>
      </trkpt>
      <trkpt lat="28.513236008584499" lon="-16.260734992101789">
        <ele>428.39999999999998</ele>
      </trkpt>
      <trkpt lat="28.513245983049273" lon="-16.260696016252041">
        <ele>427.69999999999999</ele>
      </trkpt>
      <trkpt lat="28.513252018019557" lon="-16.260667014867067">
        <ele>427.10000000000002</ele>
      </trkpt>
      <trkpt lat="28.513267021626234" lon="-16.260644970461726">
        <ele>426.19999999999999</ele>
      </trkpt>
      <trkpt lat="28.513287976384163" lon="-16.260632984340191">
        <ele>425.5</ele>
      </trkpt>
      <trkpt lat="28.513330975547433" lon="-16.260601971298456">
        <ele>425.60000000000002</ele>
      </trkpt>
      <trkpt lat="28.513368023559451" lon="-16.260581016540527">
        <ele>424.10000000000002</ele>
      </trkpt>
      <trkpt lat="28.513395013287663" lon="-16.260560983791947">
        <ele>424.19999999999999</ele>
      </trkpt>
      <trkpt lat="28.51340901106596" lon="-16.260548997670412">
        <ele>423.89999999999998</ele>
      </trkpt>
      <trkpt lat="28.513410016894341" lon="-16.260533994063735">
        <ele>422.60000000000002</ele>
      </trkpt>
      <trkpt lat="28.51338897831738" lon="-16.260525025427341">
        <ele>422.80000000000001</ele>
      </trkpt>
      <trkpt lat="28.513371041044593" lon="-16.260527037084103">
        <ele>422.60000000000002</ele>
      </trkpt>
      <trkpt lat="28.513296023011208" lon="-16.260553020983934">
        <ele>421.69999999999999</ele>
      </trkpt>
      <trkpt lat="28.513221004977822" lon="-16.260551009327173">
        <ele>419.69999999999999</ele>
      </trkpt>
      <trkpt lat="28.513166019693017" lon="-16.260551009327173">
        <ele>420.10000000000002</ele>
      </trkpt>
      <trkpt lat="28.513123020529747" lon="-16.260575987398624">
        <ele>419.5</ele>
      </trkpt>
      <trkpt lat="28.5130650177598" lon="-16.260583028197289">
        <ele>419</ele>
      </trkpt>
      <trkpt lat="28.512930991128087" lon="-16.260597025975585">
        <ele>416.39999999999998</ele>
      </trkpt>
      <trkpt lat="28.512792019173503" lon="-16.260632984340191">
        <ele>413.19999999999999</ele>
      </trkpt>
      <trkpt lat="28.512699985876679" lon="-16.260675983503461">
        <ele>411.19999999999999</ele>
      </trkpt>
      <trkpt lat="28.51268095895648" lon="-16.260685035958886">
        <ele>410.80000000000001</ele>
      </trkpt>
      <trkpt lat="28.512658998370171" lon="-16.260704984888434">
        <ele>409.5</ele>
      </trkpt>
      <trkpt lat="28.5126350261271" lon="-16.260708002373576">
        <ele>408.60000000000002</ele>
      </trkpt>
      <trkpt lat="28.512607030570507" lon="-16.260712025687099">
        <ele>408.5</ele>
      </trkpt>
      <trkpt lat="28.512595966458321" lon="-16.260701967403293">
        <ele>407.80000000000001</ele>
      </trkpt>
      <trkpt lat="28.512612981721759" lon="-16.26069400459528">
        <ele>407.80000000000001</ele>
      </trkpt>
      <trkpt lat="28.512625973671675" lon="-16.260676989331841">
        <ele>407.30000000000001</ele>
      </trkpt>
      <trkpt lat="28.512633014470339" lon="-16.260668020695448">
        <ele>407.30000000000001</ele>
      </trkpt>
      <trkpt lat="28.512629996985197" lon="-16.260659974068403">
        <ele>407</ele>
      </trkpt>
      <trkpt lat="28.512602001428604" lon="-16.260670032352209">
        <ele>405.89999999999998</ele>
      </trkpt>
      <trkpt lat="28.512557996436954" lon="-16.260669026523829">
        <ele>405.10000000000002</ele>
      </trkpt>
      <trkpt lat="28.512509968131781" lon="-16.260670032352209">
        <ele>403.60000000000002</ele>
      </trkpt>
      <trkpt lat="28.512444002553821" lon="-16.260666009038687">
        <ele>402.30000000000001</ele>
      </trkpt>
      <trkpt lat="28.512396980077028" lon="-16.26067497767508">
        <ele>402.10000000000002</ele>
      </trkpt>
      <trkpt lat="28.512354986742139" lon="-16.260681012645364">
        <ele>400.60000000000002</ele>
      </trkpt>
      <trkpt lat="28.512311987578869" lon="-16.260700039565563">
        <ele>400.5</ele>
      </trkpt>
      <trkpt lat="28.512292960658669" lon="-16.260706996545196">
        <ele>400</ele>
      </trkpt>
      <trkpt lat="28.51224803365767" lon="-16.260749995708466">
        <ele>400.10000000000002</ele>
      </trkpt>
      <trkpt lat="28.512204028666019" lon="-16.260754019021988">
        <ele>398.5</ele>
      </trkpt>
      <trkpt lat="28.512160023674369" lon="-16.26076097600162">
        <ele>398.39999999999998</ele>
      </trkpt>
      <trkpt lat="28.512143008410931" lon="-16.260762987658381">
        <ele>398.5</ele>
      </trkpt>
      <trkpt lat="28.512105960398912" lon="-16.260751001536846">
        <ele>398.10000000000002</ele>
      </trkpt>
      <trkpt lat="28.512075031176209" lon="-16.260752007365227">
        <ele>397.69999999999999</ele>
      </trkpt>
      <trkpt lat="28.512050975114107" lon="-16.260762987658381">
        <ele>397.19999999999999</ele>
      </trkpt>
      <trkpt lat="28.512024991214275" lon="-16.260777991265059">
        <ele>397.39999999999998</ele>
      </trkpt>
      <trkpt lat="28.51199003867805" lon="-16.260786959901452">
        <ele>396.60000000000002</ele>
      </trkpt>
      <trkpt lat="28.511950979009271" lon="-16.260799029842019">
        <ele>396.10000000000002</ele>
      </trkpt>
      <trkpt lat="28.511891970410943" lon="-16.260812021791935">
        <ele>393.89999999999998</ele>
      </trkpt>
      <trkpt lat="28.511817036196589" lon="-16.260830964893103">
        <ele>391</ele>
      </trkpt>
      <trkpt lat="28.511786023154855" lon="-16.260839011520147">
        <ele>390.69999999999999</ele>
      </trkpt>
      <trkpt lat="28.511731959879398" lon="-16.260853009298444">
        <ele>390.39999999999998</ele>
      </trkpt>
      <trkpt lat="28.511685021221638" lon="-16.260871030390263">
        <ele>387.5</ele>
      </trkpt>
      <trkpt lat="28.511640010401607" lon="-16.26088703982532">
        <ele>388.60000000000002</ele>
      </trkpt>
      <trkpt lat="28.511585025116801" lon="-16.260899025946856">
        <ele>387.5</ele>
      </trkpt>
      <trkpt lat="28.511549988761544" lon="-16.260902965441346">
        <ele>387</ele>
      </trkpt>
      <trkpt lat="28.51147597655654" lon="-16.260905982926488">
        <ele>385.69999999999999</ele>
      </trkpt>
      <trkpt lat="28.511448986828327" lon="-16.260903971269727">
        <ele>385.39999999999998</ele>
      </trkpt>
      <trkpt lat="28.511426020413637" lon="-16.260905982926488">
        <ele>385.5</ele>
      </trkpt>
      <trkpt lat="28.511399030685425" lon="-16.260907994583249">
        <ele>384.89999999999998</ele>
      </trkpt>
      <trkpt lat="28.511373968794942" lon="-16.260904977098107">
        <ele>385.5</ele>
      </trkpt>
      <trkpt lat="28.511341027915478" lon="-16.26090900041163">
        <ele>385.30000000000001</ele>
      </trkpt>
      <trkpt lat="28.511212030425668" lon="-16.260955017060041">
        <ele>382.80000000000001</ele>
      </trkpt>
      <trkpt lat="28.511084960773587" lon="-16.261031962931156">
        <ele>380.39999999999998</ele>
      </trkpt>
      <trkpt lat="28.511022012680769" lon="-16.261068005114794">
        <ele>379</ele>
      </trkpt>
      <trkpt lat="28.510926039889455" lon="-16.261121984571218">
        <ele>377.5</ele>
      </trkpt>
      <trkpt lat="28.510850016027689" lon="-16.261161966249347">
        <ele>375.60000000000002</ele>
      </trkpt>
      <trkpt lat="28.510725041851401" lon="-16.261207982897758">
        <ele>371.69999999999999</ele>
      </trkpt>
      <trkpt lat="28.510667961090803" lon="-16.261232038959861">
        <ele>370.5</ele>
      </trkpt>
      <trkpt lat="28.510569976642728" lon="-16.261248970404267">
        <ele>367.89999999999998</ele>
      </trkpt>
      <trkpt lat="28.510514991357923" lon="-16.261272020637989">
        <ele>366.39999999999998</ele>
      </trkpt>
      <trkpt lat="28.510474003851414" lon="-16.261284006759524">
        <ele>365.89999999999998</ele>
      </trkpt>
      <trkpt lat="28.51046402938664" lon="-16.26127596013248">
        <ele>364.89999999999998</ele>
      </trkpt>
      <trkpt lat="28.510477021336555" lon="-16.261240001767874">
        <ele>364.5</ele>
      </trkpt>
      <trkpt lat="28.510451037436724" lon="-16.261246036738157">
        <ele>364.30000000000001</ele>
      </trkpt>
      <trkpt lat="28.510410971939564" lon="-16.26125399954617">
        <ele>362.89999999999998</ele>
      </trkpt>
      <trkpt lat="28.510334026068449" lon="-16.261286018416286">
        <ele>361.10000000000002</ele>
      </trkpt>
      <trkpt lat="28.510293960571289" lon="-16.261287024244666">
        <ele>359.10000000000002</ele>
      </trkpt>
      <trkpt lat="28.510242998600006" lon="-16.261280989274383">
        <ele>358.69999999999999</ele>
      </trkpt>
      <trkpt lat="28.510175021365285" lon="-16.261284006759524">
        <ele>356.60000000000002</ele>
      </trkpt>
      <trkpt lat="28.510096985846758" lon="-16.261285012587905">
        <ele>356.19999999999999</ele>
      </trkpt>
      <trkpt lat="28.510069996118546" lon="-16.261298004537821">
        <ele>355.69999999999999</ele>
      </trkpt>
      <trkpt lat="28.510022973641753" lon="-16.26131703145802">
        <ele>354.60000000000002</ele>
      </trkpt>
      <trkpt lat="28.509987015277147" lon="-16.261334968730807">
        <ele>354.10000000000002</ele>
      </trkpt>
      <trkpt lat="28.509964970871806" lon="-16.261347038671374">
        <ele>353.89999999999998</ele>
      </trkpt>
      <trkpt lat="28.509977040812373" lon="-16.261332035064697">
        <ele>353.80000000000001</ele>
      </trkpt>
      <trkpt lat="28.510040994733572" lon="-16.261278977617621">
        <ele>352.69999999999999</ele>
      </trkpt>
      <trkpt lat="28.510078964754939" lon="-16.261237990111113">
        <ele>351.19999999999999</ele>
      </trkpt>
      <trkpt lat="28.51010100916028" lon="-16.261206977069378">
        <ele>350.30000000000001</ele>
      </trkpt>
      <trkpt lat="28.510104026645422" lon="-16.261195996776223">
        <ele>349.10000000000002</ele>
      </trkpt>
      <trkpt lat="28.510078964754939" lon="-16.261194990947843">
        <ele>348.60000000000002</ele>
      </trkpt>
      <trkpt lat="28.510045018047094" lon="-16.261186022311449">
        <ele>347.39999999999998</ele>
      </trkpt>
      <trkpt lat="28.510011993348598" lon="-16.261176969856024">
        <ele>346.80000000000001</ele>
      </trkpt>
      <trkpt lat="28.509999001398683" lon="-16.261174036189914">
        <ele>346.80000000000001</ele>
      </trkpt>
      <trkpt lat="28.509938986971974" lon="-16.26116699539125">
        <ele>346.80000000000001</ele>
      </trkpt>
      <trkpt lat="28.509927000850439" lon="-16.261150985956192">
        <ele>344.89999999999998</ele>
      </trkpt>
      <trkpt lat="28.509902022778988" lon="-16.261163977906108">
        <ele>345.30000000000001</ele>
      </trkpt>
      <trkpt lat="28.509876038879156" lon="-16.261164983734488">
        <ele>344.39999999999998</ele>
      </trkpt>
      <trkpt lat="28.509763972833753" lon="-16.261174036189914">
        <ele>344.69999999999999</ele>
      </trkpt>
      <trkpt lat="28.509631035849452" lon="-16.261185016483068">
        <ele>340.69999999999999</ele>
      </trkpt>
      <trkpt lat="28.509574038907886" lon="-16.261208988726139">
        <ele>340.30000000000001</ele>
      </trkpt>
      <trkpt lat="28.509503966197371" lon="-16.261258022859693">
        <ele>338.89999999999998</ele>
      </trkpt>
      <trkpt lat="28.509431965649128" lon="-16.26131602562964">
        <ele>338.10000000000002</ele>
      </trkpt>
      <trkpt lat="28.509407993406057" lon="-16.26131996512413">
        <ele>337.5</ele>
      </trkpt>
      <trkpt lat="28.509406987577677" lon="-16.261281995102763">
        <ele>336</ele>
      </trkpt>
      <trkpt lat="28.509388966485858" lon="-16.261258022859693">
        <ele>335.69999999999999</ele>
      </trkpt>
      <trkpt lat="28.509344961494207" lon="-16.261257017031312">
        <ele>335.60000000000002</ele>
      </trkpt>
      <trkpt lat="28.509247982874513" lon="-16.261257017031312">
        <ele>335.39999999999998</ele>
      </trkpt>
      <trkpt lat="28.5092209931463" lon="-16.261227009817958">
        <ele>335.10000000000002</ele>
      </trkpt>
      <trkpt lat="28.509173970669508" lon="-16.261163977906108">
        <ele>333.89999999999998</ele>
      </trkpt>
      <trkpt lat="28.509115967899561" lon="-16.261155009269714">
        <ele>332.60000000000002</ele>
      </trkpt>
      <trkpt lat="28.509099958464503" lon="-16.261152997612953">
        <ele>331.80000000000001</ele>
      </trkpt>
      <trkpt lat="28.509062994271517" lon="-16.261122990399599">
        <ele>332.30000000000001</ele>
      </trkpt>
      <trkpt lat="28.509031981229782" lon="-16.261120978742838">
        <ele>331.39999999999998</ele>
      </trkpt>
      <trkpt lat="28.50898495875299" lon="-16.261098012328148">
        <ele>331.80000000000001</ele>
      </trkpt>
      <trkpt lat="28.508954029530287" lon="-16.261078985407948">
        <ele>331.89999999999998</ele>
      </trkpt>
      <trkpt lat="28.50889896042645" lon="-16.261036992073059">
        <ele>330.10000000000002</ele>
      </trkpt>
      <trkpt lat="28.508861996233463" lon="-16.261008996516466">
        <ele>328.89999999999998</ele>
      </trkpt>
      <trkpt lat="28.508849004283547" lon="-16.261022994294763">
        <ele>327.69999999999999</ele>
      </trkpt>
      <trkpt lat="28.508857972919941" lon="-16.261054007336497">
        <ele>326.89999999999998</ele>
      </trkpt>
      <trkpt lat="28.508882028982043" lon="-16.261088959872723">
        <ele>325.89999999999998</ele>
      </trkpt>
      <trkpt lat="28.508881023153663" lon="-16.261109998449683">
        <ele>325.30000000000001</ele>
      </trkpt>
      <trkpt lat="28.50887599401176" lon="-16.26112399622798">
        <ele>325.19999999999999</ele>
      </trkpt>
      <trkpt lat="28.508841041475534" lon="-16.261086026206613">
        <ele>325.5</ele>
      </trkpt>
      <trkpt lat="28.508793013170362" lon="-16.261072028428316">
        <ele>323.19999999999999</ele>
      </trkpt>
      <trkpt lat="28.508710032328963" lon="-16.261016959324479">
        <ele>322</ele>
      </trkpt>
      <trkpt lat="28.508626967668533" lon="-16.260981000959873">
        <ele>320</ele>
      </trkpt>
      <trkpt lat="28.508547004312277" lon="-16.26093003898859">
        <ele>319</ele>
      </trkpt>
      <trkpt lat="28.508483972400427" lon="-16.260893996804953">
        <ele>317.30000000000001</ele>
      </trkpt>
      <trkpt lat="28.508437033742666" lon="-16.260897014290094">
        <ele>315.89999999999998</ele>
      </trkpt>
      <trkpt lat="28.508415995165706" lon="-16.260875975713134">
        <ele>315.5</ele>
      </trkpt>
      <trkpt lat="28.508389005437493" lon="-16.260855020955205">
        <ele>314.60000000000002</ele>
      </trkpt>
      <trkpt lat="28.508353969082236" lon="-16.26084697432816">
        <ele>313.80000000000001</ele>
      </trkpt>
      <trkpt lat="28.508308036252856" lon="-16.260848985984921">
        <ele>313.10000000000002</ele>
      </trkpt>
      <trkpt lat="28.508260007947683" lon="-16.260870024561882">
        <ele>312</ele>
      </trkpt>
      <trkpt lat="28.508225977420807" lon="-16.260873964056373">
        <ele>311.39999999999998</ele>
      </trkpt>
      <trkpt lat="28.508182978257537" lon="-16.260861977934837">
        <ele>311.5</ele>
      </trkpt>
      <trkpt lat="28.508135033771396" lon="-16.26082300208509">
        <ele>310.30000000000001</ele>
      </trkpt>
      <trkpt lat="28.508113995194435" lon="-16.260786959901452">
        <ele>308.5</ele>
      </trkpt>
      <trkpt lat="28.508054986596107" lon="-16.260739015415311">
        <ele>307.89999999999998</ele>
      </trkpt>
      <trkpt lat="28.507993966341019" lon="-16.260690987110138">
        <ele>307.5</ele>
      </trkpt>
      <trkpt lat="28.507955996319652" lon="-16.260638013482094">
        <ele>306.69999999999999</ele>
      </trkpt>
      <trkpt lat="28.507941998541355" lon="-16.260605994611979">
        <ele>299.10000000000002</ele>
      </trkpt>
      <trkpt lat="28.507919032126665" lon="-16.260594008490443">
        <ele>298.80000000000001</ele>
      </trkpt>
      <trkpt lat="28.507863041013479" lon="-16.260596020147204">
        <ele>298</ele>
      </trkpt>
      <trkpt lat="28.507786011323333" lon="-16.260581016540527">
        <ele>296.60000000000002</ele>
      </trkpt>
      <trkpt lat="28.507747035473585" lon="-16.260555032640696">
        <ele>295.39999999999998</ele>
      </trkpt>
      <trkpt lat="28.507704958319664" lon="-16.260533994063735">
        <ele>295.19999999999999</ele>
      </trkpt>
      <trkpt lat="28.507662964984775" lon="-16.260504992678761">
        <ele>294.10000000000002</ele>
      </trkpt>
      <trkpt lat="28.507627006620169" lon="-16.260484959930182">
        <ele>293.19999999999999</ele>
      </trkpt>
      <trkpt lat="28.507495997473598" lon="-16.260441038757563">
        <ele>289.89999999999998</ele>
      </trkpt>
      <trkpt lat="28.507446963340044" lon="-16.260420000180602">
        <ele>289.60000000000002</ele>
      </trkpt>
      <trkpt lat="28.507401030510664" lon="-16.260404996573925">
        <ele>288.60000000000002</ele>
      </trkpt>
      <trkpt lat="28.507344033569098" lon="-16.260380018502474">
        <ele>287.69999999999999</ele>
      </trkpt>
      <trkpt lat="28.507297011092305" lon="-16.260385969653726">
        <ele>287.39999999999998</ele>
      </trkpt>
      <trkpt lat="28.507263986393809" lon="-16.26037398353219">
        <ele>285.80000000000001</ele>
      </trkpt>
      <trkpt lat="28.507216041907668" lon="-16.260361997410655">
        <ele>285.5</ele>
      </trkpt>
      <trkpt lat="28.507147980853915" lon="-16.260366020724177">
        <ele>284.10000000000002</ele>
      </trkpt>
      <trkpt lat="28.507055025547743" lon="-16.260344982147217">
        <ele>281.19999999999999</ele>
      </trkpt>
      <trkpt lat="28.507000040262938" lon="-16.260345987975597">
        <ele>280.80000000000001</ele>
      </trkpt>
      <trkpt lat="28.50694396533072" lon="-16.260342970490456">
        <ele>280.5</ele>
      </trkpt>
      <trkpt lat="28.506914963945746" lon="-16.260340036824346">
        <ele>279.5</ele>
      </trkpt>
      <trkpt lat="28.506888980045915" lon="-16.260346993803978">
        <ele>279.39999999999998</ele>
      </trkpt>
      <trkpt lat="28.506865007802844" lon="-16.26039301045239">
        <ele>279</ele>
      </trkpt>
      <trkpt lat="28.506843969225883" lon="-16.260427962988615">
        <ele>278.5</ele>
      </trkpt>
      <trkpt lat="28.506805999204516" lon="-16.260454030707479">
        <ele>277.69999999999999</ele>
      </trkpt>
      <trkpt lat="28.506712960079312" lon="-16.260483032092452">
        <ele>276.60000000000002</ele>
      </trkpt>
      <trkpt lat="28.506623022258282" lon="-16.260493006557226">
        <ele>273.69999999999999</ele>
      </trkpt>
      <trkpt lat="28.506496958434582" lon="-16.260499963536859">
        <ele>271.10000000000002</ele>
      </trkpt>
      <trkpt lat="28.506424035876989" lon="-16.2605220079422">
        <ele>270</ele>
      </trkpt>
      <trkpt lat="28.506393022835255" lon="-16.260542962700129">
        <ele>268.30000000000001</ele>
      </trkpt>
      <trkpt lat="28.506355974823236" lon="-16.260524019598961">
        <ele>267</ele>
      </trkpt>
      <trkpt lat="28.506284980103374" lon="-16.260530976578593">
        <ele>268.30000000000001</ele>
      </trkpt>
      <trkpt lat="28.506223037838936" lon="-16.26054497435689">
        <ele>267.10000000000002</ele>
      </trkpt>
      <trkpt lat="28.506127987056971" lon="-16.260577999055386">
        <ele>264.5</ele>
      </trkpt>
      <trkpt lat="28.506074007600546" lon="-16.260567018762231">
        <ele>264.19999999999999</ele>
      </trkpt>
      <trkpt lat="28.506053974851966" lon="-16.26054598018527">
        <ele>264.19999999999999</ele>
      </trkpt>
      <trkpt lat="28.506017010658979" lon="-16.260487977415323">
        <ele>265</ele>
      </trkpt>
      <trkpt lat="28.505988009274006" lon="-16.260433997958899">
        <ele>264.5</ele>
      </trkpt>
      <trkpt lat="28.505938975140452" lon="-16.260369038209319">
        <ele>267.19999999999999</ele>
      </trkpt>
      <trkpt lat="28.505878038704395" lon="-16.260326961055398">
        <ele>266</ele>
      </trkpt>
      <trkpt lat="28.505797991529107" lon="-16.260269964113832">
        <ele>265.30000000000001</ele>
      </trkpt>
      <trkpt lat="28.505649967119098" lon="-16.260173991322517">
        <ele>261.89999999999998</ele>
      </trkpt>
      <trkpt lat="28.505595987662673" lon="-16.260138032957911">
        <ele>260.69999999999999</ele>
      </trkpt>
      <trkpt lat="28.505557011812925" lon="-16.260077012702823">
        <ele>259.60000000000002</ele>
      </trkpt>
      <trkpt lat="28.505505966022611" lon="-16.260035019367933">
        <ele>259.19999999999999</ele>
      </trkpt>
      <trkpt lat="28.505432959645987" lon="-16.259971987456083">
        <ele>257.19999999999999</ele>
      </trkpt>
      <trkpt lat="28.505304967984557" lon="-16.259863022714853">
        <ele>253.80000000000001</ele>
      </trkpt>
      <trkpt lat="28.505265992134809" lon="-16.259843995794654">
        <ele>253.40000000000001</ele>
      </trkpt>
      <trkpt lat="28.505193991586566" lon="-16.259851958602667">
        <ele>249.80000000000001</ele>
      </trkpt>
      <trkpt lat="28.505161972716451" lon="-16.259851036593318">
        <ele>249</ele>
      </trkpt>
      <trkpt lat="28.505130959674716" lon="-16.259823041036725">
        <ele>248.59999999999999</ele>
      </trkpt>
      <trkpt lat="28.505102964118123" lon="-16.25981499440968">
        <ele>247.30000000000001</ele>
      </trkpt>
      <trkpt lat="28.505087038502097" lon="-16.259845001623034">
        <ele>245.69999999999999</ele>
      </trkpt>
      <trkpt lat="28.505049990490079" lon="-16.259817006066442">
        <ele>245.5</ele>
      </trkpt>
      <trkpt lat="28.505004979670048" lon="-16.2597949616611">
        <ele>243.69999999999999</ele>
      </trkpt>
      <trkpt lat="28.504957035183907" lon="-16.259805019944906">
        <ele>242.40000000000001</ele>
      </trkpt>
      <trkpt lat="28.504874976351857" lon="-16.259794039651752">
        <ele>241.19999999999999</ele>
      </trkpt>
      <trkpt lat="28.5048140399158" lon="-16.259751040488482">
        <ele>240.5</ele>
      </trkpt>
      <trkpt lat="28.50472996942699" lon="-16.259708041325212">
        <ele>239.09999999999999</ele>
      </trkpt>
      <trkpt lat="28.504688981920481" lon="-16.259652972221375">
        <ele>239.09999999999999</ele>
      </trkpt>
      <trkpt lat="28.504661992192268" lon="-16.259608967229724">
        <ele>236.69999999999999</ele>
      </trkpt>
      <trkpt lat="28.504583034664392" lon="-16.259610978886485">
        <ele>236.40000000000001</ele>
      </trkpt>
      <trkpt lat="28.50453500635922" lon="-16.259608967229724">
        <ele>235.19999999999999</ele>
      </trkpt>
      <trkpt lat="28.504469962790608" lon="-16.259617013856769">
        <ele>234.59999999999999</ele>
      </trkpt>
      <trkpt lat="28.504381030797958" lon="-16.259627994149923">
        <ele>231.90000000000001</ele>
      </trkpt>
      <trkpt lat="28.50434398278594" lon="-16.259609973058105">
        <ele>232.69999999999999</ele>
      </trkpt>
      <trkpt lat="28.504286985844374" lon="-16.259597986936569">
        <ele>229.90000000000001</ele>
      </trkpt>
      <trkpt lat="28.504210039973259" lon="-16.259581977501512">
        <ele>228.09999999999999</ele>
      </trkpt>
      <trkpt lat="28.504135021939874" lon="-16.259549036622047">
        <ele>227.30000000000001</ele>
      </trkpt>
      <trkpt lat="28.503964031115174" lon="-16.259463038295507">
        <ele>223.5</ele>
      </trkpt>
      <trkpt lat="28.50389102473855" lon="-16.259441999718547">
        <ele>221.80000000000001</ele>
      </trkpt>
      <trkpt lat="28.503811983391643" lon="-16.25938500277698">
        <ele>219.30000000000001</ele>
      </trkpt>
      <trkpt lat="28.503727996721864" lon="-16.259333034977317">
        <ele>217.59999999999999</ele>
      </trkpt>
      <trkpt lat="28.503687009215355" lon="-16.259309984743595">
        <ele>216.59999999999999</ele>
      </trkpt>
      <trkpt lat="28.503651972860098" lon="-16.259309984743595">
        <ele>214.69999999999999</ele>
      </trkpt>
      <trkpt lat="28.50363202393055" lon="-16.25931803137064">
        <ele>214.09999999999999</ele>
      </trkpt>
      <trkpt lat="28.503614002838731" lon="-16.259349966421723">
        <ele>213.69999999999999</ele>
      </trkpt>
      <trkpt lat="28.503595981746912" lon="-16.259356001392007">
        <ele>214</ele>
      </trkpt>
      <trkpt lat="28.503576032817364" lon="-16.259350972250104">
        <ele>214.09999999999999</ele>
      </trkpt>
      <trkpt lat="28.503538984805346" lon="-16.259331023320556">
        <ele>214.19999999999999</ele>
      </trkpt>
      <trkpt lat="28.503457009792328" lon="-16.259257011115551">
        <ele>212.69999999999999</ele>
      </trkpt>
      <trkpt lat="28.50337402895093" lon="-16.259155003353953">
        <ele>211</ele>
      </trkpt>
      <trkpt lat="28.503329018130898" lon="-16.259043021127582">
        <ele>206.80000000000001</ele>
      </trkpt>
      <trkpt lat="28.503315020352602" lon="-16.259009996429086">
        <ele>204.19999999999999</ele>
      </trkpt>
      <trkpt lat="28.503273027017713" lon="-16.25897797755897">
        <ele>208</ele>
      </trkpt>
      <trkpt lat="28.503203960135579" lon="-16.258935984224081">
        <ele>207.90000000000001</ele>
      </trkpt>
      <trkpt lat="28.503164984285831" lon="-16.258921986445785">
        <ele>207</ele>
      </trkpt>
      <trkpt lat="28.503115028142929" lon="-16.258902959525585">
        <ele>205.80000000000001</ele>
      </trkpt>
      <trkpt lat="28.503100024536252" lon="-16.258886028081179">
        <ele>205.30000000000001</ele>
      </trkpt>
      <trkpt lat="28.503102036193013" lon="-16.258872030302882">
        <ele>205.09999999999999</ele>
      </trkpt>
      <trkpt lat="28.503114022314548" lon="-16.258870018646121">
        <ele>205.19999999999999</ele>
      </trkpt>
      <trkpt lat="28.503132965415716" lon="-16.258877981454134">
        <ele>204.59999999999999</ele>
      </trkpt>
      <trkpt lat="28.503150986507535" lon="-16.258877981454134">
        <ele>204.09999999999999</ele>
      </trkpt>
      <trkpt lat="28.50318300537765" lon="-16.258874963968992">
        <ele>204.19999999999999</ele>
      </trkpt>
      <trkpt lat="28.503189962357283" lon="-16.25886901281774">
        <ele>203.80000000000001</ele>
      </trkpt>
      <trkpt lat="28.503184011206031" lon="-16.258855015039444">
        <ele>203.40000000000001</ele>
      </trkpt>
      <trkpt lat="28.503160960972309" lon="-16.258837999776006">
        <ele>203.09999999999999</ele>
      </trkpt>
      <trkpt lat="28.503130031749606" lon="-16.258813021704555">
        <ele>202.80000000000001</ele>
      </trkpt>
      <trkpt lat="28.503089966252446" lon="-16.258779997006059">
        <ele>201.40000000000001</ele>
      </trkpt>
      <trkpt lat="28.503044033423066" lon="-16.258724005892873">
        <ele>199.59999999999999</ele>
      </trkpt>
      <trkpt lat="28.503006985411048" lon="-16.258707996457815">
        <ele>198.59999999999999</ele>
      </trkpt>
      <trkpt lat="28.502981001511216" lon="-16.258690981194377">
        <ele>198.09999999999999</ele>
      </trkpt>
      <trkpt lat="28.502953005954623" lon="-16.258672960102558">
        <ele>197.69999999999999</ele>
      </trkpt>
      <trkpt lat="28.502917969599366" lon="-16.258648987859488">
        <ele>197</ele>
      </trkpt>
      <trkpt lat="28.502878993749619" lon="-16.258661979809403">
        <ele>196.19999999999999</ele>
      </trkpt>
      <trkpt lat="28.502828031778336" lon="-16.25865401700139">
        <ele>194.5</ele>
      </trkpt>
      <trkpt lat="28.502787966281176" lon="-16.258623003959656">
        <ele>193.19999999999999</ele>
      </trkpt>
      <trkpt lat="28.502757037058473" lon="-16.258625015616417">
        <ele>192.59999999999999</ele>
      </trkpt>
      <trkpt lat="28.502749996259809" lon="-16.258664997294545">
        <ele>192.80000000000001</ele>
      </trkpt>
      <trkpt lat="28.502729963511229" lon="-16.258688969537616">
        <ele>191.30000000000001</ele>
      </trkpt>
      <trkpt lat="28.502712026238441" lon="-16.258648987859488">
        <ele>190.09999999999999</ele>
      </trkpt>
      <trkpt lat="28.502697022631764" lon="-16.258677989244461">
        <ele>190</ele>
      </trkpt>
      <trkpt lat="28.502683024853468" lon="-16.258724005892873">
        <ele>189.09999999999999</ele>
      </trkpt>
      <trkpt lat="28.502655029296875" lon="-16.258793994784355">
        <ele>187.30000000000001</ele>
      </trkpt>
      <trkpt lat="28.502613035961986" lon="-16.258764993399382">
        <ele>186.59999999999999</ele>
      </trkpt>
      <trkpt lat="28.502588979899883" lon="-16.258772034198046">
        <ele>187</ele>
      </trkpt>
      <trkpt lat="28.502572970464826" lon="-16.258808998391032">
        <ele>187.30000000000001</ele>
      </trkpt>
      <trkpt lat="28.502533994615078" lon="-16.258821990340948">
        <ele>188.30000000000001</ele>
      </trkpt>
      <trkpt lat="28.502504993230104" lon="-16.258886028081179">
        <ele>188.40000000000001</ele>
      </trkpt>
      <trkpt lat="28.502500969916582" lon="-16.258917041122913">
        <ele>187.90000000000001</ele>
      </trkpt>
      <trkpt lat="28.502455037087202" lon="-16.258990969508886">
        <ele>187.90000000000001</ele>
      </trkpt>
      <trkpt lat="28.502437015995383" lon="-16.259030029177666">
        <ele>187.40000000000001</ele>
      </trkpt>
      <trkpt lat="28.502425029873848" lon="-16.25908300280571">
        <ele>186</ele>
      </trkpt>
      <trkpt lat="28.502384964376688" lon="-16.259151985868812">
        <ele>187.30000000000001</ele>
      </trkpt>
      <trkpt lat="28.502310030162334" lon="-16.259230021387339">
        <ele>187.90000000000001</ele>
      </trkpt>
      <trkpt lat="28.502264013513923" lon="-16.259335968643427">
        <ele>185.80000000000001</ele>
      </trkpt>
      <trkpt lat="28.502240041270852" lon="-16.259382991120219">
        <ele>185.40000000000001</ele>
      </trkpt>
      <trkpt lat="28.50215395912528" lon="-16.25947100110352">
        <ele>184.80000000000001</ele>
      </trkpt>
      <trkpt lat="28.502116994932294" lon="-16.259466977789998">
        <ele>185.40000000000001</ele>
      </trkpt>
      <trkpt lat="28.502053963020444" lon="-16.259460020810366">
        <ele>186.09999999999999</ele>
      </trkpt>
      <trkpt lat="28.50202496163547" lon="-16.259482987225056">
        <ele>184.90000000000001</ele>
      </trkpt>
      <trkpt lat="28.501995960250497" lon="-16.259506037458777">
        <ele>184</ele>
      </trkpt>
      <trkpt lat="28.501875009387732" lon="-16.259626988321543">
        <ele>181.19999999999999</ele>
      </trkpt>
      <trkpt lat="28.501834021881223" lon="-16.259668981656432">
        <ele>181.5</ele>
      </trkpt>
      <trkpt lat="28.501810971647501" lon="-16.259688008576632">
        <ele>181.5</ele>
      </trkpt>
      <trkpt lat="28.501781970262527" lon="-16.259709969162941">
        <ele>182.69999999999999</ele>
      </trkpt>
      <trkpt lat="28.501745006069541" lon="-16.259723966941237">
        <ele>182.30000000000001</ele>
      </trkpt>
      <trkpt lat="28.501692032441497" lon="-16.259724972769618">
        <ele>182.40000000000001</ele>
      </trkpt>
      <trkpt lat="28.501653978601098" lon="-16.259725978597999">
        <ele>182.40000000000001</ele>
      </trkpt>
      <trkpt lat="28.501515006646514" lon="-16.25972799025476">
        <ele>181.40000000000001</ele>
      </trkpt>
      <trkpt lat="28.501487011089921" lon="-16.25972899608314">
        <ele>180.80000000000001</ele>
      </trkpt>
      <trkpt lat="28.501448035240173" lon="-16.259733019396663">
        <ele>180.80000000000001</ele>
      </trkpt>
      <trkpt lat="28.501412998884916" lon="-16.259736958891153">
        <ele>180.5</ele>
      </trkpt>
      <trkpt lat="28.501377962529659" lon="-16.259745005518198">
        <ele>179.59999999999999</ele>
      </trkpt>
      <trkpt lat="28.50135600194335" lon="-16.259750034660101">
        <ele>178.80000000000001</ele>
      </trkpt>
      <trkpt lat="28.501315014436841" lon="-16.259760009124875">
        <ele>177.90000000000001</ele>
      </trkpt>
      <trkpt lat="28.501288024708629" lon="-16.259793033823371">
        <ele>176.69999999999999</ele>
      </trkpt>
      <trkpt lat="28.501273021101952" lon="-16.259812982752919">
        <ele>176.40000000000001</ele>
      </trkpt>
      <trkpt lat="28.501262040808797" lon="-16.259852964431047">
        <ele>175.5</ele>
      </trkpt>
      <trkpt lat="28.501233961433172" lon="-16.259884983301163">
        <ele>174.90000000000001</ele>
      </trkpt>
      <trkpt lat="28.501202026382089" lon="-16.259913984686136">
        <ele>174.19999999999999</ele>
      </trkpt>
      <trkpt lat="28.501170007511973" lon="-16.259938040748239">
        <ele>174.19999999999999</ele>
      </trkpt>
      <trkpt lat="28.501130025833845" lon="-16.259967964142561">
        <ele>173.69999999999999</ele>
      </trkpt>
      <trkpt lat="28.501036986708641" lon="-16.260059997439384">
        <ele>171.59999999999999</ele>
      </trkpt>
      <trkpt lat="28.500983007252216" lon="-16.260110959410667">
        <ele>171.40000000000001</ele>
      </trkpt>
      <trkpt lat="28.50096900947392" lon="-16.26013602130115">
        <ele>170.69999999999999</ele>
      </trkpt>
      <trkpt lat="28.500936990603805" lon="-16.260153958573937">
        <ele>169.80000000000001</ele>
      </trkpt>
      <trkpt lat="28.50088401697576" lon="-16.260214978829026">
        <ele>168.5</ele>
      </trkpt>
      <trkpt lat="28.500834982842207" lon="-16.260249009355903">
        <ele>167</ele>
      </trkpt>
      <trkpt lat="28.500792989507318" lon="-16.260273987427354">
        <ele>166.09999999999999</ele>
      </trkpt>
      <trkpt lat="28.500724006444216" lon="-16.260297959670424">
        <ele>166.09999999999999</ele>
      </trkpt>
      <trkpt lat="28.500702967867255" lon="-16.260310029610991">
        <ele>165.5</ele>
      </trkpt>
      <trkpt lat="28.500675978139043" lon="-16.260332996025681">
        <ele>164.69999999999999</ele>
      </trkpt>
      <trkpt lat="28.500659968703985" lon="-16.260340036824346">
        <ele>164.80000000000001</ele>
      </trkpt>
      <trkpt lat="28.500541029497981" lon="-16.260390998795629">
        <ele>163.30000000000001</ele>
      </trkpt>
      <trkpt lat="28.500483026728034" lon="-16.260431986302137">
        <ele>161.59999999999999</ele>
      </trkpt>
      <trkpt lat="28.500450002029538" lon="-16.260445984080434">
        <ele>160.80000000000001</ele>
      </trkpt>
      <trkpt lat="28.500414965674281" lon="-16.260451013222337">
        <ele>160.59999999999999</ele>
      </trkpt>
      <trkpt lat="28.500339025631547" lon="-16.260476997122169">
        <ele>159.69999999999999</ele>
      </trkpt>
      <trkpt lat="28.500329973176122" lon="-16.260488983243704">
        <ele>159.30000000000001</ele>
      </trkpt>
      <trkpt lat="28.500374983996153" lon="-16.260494012385607">
        <ele>158.09999999999999</ele>
      </trkpt>
      <trkpt lat="28.500416977331042" lon="-16.260498035699129">
        <ele>158.59999999999999</ele>
      </trkpt>
      <trkpt lat="28.500442039221525" lon="-16.260529970750213">
        <ele>156.80000000000001</ele>
      </trkpt>
      <trkpt lat="28.500538012012839" lon="-16.260584034025669">
        <ele>155.09999999999999</ele>
      </trkpt>
      <trkpt lat="28.500574976205826" lon="-16.260604988783598">
        <ele>154.30000000000001</ele>
      </trkpt>
      <trkpt lat="28.500592997297645" lon="-16.260610017925501">
        <ele>153.69999999999999</ele>
      </trkpt>
      <trkpt lat="28.500616969540715" lon="-16.260613035410643">
        <ele>153</ele>
      </trkpt>
      <trkpt lat="28.50062501616776" lon="-16.260623009875417">
        <ele>152.30000000000001</ele>
      </trkpt>
      <trkpt lat="28.500620992854238" lon="-16.260637007653713">
        <ele>152</ele>
      </trkpt>
      <trkpt lat="28.500597020611167" lon="-16.260642036795616">
        <ele>152</ele>
      </trkpt>
      <trkpt lat="28.500573970377445" lon="-16.260642036795616">
        <ele>150.90000000000001</ele>
      </trkpt>
      <trkpt lat="28.500537006184459" lon="-16.260642958804965">
        <ele>150.19999999999999</ele>
      </trkpt>
      <trkpt lat="28.500467017292976" lon="-16.260624015703797">
        <ele>150.69999999999999</ele>
      </trkpt>
      <trkpt lat="28.500438015908003" lon="-16.260623009875417">
        <ele>149.69999999999999</ele>
      </trkpt>
      <trkpt lat="28.500438015908003" lon="-16.260632984340191">
        <ele>149.19999999999999</ele>
      </trkpt>
      <trkpt lat="28.500465005636215" lon="-16.260644970461726">
        <ele>149.59999999999999</ele>
      </trkpt>
      <trkpt lat="28.500471040606499" lon="-16.260647987946868">
        <ele>149.59999999999999</ele>
      </trkpt>
      <trkpt lat="28.500479003414512" lon="-16.260653017088771">
        <ele>149.80000000000001</ele>
      </trkpt>
      <trkpt lat="28.500476991757751" lon="-16.260658968240023">
        <ele>149.40000000000001</ele>
      </trkpt>
      <trkpt lat="28.500458970665932" lon="-16.260661985725164">
        <ele>148.69999999999999</ele>
      </trkpt>
      <trkpt lat="28.500408008694649" lon="-16.260665003210306">
        <ele>147.90000000000001</ele>
      </trkpt>
      <trkpt lat="28.500358974561095" lon="-16.260667014867067">
        <ele>145.40000000000001</ele>
      </trkpt>
      <trkpt lat="28.500309018418193" lon="-16.260685035958886">
        <ele>144.59999999999999</ele>
      </trkpt>
      <trkpt lat="28.50008899345994" lon="-16.260632984340191">
        <ele>140.80000000000001</ele>
      </trkpt>
      <trkpt lat="28.499899981543422" lon="-16.260640025138855">
        <ele>137.30000000000001</ele>
      </trkpt>
      <trkpt lat="28.499807026237249" lon="-16.260689981281757">
        <ele>136.30000000000001</ele>
      </trkpt>
      <trkpt lat="28.499733014032245" lon="-16.260706996545196">
        <ele>135.90000000000001</ele>
      </trkpt>
      <trkpt lat="28.499587001278996" lon="-16.26071403734386">
        <ele>134.69999999999999</ele>
      </trkpt>
      <trkpt lat="28.499450040981174" lon="-16.260514967143536">
        <ele>134.30000000000001</ele>
      </trkpt>
      <trkpt lat="28.499276032671332" lon="-16.260231994092464">
        <ele>133.80000000000001</ele>
      </trkpt>
      <trkpt lat="28.499066988006234" lon="-16.259923037141562">
        <ele>131.90000000000001</ele>
      </trkpt>
      <trkpt lat="28.498989958316088" lon="-16.259854976087809">
        <ele>131.19999999999999</ele>
      </trkpt>
      <trkpt lat="28.498912006616592" lon="-16.259754979982972">
        <ele>130.19999999999999</ele>
      </trkpt>
      <trkpt lat="28.498787032440305" lon="-16.259545013308525">
        <ele>127.59999999999999</ele>
      </trkpt>
      <trkpt lat="28.498685024678707" lon="-16.259357007220387">
        <ele>125.09999999999999</ele>
      </trkpt>
      <trkpt lat="28.498650994151831" lon="-16.259282995015383">
        <ele>123.90000000000001</ele>
      </trkpt>
      <trkpt lat="28.498481009155512" lon="-16.25897797755897">
        <ele>118.09999999999999</ele>
      </trkpt>
      <trkpt lat="28.498408002778888" lon="-16.258865995332599">
        <ele>115.8</ele>
      </trkpt>
      <trkpt lat="28.498357040807605" lon="-16.258836993947625">
        <ele>114.7</ele>
      </trkpt>
      <trkpt lat="28.498270958662033" lon="-16.258821990340948">
        <ele>111.2</ele>
      </trkpt>
      <trkpt lat="28.49821999669075" lon="-16.258821990340948">
        <ele>113.8</ele>
      </trkpt>
      <trkpt lat="28.498165011405945" lon="-16.258715037256479">
        <ele>114.59999999999999</ele>
      </trkpt>
      <trkpt lat="28.498122012242675" lon="-16.258604982867837">
        <ele>115.8</ele>
      </trkpt>
      <trkpt lat="28.498073983937502" lon="-16.258389987051487">
        <ele>115.7</ele>
      </trkpt>
      <trkpt lat="28.498017992824316" lon="-16.258175997063518">
        <ele>117</ele>
      </trkpt>
      <trkpt lat="28.497997038066387" lon="-16.258084969595075">
        <ele>116.8</ele>
      </trkpt>
      <trkpt lat="28.497908022254705" lon="-16.257833009585738">
        <ele>116.3</ele>
      </trkpt>
      <trkpt lat="28.497773995622993" lon="-16.257497984915972">
        <ele>115.5</ele>
      </trkpt>
      <trkpt lat="28.497620020061731" lon="-16.257224986329675">
        <ele>113.40000000000001</ele>
      </trkpt>
      <trkpt lat="28.497491022571921" lon="-16.256994986906648">
        <ele>110.59999999999999</ele>
      </trkpt>
      <trkpt lat="28.497385997325182" lon="-16.256812009960413">
        <ele>108</ele>
      </trkpt>
      <trkpt lat="28.497160021215677" lon="-16.256491988897324">
        <ele>103.3</ele>
      </trkpt>
      <trkpt lat="28.497103024274111" lon="-16.256370032206178">
        <ele>101.3</ele>
      </trkpt>
      <trkpt lat="28.497046027332544" lon="-16.25622502528131">
        <ele>100.3</ele>
      </trkpt>
      <trkpt lat="28.496919963508844" lon="-16.25605596229434">
        <ele>99.5</ele>
      </trkpt>
      <trkpt lat="28.496812004595995" lon="-16.25596895813942">
        <ele>99</ele>
      </trkpt>
      <trkpt lat="28.496644031256437" lon="-16.255872985348105">
        <ele>99.400000000000006</ele>
      </trkpt>
      <trkpt lat="28.49645895883441" lon="-16.255796039476991">
        <ele>98.799999999999997</ele>
      </trkpt>
      <trkpt lat="28.496316969394684" lon="-16.255743987858295">
        <ele>97.400000000000006</ele>
      </trkpt>
      <trkpt lat="28.49619903601706" lon="-16.255710041150451">
        <ele>95.5</ele>
      </trkpt>
      <trkpt lat="28.496128041297197" lon="-16.255703000351787">
        <ele>95</ele>
      </trkpt>
      <trkpt lat="28.49587700329721" lon="-16.25575203448534">
        <ele>93.400000000000006</ele>
      </trkpt>
      <trkpt lat="28.495714981108904" lon="-16.255780030041933">
        <ele>93.299999999999997</ele>
      </trkpt>
      <trkpt lat="28.495536027476192" lon="-16.255792016163468">
        <ele>93.5</ele>
      </trkpt>
      <trkpt lat="28.495385991409421" lon="-16.255791010335088">
        <ele>93.099999999999994</ele>
      </trkpt>
      <trkpt lat="28.495273003354669" lon="-16.255780030041933">
        <ele>92.099999999999994</ele>
      </trkpt>
      <trkpt lat="28.495138976722956" lon="-16.255721021443605">
        <ele>90.400000000000006</ele>
      </trkpt>
      <trkpt lat="28.495026994496584" lon="-16.255671987310052">
        <ele>89.200000000000003</ele>
      </trkpt>
      <trkpt lat="28.494982989504933" lon="-16.255621025338769">
        <ele>88.5</ele>
      </trkpt>
      <trkpt lat="28.494973015040159" lon="-16.255546007305384">
        <ele>86</ele>
      </trkpt>
      <trkpt lat="28.494960023090243" lon="-16.255468977615237">
        <ele>89.099999999999994</ele>
      </trkpt>
      <trkpt lat="28.494917023926973" lon="-16.255436036735773">
        <ele>88.5</ele>
      </trkpt>
      <trkpt lat="28.494811998680234" lon="-16.255405023694038">
        <ele>86.700000000000003</ele>
      </trkpt>
      <trkpt lat="28.49469699896872" lon="-16.255348026752472">
        <ele>84.799999999999997</ele>
      </trkpt>
      <trkpt lat="28.494646036997437" lon="-16.255268985405564">
        <ele>83.799999999999997</ele>
      </trkpt>
      <trkpt lat="28.494618963450193" lon="-16.255178041756153">
        <ele>82.200000000000003</ele>
      </trkpt>
      <trkpt lat="28.49463396705687" lon="-16.255096988752484">
        <ele>81.900000000000006</ele>
      </trkpt>
      <trkpt lat="28.494724994525313" lon="-16.254671020433307">
        <ele>81.400000000000006</ele>
      </trkpt>
      <trkpt lat="28.49473999813199" lon="-16.254583010450006">
        <ele>81.200000000000003</ele>
      </trkpt>
      <trkpt lat="28.494747038930655" lon="-16.25444102101028">
        <ele>80.099999999999994</ele>
      </trkpt>
      <trkpt lat="28.494751984253526" lon="-16.254274975508451">
        <ele>79.099999999999994</ele>
      </trkpt>
      <trkpt lat="28.494770005345345" lon="-16.254060985520482">
        <ele>77.900000000000006</ele>
      </trkpt>
      <trkpt lat="28.494791965931654" lon="-16.253806008026004">
        <ele>76.5</ele>
      </trkpt>
      <trkpt lat="28.494800012558699" lon="-16.253641974180937">
        <ele>77</ele>
      </trkpt>
      <trkpt lat="28.494790038093925" lon="-16.253525968641043">
        <ele>77.799999999999997</ele>
      </trkpt>
      <trkpt lat="28.494726000353694" lon="-16.25334701500833">
        <ele>77.799999999999997</ele>
      </trkpt>
      <trkpt lat="28.49467403255403" lon="-16.253228997811675">
        <ele>78.400000000000006</ele>
      </trkpt>
      <trkpt lat="28.494410002604127" lon="-16.252953987568617">
        <ele>75.700000000000003</ele>
      </trkpt>
      <trkpt lat="28.494297014549375" lon="-16.252854997292161">
        <ele>75.299999999999997</ele>
      </trkpt>
      <trkpt lat="28.493823017925024" lon="-16.252618040889502">
        <ele>73.400000000000006</ele>
      </trkpt>
      <trkpt lat="28.493743976578116" lon="-16.252592978999019">
        <ele>72.700000000000003</ele>
      </trkpt>
      <trkpt lat="28.492849040776491" lon="-16.252368008717895">
        <ele>66.799999999999997</ele>
      </trkpt>
      <trkpt lat="28.492680983617902" lon="-16.252289973199368">
        <ele>65.5</ele>
      </trkpt>
      <trkpt lat="28.492542011663318" lon="-16.252205986529589">
        <ele>64.900000000000006</ele>
      </trkpt>
      <trkpt lat="28.492358028888702" lon="-16.251984033733606">
        <ele>64.200000000000003</ele>
      </trkpt>
      <trkpt lat="28.492146972566843" lon="-16.251766020432115">
        <ele>83.826999999999998</ele>
        <time>2022-09-19T19:09:29Z</time>
      </trkpt>
      <trkpt lat="28.490403033792973" lon="-16.250547040253878">
        <ele>74.623000000000005</ele>
        <time>2022-09-19T19:11:10Z</time>
      </trkpt>
      <trkpt lat="28.489626031368971" lon="-16.249741958454251">
        <ele>70.632999999999996</ele>
        <time>2022-09-19T19:12:19Z</time>
      </trkpt>
      <trkpt lat="28.489244990050793" lon="-16.249597035348415">
        <ele>69.668000000000006</ele>
        <time>2022-09-19T19:12:45Z</time>
      </trkpt>
      <trkpt lat="28.488995041698217" lon="-16.249208031222224">
        <ele>67.641999999999996</ele>
        <time>2022-09-19T19:13:13Z</time>
      </trkpt>
      <trkpt lat="28.488421970978379" lon="-16.248806035146117">
        <ele>65.620999999999995</ele>
        <time>2022-09-19T19:14:12Z</time>
      </trkpt>
      <trkpt lat="28.48809901624918" lon="-16.248626997694373">
        <ele>64.688999999999993</ele>
        <time>2022-09-19T19:14:32Z</time>
      </trkpt>
      <trkpt lat="28.486837958917022" lon="-16.248390041291714">
        <ele>59.606000000000002</ele>
        <time>2022-09-19T19:16:12Z</time>
      </trkpt>
      <trkpt lat="28.483958020806313" lon="-16.246360028162599">
        <ele>46.625999999999998</ele>
        <time>2022-09-19T19:19:39Z</time>
      </trkpt>
      <trkpt lat="28.482927968725562" lon="-16.245273984968662">
        <ele>44.009</ele>
        <time>2022-09-19T19:20:43Z</time>
      </trkpt>
      <trkpt lat="28.482387000694871" lon="-16.244465969502926">
        <ele>43.478999999999999</ele>
        <time>2022-09-19T19:21:24Z</time>
      </trkpt>
      <trkpt lat="28.48195499740541" lon="-16.244167992845178">
        <ele>41.819000000000003</ele>
        <time>2022-09-19T19:21:55Z</time>
      </trkpt>
      <trkpt lat="28.482140991836786" lon="-16.24464500695467">
        <ele>36.811999999999998</ele>
        <time>2022-09-19T19:22:25Z</time>
      </trkpt>
      <trkpt lat="28.481946028769016" lon="-16.244549034163356">
        <ele>35.097999999999999</ele>
        <time>2022-09-19T19:22:41Z</time>
      </trkpt>
      <trkpt lat="28.481436995789409" lon="-16.244184002280235">
        <ele>33.494</ele>
        <time>2022-09-19T19:23:11Z</time>
      </trkpt>
      <trkpt lat="28.480810029432178" lon="-16.243388978764415">
        <ele>28.614000000000001</ele>
        <time>2022-09-19T19:23:51Z</time>
      </trkpt>
      <trkpt lat="28.478828966617584" lon="-16.242767963558435">
        <ele>28.248999999999999</ele>
        <time>2022-09-19T19:25:30Z</time>
      </trkpt>
      <trkpt lat="28.47823997028172" lon="-16.242189025506377">
        <ele>26.882999999999999</ele>
        <time>2022-09-19T19:26:10Z</time>
      </trkpt>
      <trkpt lat="28.478617994114757" lon="-16.242799982428551">
        <ele>32.031999999999996</ele>
        <time>2022-09-19T19:27:02Z</time>
      </trkpt>
      <trkpt lat="28.478338960558176" lon="-16.242894027382135">
        <ele>32.255000000000003</ele>
        <time>2022-09-19T19:27:18Z</time>
      </trkpt>
      <trkpt lat="28.478457983583212" lon="-16.243345979601145">
        <ele>33.207000000000001</ele>
        <time>2022-09-19T19:28:00Z</time>
      </trkpt>
      <trkpt lat="28.477090978994966" lon="-16.245168037712574">
        <ele>33.216999999999999</ele>
        <time>2022-09-19T19:29:30Z</time>
      </trkpt>
      <trkpt lat="28.476015999913216" lon="-16.246109995990992">
        <ele>34.009</ele>
        <time>2022-09-19T19:30:29Z</time>
      </trkpt>
      <trkpt lat="28.474978990852833" lon="-16.246531018987298">
        <ele>33.625999999999998</ele>
        <time>2022-09-19T19:31:14Z</time>
      </trkpt>
      <trkpt lat="28.471558000892401" lon="-16.247122026979923">
        <ele>33.866</ele>
        <time>2022-09-19T19:33:24Z</time>
      </trkpt>
    </trkseg>
  </trk>

</gpx>